Timestamp,Temperature_C,Current_mA,RAM_Free_MB
19:37:46,31.0,1250,63% (4101 MB free)
19:37:47,31.0,1138,64% (4086 MB free)
19:37:48,31.0,1289,63% (4131 MB free)
19:37:49,31.0,1327,64% (4086 MB free)
19:37:50,31.0,1248,64% (4080 MB free)
19:37:51,31.0,1195,63% (4089 MB free)
19:37:52,31.0,1381,63% (4093 MB free)
19:37:53,31.0,1344,63% (4091 MB free)
19:37:54,31.0,1452,63% (4091 MB free)
19:37:55,31.0,1469,63% (4089 MB free)
19:37:56,31.0,1387,64% (4087 MB free)
19:37:57,31.0,1366,63% (4094 MB free)
19:37:58,31.0,1371,63% (4102 MB free)
19:37:59,31.0,1424,63% (4105 MB free)
19:38:00,31.0,1421,63% (4104 MB free)
19:38:01,31.0,1312,63% (4102 MB free)
19:38:02,31.0,1389,63% (4111 MB free)
19:38:03,31.0,1319,63% (4113 MB free)
19:38:04,31.0,1360,63% (4102 MB free)
19:38:05,31.0,1674,63% (4096 MB free)
19:38:06,31.0,1325,63% (4121 MB free)
19:38:07,31.0,1351,63% (4127 MB free)
19:38:08,31.0,1376,63% (4133 MB free)
19:38:09,31.0,1322,63% (4132 MB free)
19:38:10,31.0,1314,63% (4135 MB free)
19:38:11,31.0,1397,63% (4154 MB free)
19:38:12,31.0,1306,63% (4123 MB free)
19:38:13,31.0,1365,63% (4141 MB free)
19:38:14,32.0,1307,63% (4118 MB free)
19:38:15,32.0,1385,63% (4154 MB free)
19:38:16,32.0,1373,63% (4131 MB free)
19:38:17,32.0,1333,63% (4147 MB free)
19:38:18,32.0,1370,63% (4142 MB free)
19:38:19,32.0,1333,63% (4161 MB free)
19:38:20,32.0,1549,63% (4153 MB free)
19:38:21,32.0,1479,63% (4155 MB free)
19:38:22,32.0,1354,63% (4148 MB free)
19:38:23,32.0,1361,63% (4158 MB free)
19:38:25,32.0,1322,63% (4152 MB free)
19:38:26,32.0,1326,63% (4180 MB free)
19:38:27,32.0,1339,63% (4165 MB free)
19:38:28,32.0,1329,63% (4148 MB free)
19:38:29,32.0,1360,63% (4151 MB free)
19:38:30,32.0,1340,63% (4161 MB free)
19:38:31,32.0,1279,63% (4170 MB free)
19:38:32,32.0,1384,63% (4157 MB free)
19:38:33,32.0,1351,63% (4176 MB free)
19:38:34,32.0,1318,63% (4171 MB free)
19:38:35,32.0,1309,63% (4191 MB free)
19:38:36,32.0,1324,63% (4160 MB free)
19:38:37,32.0,1667,63% (4144 MB free)
19:38:38,32.0,1285,63% (4148 MB free)
19:38:39,32.0,1367,63% (4166 MB free)
19:38:40,32.0,1388,63% (4144 MB free)
19:38:41,32.0,1298,63% (4152 MB free)
19:38:42,32.0,1322,63% (4139 MB free)
19:38:43,32.0,1325,63% (4152 MB free)
19:38:44,32.0,1316,63% (4161 MB free)
19:38:45,32.0,1333,63% (4158 MB free)
19:38:46,32.0,1403,63% (4161 MB free)
19:38:47,32.0,1396,62% (4216 MB free)
19:38:48,32.0,1354,62% (4214 MB free)
19:38:49,32.0,1363,62% (4231 MB free)
19:38:50,32.0,1347,62% (4226 MB free)
19:38:51,32.0,1410,62% (4253 MB free)
19:38:52,32.0,1390,62% (4253 MB free)
19:38:53,32.0,1304,62% (4246 MB free)
19:38:54,32.0,1330,62% (4262 MB free)
19:38:55,32.0,1594,62% (4245 MB free)
19:38:56,32.0,1474,62% (4272 MB free)
19:38:57,32.0,1387,62% (4251 MB free)
19:38:58,32.0,1423,62% (4274 MB free)
19:38:59,32.0,1419,62% (4271 MB free)
19:39:00,32.0,1397,62% (4275 MB free)
19:39:01,32.0,1397,62% (4276 MB free)
19:39:02,32.0,1377,62% (4277 MB free)
19:39:03,32.0,1378,62% (4280 MB free)
19:39:04,32.0,1355,62% (4290 MB free)
19:39:05,32.0,1339,62% (4285 MB free)
19:39:07,32.0,1339,62% (4275 MB free)
19:39:08,32.0,1392,62% (4289 MB free)
19:39:09,32.0,1378,62% (4294 MB free)
19:39:10,32.0,1405,62% (4298 MB free)
19:39:11,32.0,1347,62% (4307 MB free)
19:39:12,32.0,1366,62% (4310 MB free)
19:39:13,32.0,1365,62% (4306 MB free)
19:39:14,32.0,1346,61% (4322 MB free)
19:39:15,32.0,1384,61% (4333 MB free)
19:39:16,33.1,1508,61% (4326 MB free)
19:39:17,33.1,1661,61% (4333 MB free)
19:39:18,33.1,1356,61% (4331 MB free)
19:39:19,33.1,1338,61% (4325 MB free)
19:39:20,33.1,1387,62% (4315 MB free)
19:39:21,33.1,1330,61% (4326 MB free)
19:39:22,33.1,1298,61% (4329 MB free)
19:39:23,33.1,1327,61% (4317 MB free)
19:39:24,33.1,1326,61% (4325 MB free)
19:39:25,33.1,1338,61% (4332 MB free)
19:39:26,33.2,1328,61% (4344 MB free)
19:39:27,33.2,1359,61% (4331 MB free)
19:39:28,33.2,1345,61% (4344 MB free)
19:39:29,33.2,1360,61% (4343 MB free)
19:39:30,33.2,1421,61% (4343 MB free)
19:39:31,33.2,1618,61% (4339 MB free)
19:39:32,33.2,1394,61% (4358 MB free)
19:39:33,33.2,1389,61% (4361 MB free)
19:39:34,33.2,1394,61% (4367 MB free)
19:39:35,33.2,1371,61% (4366 MB free)
19:39:36,33.2,1354,61% (4374 MB free)
19:39:37,33.2,1411,61% (4372 MB free)
19:39:38,33.2,1358,61% (4375 MB free)
19:39:39,33.2,1372,61% (4377 MB free)
19:39:40,33.2,1405,61% (4387 MB free)
19:39:41,33.2,1424,61% (4388 MB free)
19:39:42,33.2,1378,61% (4394 MB free)
19:39:43,33.2,1413,61% (4401 MB free)
19:39:44,33.2,1379,61% (4402 MB free)
19:39:45,33.2,1385,61% (4403 MB free)
19:39:46,33.2,1406,61% (4403 MB free)
19:39:47,33.2,1409,61% (4391 MB free)
19:39:48,33.2,1467,61% (4388 MB free)
19:39:50,33.2,1414,61% (4389 MB free)
19:39:51,33.2,1652,61% (4396 MB free)
19:39:52,33.2,1407,61% (4376 MB free)
19:39:53,33.2,1425,61% (4370 MB free)
19:39:54,33.2,1376,61% (4371 MB free)
19:39:55,33.2,1431,61% (4353 MB free)
19:39:56,33.2,1476,61% (4364 MB free)
19:39:57,33.2,1443,61% (4360 MB free)
19:39:58,33.2,1450,61% (4364 MB free)
19:39:59,33.2,1515,61% (4378 MB free)
19:40:00,33.2,1452,61% (4390 MB free)
19:40:01,33.2,1472,61% (4383 MB free)
19:40:02,33.2,1474,61% (4395 MB free)
19:40:03,33.2,1421,61% (4372 MB free)
19:40:04,33.2,1396,61% (4376 MB free)
19:40:05,33.2,1449,61% (4371 MB free)
19:40:06,33.2,1543,61% (4382 MB free)
19:40:07,33.2,1680,61% (4367 MB free)
19:40:08,33.2,1424,61% (4349 MB free)
19:40:09,33.2,1528,61% (4345 MB free)
19:40:10,33.2,1506,61% (4337 MB free)
19:40:11,33.2,1463,61% (4346 MB free)
19:40:12,33.2,1420,61% (4343 MB free)
19:40:13,33.2,1531,61% (4411 MB free)
19:40:14,33.2,1502,61% (4410 MB free)
19:40:15,33.2,1543,61% (4407 MB free)
19:40:16,33.2,1429,61% (4421 MB free)
19:40:17,34.0,1468,61% (4414 MB free)
19:40:18,34.0,1421,61% (4416 MB free)
19:40:19,34.0,1411,60% (4446 MB free)
19:40:20,34.0,1377,60% (4466 MB free)
19:40:21,34.0,1469,60% (4469 MB free)
19:40:22,34.0,1460,60% (4445 MB free)
19:40:23,34.0,1430,60% (4468 MB free)
19:40:24,34.0,1424,60% (4461 MB free)
19:40:25,34.0,1423,60% (4477 MB free)
19:40:26,34.0,1441,60% (4486 MB free)
19:40:27,34.0,1694,60% (4486 MB free)
19:40:28,34.0,1395,60% (4484 MB free)
19:40:29,34.0,1432,60% (4482 MB free)
19:40:30,34.0,1444,60% (4475 MB free)
19:40:31,34.0,1421,60% (4504 MB free)
19:40:32,34.0,1460,60% (4498 MB free)
19:40:34,34.0,1459,60% (4508 MB free)
19:40:35,34.0,1442,60% (4522 MB free)
19:40:36,34.0,1471,60% (4518 MB free)
19:40:37,34.0,1412,60% (4518 MB free)
19:40:38,34.0,1455,60% (4516 MB free)
19:40:39,34.0,1461,60% (4519 MB free)
19:40:40,34.0,1445,60% (4509 MB free)
19:40:41,34.0,1456,60% (4512 MB free)
19:40:42,34.0,1401,60% (4518 MB free)
19:40:43,34.0,1461,60% (4524 MB free)
19:40:44,34.0,1429,60% (4525 MB free)
19:40:45,34.0,1427,60% (4534 MB free)
19:40:46,34.0,1484,60% (4538 MB free)
19:40:47,34.0,1728,60% (4531 MB free)
19:40:48,34.0,1454,60% (4539 MB free)
19:40:49,34.0,1449,60% (4532 MB free)
19:40:50,34.0,1430,60% (4528 MB free)
19:40:51,34.0,1446,60% (4522 MB free)
19:40:52,34.0,1412,60% (4517 MB free)
19:40:53,34.0,1400,60% (4536 MB free)
19:40:54,34.0,1396,60% (4525 MB free)
19:40:55,34.0,1417,60% (4522 MB free)
19:40:56,34.0,1427,60% (4531 MB free)
19:40:57,34.0,1432,60% (4526 MB free)
19:40:58,34.0,1449,60% (4522 MB free)
19:40:59,34.0,1453,60% (4531 MB free)
19:41:00,34.0,1432,60% (4524 MB free)
19:41:01,34.0,1435,60% (4512 MB free)
19:41:02,34.0,1439,60% (4539 MB free)
19:41:03,34.0,1458,60% (4533 MB free)
19:41:04,34.0,1434,60% (4528 MB free)
19:41:05,34.0,1717,59% (4544 MB free)
19:41:06,34.0,1600,60% (4538 MB free)
19:41:07,34.0,1450,60% (4533 MB free)
19:41:08,34.0,1467,60% (4537 MB free)
19:41:09,34.0,1445,60% (4534 MB free)
19:41:10,34.0,1446,60% (4531 MB free)
19:41:11,34.0,1467,59% (4564 MB free)
19:41:12,34.0,1490,59% (4556 MB free)
19:41:13,34.0,1485,59% (4555 MB free)
19:41:14,34.0,1439,59% (4563 MB free)
19:41:15,34.0,1445,59% (4557 MB free)
19:41:17,34.0,1428,59% (4548 MB free)
19:41:18,34.0,1427,59% (4567 MB free)
19:41:19,34.9,1420,59% (4563 MB free)
19:41:20,34.9,1439,59% (4551 MB free)
19:41:21,34.9,1442,59% (4568 MB free)
19:41:22,34.9,1437,59% (4574 MB free)
19:41:23,34.9,1450,59% (4575 MB free)
19:41:24,34.9,1697,59% (4573 MB free)
19:41:25,34.9,1546,59% (4571 MB free)
19:41:26,34.9,1453,59% (4564 MB free)
19:41:27,34.9,1455,59% (4581 MB free)
19:41:28,34.9,1451,59% (4573 MB free)
19:41:29,35.1,1434,59% (4572 MB free)
19:41:30,35.1,1463,59% (4578 MB free)
19:41:31,35.1,1524,59% (4560 MB free)
19:41:32,35.1,1445,59% (4547 MB free)
19:41:33,35.1,1463,59% (4554 MB free)
19:41:34,35.1,1422,59% (4558 MB free)
19:41:35,35.1,1445,59% (4549 MB free)
19:41:36,35.1,1446,59% (4563 MB free)
19:41:37,35.1,1422,59% (4548 MB free)
19:41:38,35.1,1392,60% (4526 MB free)
19:41:39,35.1,1430,59% (4543 MB free)
19:41:40,35.1,1426,59% (4543 MB free)
19:41:41,35.1,1418,60% (4534 MB free)
19:41:42,35.1,1383,59% (4553 MB free)
19:41:43,35.1,1650,60% (4530 MB free)
19:41:44,35.1,1420,59% (4567 MB free)
19:41:45,35.1,1445,59% (4627 MB free)
19:41:46,35.1,1438,59% (4632 MB free)
19:41:47,35.1,1440,59% (4623 MB free)
19:41:48,35.1,1453,59% (4630 MB free)
19:41:49,35.1,1417,59% (4632 MB free)
19:41:50,35.1,1408,58% (4667 MB free)
19:41:51,35.1,1449,59% (4650 MB free)
19:41:52,35.1,1451,58% (4691 MB free)
19:41:53,35.1,1449,58% (4702 MB free)
19:41:54,35.1,1426,58% (4711 MB free)
19:41:55,35.1,1431,58% (4718 MB free)
19:41:56,35.1,1493,58% (4725 MB free)
19:41:57,35.1,1611,58% (4716 MB free)
19:41:58,35.1,1404,58% (4707 MB free)
19:42:00,35.1,1371,58% (4708 MB free)
19:42:01,35.1,1365,58% (4714 MB free)
19:42:02,35.1,1357,58% (4724 MB free)
19:42:03,35.1,1479,58% (4727 MB free)
19:42:04,35.1,1388,58% (4734 MB free)
19:42:05,35.1,1366,58% (4732 MB free)
19:42:06,35.1,1352,58% (4738 MB free)
19:42:07,35.1,1376,58% (4745 MB free)
19:42:08,35.1,1474,58% (4748 MB free)
19:42:09,35.1,1419,58% (4732 MB free)
19:42:10,35.1,1362,58% (4729 MB free)
19:42:11,35.1,1434,58% (4722 MB free)
19:42:12,35.1,1328,58% (4730 MB free)
19:42:13,35.1,1367,58% (4714 MB free)
19:42:14,35.1,1437,58% (4732 MB free)
19:42:15,35.1,1438,58% (4744 MB free)
19:42:16,35.1,1410,58% (4747 MB free)
19:42:17,35.1,1633,58% (4731 MB free)
19:42:18,35.1,1475,58% (4733 MB free)
19:42:19,35.1,1484,58% (4723 MB free)
19:42:20,35.1,1400,58% (4739 MB free)
19:42:21,35.1,1406,58% (4741 MB free)
19:42:22,35.1,1364,58% (4760 MB free)
19:42:23,35.1,1352,58% (4737 MB free)
19:42:24,35.1,1369,58% (4737 MB free)
19:42:25,35.1,1382,58% (4733 MB free)
19:42:26,35.1,1368,58% (4743 MB free)
19:42:27,35.1,1337,58% (4754 MB free)
19:42:28,35.1,1391,58% (4750 MB free)
19:42:29,35.1,1379,58% (4753 MB free)
19:42:30,35.1,1413,58% (4757 MB free)
19:42:31,35.1,1410,58% (4757 MB free)
19:42:32,35.1,1429,58% (4759 MB free)
19:42:33,35.1,1432,58% (4768 MB free)
19:42:34,35.1,1431,57% (4771 MB free)
19:42:35,35.1,1414,58% (4767 MB free)
19:42:36,35.1,1636,58% (4751 MB free)
19:42:37,35.1,1416,58% (4767 MB free)
19:42:38,35.1,1394,57% (4770 MB free)
19:42:39,35.1,1399,57% (4778 MB free)
19:42:40,35.1,1397,58% (4764 MB free)
19:42:42,35.1,1405,58% (4766 MB free)
19:42:43,35.1,1470,57% (4779 MB free)
19:42:44,35.1,1436,57% (4791 MB free)
19:42:45,35.1,1444,57% (4771 MB free)
19:42:46,35.1,1541,57% (4771 MB free)
19:42:47,35.1,1459,57% (4776 MB free)
19:42:48,35.1,1445,57% (4781 MB free)
19:42:49,35.1,1405,57% (4774 MB free)
19:42:50,35.1,1443,58% (4764 MB free)
19:42:51,36.1,1427,58% (4762 MB free)
19:42:52,36.1,1429,58% (4764 MB free)
19:42:53,36.1,1395,58% (4756 MB free)
19:42:54,36.1,1436,58% (4762 MB free)
19:42:55,36.1,1433,57% (4772 MB free)
19:42:56,36.1,1443,58% (4765 MB free)
19:42:57,36.1,1434,58% (4766 MB free)
19:42:58,36.1,1682,58% (4768 MB free)
19:42:59,36.1,1431,57% (4773 MB free)
19:43:00,36.1,1437,57% (4776 MB free)
19:43:01,36.1,1465,57% (4778 MB free)
19:43:02,36.1,1445,58% (4763 MB free)
19:43:03,36.1,1479,57% (4777 MB free)
19:43:04,36.1,1438,57% (4775 MB free)
19:43:05,36.1,1462,57% (4779 MB free)
19:43:06,36.1,1425,57% (4778 MB free)
19:43:07,36.1,1427,57% (4776 MB free)
19:43:08,36.1,1430,58% (4761 MB free)
19:43:09,36.1,1408,58% (4762 MB free)
19:43:10,36.1,1399,58% (4758 MB free)
19:43:11,36.1,1458,57% (4774 MB free)
19:43:12,36.1,1489,58% (4758 MB free)
19:43:13,36.1,1390,58% (4747 MB free)
19:43:14,36.1,1436,58% (4743 MB free)
19:43:15,36.1,1402,58% (4768 MB free)
19:43:16,36.1,1443,58% (4742 MB free)
19:43:17,36.1,1575,58% (4751 MB free)
19:43:18,36.1,1411,57% (4841 MB free)
19:43:19,36.1,1335,57% (4837 MB free)
19:43:20,36.1,1394,57% (4845 MB free)
19:43:21,36.4,1436,57% (4845 MB free)
19:43:22,36.4,1438,57% (4860 MB free)
19:43:24,36.4,1464,57% (4859 MB free)
19:43:25,36.4,1448,57% (4865 MB free)
19:43:26,36.4,1448,57% (4865 MB free)
19:43:27,36.4,1472,57% (4862 MB free)
19:43:28,36.4,1429,57% (4860 MB free)
19:43:29,36.4,1455,57% (4864 MB free)
19:43:30,36.4,1481,57% (4850 MB free)
19:43:31,36.4,1449,57% (4851 MB free)
19:43:32,36.4,1447,57% (4875 MB free)
19:43:33,36.4,1453,57% (4854 MB free)
19:43:34,36.4,1366,57% (4846 MB free)
19:43:35,36.4,1361,57% (4840 MB free)
19:43:36,36.4,1402,57% (4861 MB free)
19:43:37,36.4,1490,57% (4867 MB free)
19:43:38,36.4,1485,57% (4844 MB free)
19:43:39,36.4,1711,57% (4844 MB free)
19:43:40,36.4,1404,57% (4856 MB free)
19:43:41,36.4,1417,57% (4854 MB free)
19:43:42,36.4,1420,57% (4845 MB free)
19:43:43,36.4,1453,57% (4844 MB free)
19:43:44,36.4,1383,57% (4859 MB free)
19:43:45,36.4,1378,57% (4841 MB free)
19:43:46,36.4,1426,57% (4841 MB free)
19:43:47,36.4,1389,57% (4855 MB free)
19:43:48,36.4,1400,57% (4835 MB free)
19:43:49,36.4,1422,57% (4845 MB free)
19:43:50,36.4,1369,57% (4843 MB free)
19:43:51,36.4,1428,57% (4850 MB free)
19:43:52,36.4,1387,57% (4844 MB free)
19:43:53,36.4,1389,57% (4823 MB free)
19:43:54,36.4,1399,57% (4840 MB free)
19:43:55,36.4,1396,56% (4887 MB free)
19:43:56,36.4,1454,56% (4894 MB free)
19:43:57,36.4,1422,56% (4924 MB free)
19:43:58,36.4,1381,56% (4929 MB free)
19:43:59,36.4,1406,56% (4933 MB free)
19:44:00,36.4,1431,56% (4929 MB free)
19:44:01,36.4,1370,56% (4926 MB free)
19:44:02,37.0,1377,56% (4935 MB free)
19:44:03,37.0,1431,56% (4927 MB free)
19:44:04,37.0,1674,56% (4928 MB free)
19:44:06,37.0,1384,56% (4901 MB free)
19:44:07,37.0,1472,56% (4918 MB free)
19:44:08,37.0,1416,56% (4920 MB free)
19:44:09,37.0,1423,56% (4932 MB free)
19:44:10,37.0,1437,56% (4915 MB free)
19:44:11,37.0,1418,56% (4922 MB free)
19:44:12,37.0,1434,56% (4921 MB free)
19:44:13,37.0,1438,56% (4920 MB free)
19:44:14,37.0,1433,56% (4923 MB free)
19:44:15,37.0,1430,56% (4910 MB free)
19:44:16,37.0,1384,56% (4913 MB free)
19:44:17,37.0,1442,56% (4907 MB free)
19:44:18,37.0,1371,56% (4909 MB free)
19:44:19,37.0,1371,56% (4912 MB free)
19:44:20,37.0,1395,56% (4910 MB free)
19:44:21,37.0,1417,56% (4908 MB free)
19:44:22,37.0,1387,56% (4914 MB free)
19:44:23,37.0,1415,56% (4918 MB free)
19:44:24,37.0,1426,56% (4935 MB free)
19:44:25,37.0,1671,56% (4931 MB free)
19:44:26,37.0,1445,56% (4924 MB free)
19:44:27,37.0,1459,56% (4914 MB free)
19:44:28,37.0,1403,56% (4925 MB free)
19:44:29,37.0,1412,56% (4912 MB free)
19:44:30,37.0,1426,56% (4912 MB free)
19:44:31,37.0,1387,56% (4910 MB free)
19:44:32,37.0,1387,56% (4915 MB free)
19:44:33,37.0,1362,56% (4922 MB free)
19:44:34,37.0,1421,56% (4926 MB free)
19:44:35,37.0,1367,56% (4929 MB free)
19:44:36,37.0,1393,56% (4932 MB free)
19:44:37,37.0,1360,56% (4933 MB free)
19:44:38,37.0,1633,56% (4934 MB free)
19:44:39,37.0,1660,56% (4929 MB free)
19:44:40,37.0,1390,56% (4923 MB free)
19:44:41,37.0,1391,56% (4930 MB free)
19:44:42,37.0,1365,56% (4921 MB free)
19:44:43,37.0,1489,56% (4928 MB free)
19:44:44,37.0,1471,56% (4935 MB free)
19:44:45,37.0,1466,56% (4934 MB free)
19:44:46,37.0,1438,56% (4931 MB free)
19:44:47,37.0,1448,55% (5003 MB free)
19:44:48,37.0,1365,55% (5009 MB free)
19:44:50,37.0,1402,55% (5013 MB free)
19:44:51,37.0,1378,55% (5007 MB free)
19:44:52,37.0,1349,55% (5022 MB free)
19:44:53,37.0,1313,55% (5022 MB free)
19:44:54,37.0,1284,55% (5020 MB free)
19:44:55,37.0,1346,55% (5022 MB free)
19:44:56,37.0,1394,55% (5029 MB free)
19:44:57,37.0,1322,55% (5028 MB free)
19:44:58,37.0,1337,55% (5030 MB free)
19:44:59,37.0,1448,55% (5024 MB free)
19:45:00,37.0,1561,55% (5025 MB free)
19:45:01,37.0,1371,55% (5011 MB free)
19:45:02,37.0,1372,55% (5017 MB free)
19:45:03,37.0,1337,55% (5022 MB free)
19:45:04,37.0,1262,55% (5026 MB free)
19:45:05,37.0,1348,55% (5022 MB free)
19:45:06,37.0,1356,55% (5020 MB free)
19:45:07,37.0,1322,55% (5010 MB free)
19:45:08,37.0,1343,55% (5026 MB free)
19:45:09,37.0,1272,55% (5028 MB free)
19:45:10,37.0,1321,55% (5033 MB free)
19:45:11,37.0,1636,55% (5040 MB free)
19:45:12,37.0,1162,55% (5043 MB free)
19:45:13,37.0,1354,55% (5048 MB free)
19:45:14,37.0,1346,55% (5035 MB free)
19:45:15,37.0,1342,55% (5029 MB free)
19:45:16,37.0,1277,55% (5028 MB free)
19:45:17,37.0,1275,55% (5043 MB free)
19:45:18,37.0,1328,55% (5035 MB free)
19:45:19,37.0,1346,55% (5031 MB free)
19:45:20,37.0,1570,55% (5003 MB free)
19:45:21,37.0,1415,55% (5007 MB free)
19:45:22,37.0,1362,55% (5028 MB free)
19:45:23,37.0,1373,55% (5004 MB free)
19:45:24,37.7,1402,55% (5024 MB free)
19:45:25,37.7,1368,54% (5122 MB free)
19:45:26,37.7,1385,54% (5187 MB free)
19:45:27,37.7,1564,54% (5163 MB free)
19:45:28,37.7,1553,54% (5143 MB free)
19:45:29,37.7,1550,54% (5177 MB free)
19:45:30,37.7,1365,54% (5149 MB free)
19:45:31,37.7,1425,54% (5152 MB free)
19:45:32,37.7,1692,54% (5137 MB free)
19:45:33,37.7,1427,54% (5130 MB free)
19:45:34,37.7,1412,54% (5126 MB free)
19:45:36,37.7,1401,54% (5131 MB free)
19:45:37,37.7,1388,54% (5132 MB free)
19:45:38,37.7,1366,54% (5134 MB free)
19:45:39,37.7,1388,54% (5143 MB free)
19:45:40,37.7,1354,54% (5141 MB free)
19:45:41,37.7,1367,54% (5149 MB free)
19:45:42,37.7,1337,54% (5152 MB free)
19:45:43,37.7,1331,54% (5151 MB free)
19:45:44,37.7,1364,54% (5156 MB free)
19:45:45,37.7,1312,54% (5156 MB free)
19:45:46,37.7,1254,54% (5165 MB free)
19:45:47,37.7,1351,54% (5164 MB free)
19:45:48,37.7,1051,54% (5175 MB free)
19:45:49,37.7,1094,54% (5180 MB free)
19:45:50,37.7,1150,54% (5173 MB free)
19:45:51,37.7,1108,54% (5169 MB free)
19:45:52,37.7,1081,54% (5168 MB free)
19:45:53,37.7,1066,54% (5166 MB free)
19:45:54,37.7,1051,54% (5164 MB free)
19:45:55,38.0,1045,54% (5162 MB free)
19:45:56,38.0,1057,54% (5159 MB free)
19:45:57,38.0,1015,54% (5157 MB free)
19:45:58,38.0,1032,54% (5180 MB free)
19:45:59,38.0,1037,54% (5177 MB free)
19:46:00,38.0,1025,54% (5174 MB free)
19:46:01,38.0,1004,54% (5171 MB free)
19:46:02,38.0,997,54% (5168 MB free)
19:46:03,38.0,994,54% (5165 MB free)
19:46:04,38.0,1007,54% (5162 MB free)
19:46:05,38.0,1010,54% (5160 MB free)
19:46:06,38.0,1011,54% (5158 MB free)
19:46:07,38.0,985,54% (5157 MB free)
19:46:08,38.0,987,54% (5155 MB free)
19:46:09,38.0,976,54% (5154 MB free)
19:46:10,38.0,1007,54% (5154 MB free)
19:46:11,38.0,989,54% (5153 MB free)
19:46:12,38.0,1043,54% (5151 MB free)
19:46:13,38.0,994,54% (5167 MB free)
19:46:14,38.0,1001,54% (5164 MB free)
19:46:15,38.0,1001,53% (5237 MB free)
19:46:16,38.0,1069,53% (5231 MB free)
19:46:17,38.0,1042,53% (5231 MB free)
19:46:18,38.0,1065,53% (5229 MB free)
19:46:19,38.0,1015,53% (5226 MB free)
19:46:20,38.0,1104,53% (5227 MB free)
19:46:21,38.0,1019,53% (5225 MB free)
19:46:22,38.0,1009,54% (5224 MB free)
19:46:23,38.0,1047,54% (5220 MB free)
19:46:24,38.0,1032,54% (5218 MB free)
19:46:25,38.0,1018,54% (5217 MB free)
19:46:26,38.0,1009,54% (5220 MB free)
19:46:27,38.0,1348,54% (5217 MB free)
19:46:28,38.0,1155,54% (5213 MB free)
19:46:29,38.0,1037,54% (5211 MB free)
19:46:31,38.0,992,54% (5208 MB free)
19:46:32,38.0,1001,54% (5207 MB free)
19:46:33,38.0,1006,54% (5201 MB free)
19:46:34,38.0,1098,54% (5199 MB free)
19:46:35,38.0,1112,54% (5198 MB free)
19:46:36,38.0,1117,54% (5196 MB free)
19:46:37,38.0,1012,54% (5192 MB free)
19:46:38,38.0,1023,54% (5190 MB free)
19:46:39,38.0,1035,54% (5189 MB free)
19:46:40,38.0,1000,54% (5187 MB free)
19:46:41,38.0,1020,54% (5186 MB free)
19:46:42,38.0,1012,54% (5185 MB free)
19:46:43,38.0,994,54% (5183 MB free)
19:46:44,38.0,985,54% (5182 MB free)
19:46:45,38.0,1004,54% (5180 MB free)
19:46:46,38.0,998,54% (5179 MB free)
19:46:47,37.9,1076,54% (5208 MB free)
19:46:48,37.9,1015,54% (5195 MB free)
19:46:49,37.9,1016,54% (5194 MB free)
19:46:50,37.9,1010,54% (5192 MB free)
19:46:51,37.9,994,54% (5189 MB free)
19:46:52,37.9,1273,54% (5200 MB free)
19:46:53,37.9,1005,54% (5196 MB free)
19:46:54,37.9,1010,54% (5194 MB free)
19:46:55,37.9,1048,54% (5207 MB free)
19:46:56,37.9,992,54% (5202 MB free)
19:46:57,37.9,982,54% (5201 MB free)
19:46:58,37.9,1050,54% (5198 MB free)
19:46:59,37.9,1020,54% (5196 MB free)
19:47:00,37.9,1015,54% (5194 MB free)
19:47:01,37.9,1009,54% (5193 MB free)
19:47:02,37.9,997,54% (5190 MB free)
19:47:03,37.9,1042,54% (5188 MB free)
19:47:04,37.9,1066,54% (5195 MB free)
19:47:05,37.9,1059,54% (5193 MB free)
19:47:06,37.9,1036,54% (5192 MB free)
19:47:07,37.9,1017,54% (5190 MB free)
19:47:08,37.9,1003,54% (5188 MB free)
19:47:09,37.9,1042,54% (5186 MB free)
19:47:10,37.9,989,54% (5184 MB free)
19:47:11,37.9,986,54% (5182 MB free)
19:47:12,37.9,1001,54% (5181 MB free)
19:47:13,37.9,1003,54% (5181 MB free)
19:47:14,37.9,992,54% (5181 MB free)
19:47:15,37.9,998,54% (5180 MB free)
19:47:16,37.9,998,54% (5179 MB free)
19:47:17,37.9,982,54% (5182 MB free)
19:47:18,37.9,1073,54% (5180 MB free)
19:47:19,37.9,1150,54% (5176 MB free)
19:47:20,37.9,1102,54% (5178 MB free)
19:47:21,37.9,1296,54% (5172 MB free)
19:47:22,37.9,1015,54% (5168 MB free)
19:47:23,37.9,1024,54% (5165 MB free)
19:47:24,37.9,1118,54% (5163 MB free)
19:47:25,37.9,1008,54% (5160 MB free)
19:47:26,37.9,1001,54% (5157 MB free)
19:47:28,37.9,985,54% (5156 MB free)
19:47:29,37.9,980,54% (5192 MB free)
19:47:30,37.9,1011,54% (5190 MB free)
19:47:31,37.9,992,54% (5176 MB free)
19:47:32,37.9,997,54% (5174 MB free)
19:47:33,37.9,981,54% (5171 MB free)
19:47:34,37.9,970,54% (5169 MB free)
19:47:35,37.9,1000,54% (5168 MB free)
19:47:36,37.9,998,54% (5165 MB free)
19:47:37,37.9,1023,54% (5163 MB free)
19:47:38,37.9,986,54% (5162 MB free)
19:47:39,37.9,975,54% (5161 MB free)
19:47:40,37.9,972,54% (5160 MB free)
19:47:41,37.9,987,54% (5158 MB free)
19:47:42,37.9,977,54% (5156 MB free)
19:47:43,37.9,967,54% (5155 MB free)
19:47:44,37.9,962,54% (5155 MB free)
19:47:45,37.9,1179,54% (5154 MB free)
19:47:46,37.9,1053,54% (5152 MB free)
19:47:47,37.9,1021,54% (5150 MB free)
19:47:48,37.9,979,54% (5148 MB free)
19:47:49,37.9,1058,54% (5147 MB free)
19:47:50,37.9,976,54% (5145 MB free)
19:47:51,37.9,960,54% (5144 MB free)
19:47:52,37.9,968,54% (5216 MB free)
19:47:53,37.9,1089,54% (5215 MB free)
19:47:54,37.9,985,54% (5213 MB free)
19:47:55,37.9,962,54% (5211 MB free)
19:47:56,37.9,952,54% (5211 MB free)
19:47:57,37.9,965,54% (5208 MB free)
19:47:58,37.9,961,54% (5207 MB free)
19:47:59,37.9,967,54% (5207 MB free)
19:48:00,37.9,962,54% (5202 MB free)
19:48:01,37.9,1001,54% (5202 MB free)
19:48:02,37.9,981,54% (5198 MB free)
19:48:03,37.9,969,54% (5197 MB free)
19:48:04,37.9,975,54% (5196 MB free)
19:48:05,37.9,974,54% (5191 MB free)
19:48:06,37.9,1011,54% (5190 MB free)
19:48:07,37.9,989,54% (5189 MB free)
19:48:08,37.9,974,54% (5188 MB free)
19:48:09,37.9,1000,54% (5187 MB free)
19:48:10,37.9,974,54% (5187 MB free)
19:48:11,37.9,983,54% (5186 MB free)
19:48:12,37.9,973,54% (5184 MB free)
19:48:13,37.9,1004,54% (5183 MB free)
19:48:14,37.9,1027,54% (5182 MB free)
19:48:15,37.9,1016,54% (5167 MB free)
19:48:16,37.9,1002,54% (5196 MB free)
19:48:17,37.9,1000,54% (5193 MB free)
19:48:18,37.8,1000,54% (5186 MB free)
19:48:19,37.8,1148,53% (5227 MB free)
19:48:20,37.8,1026,53% (5225 MB free)
19:48:21,37.8,995,54% (5224 MB free)
19:48:22,37.8,968,54% (5218 MB free)
19:48:24,37.8,981,54% (5217 MB free)
19:48:25,37.8,982,54% (5216 MB free)
19:48:26,37.8,986,54% (5214 MB free)
19:48:27,37.8,978,54% (5211 MB free)
19:48:28,37.8,978,54% (5210 MB free)
19:48:29,37.8,969,54% (5209 MB free)
19:48:30,37.8,984,54% (5207 MB free)
19:48:31,37.8,969,54% (5204 MB free)
19:48:32,37.8,969,54% (5201 MB free)
19:48:33,37.8,945,54% (5201 MB free)
19:48:34,37.8,956,54% (5200 MB free)
19:48:35,37.8,985,54% (5197 MB free)
19:48:36,37.8,972,54% (5195 MB free)
19:48:37,37.8,967,54% (5193 MB free)
19:48:38,37.8,959,54% (5189 MB free)
19:48:39,37.8,965,54% (5188 MB free)
19:48:40,37.8,981,54% (5186 MB free)
19:48:41,37.8,976,54% (5184 MB free)
19:48:42,37.8,969,54% (5183 MB free)
19:48:43,37.8,984,54% (5183 MB free)
19:48:44,37.8,992,54% (5182 MB free)
19:48:45,37.8,994,54% (5181 MB free)
19:48:46,37.8,986,54% (5181 MB free)
19:48:47,37.8,955,54% (5179 MB free)
19:48:48,37.8,974,54% (5178 MB free)
19:48:49,37.8,971,54% (5176 MB free)
19:48:50,37.8,1002,54% (5216 MB free)
19:48:51,37.8,989,54% (5200 MB free)
19:48:52,37.8,975,54% (5197 MB free)
19:48:53,37.8,965,54% (5197 MB free)
19:48:54,37.8,970,54% (5194 MB free)
19:48:55,37.8,976,54% (5194 MB free)
19:48:56,37.8,979,54% (5192 MB free)
19:48:57,37.8,959,54% (5189 MB free)
19:48:58,37.8,955,54% (5187 MB free)
19:48:59,37.8,950,54% (5186 MB free)
19:49:00,37.8,991,54% (5183 MB free)
19:49:01,37.8,953,54% (5181 MB free)
19:49:02,37.8,963,54% (5181 MB free)
19:49:03,37.8,961,54% (5180 MB free)
19:49:04,37.8,958,54% (5180 MB free)
19:49:05,37.8,985,54% (5179 MB free)
19:49:06,37.8,954,54% (5175 MB free)
19:49:07,37.8,1004,54% (5175 MB free)
19:49:08,37.8,1110,54% (5172 MB free)
19:49:09,37.8,1048,54% (5171 MB free)
19:49:10,37.8,1100,54% (5170 MB free)
19:49:11,37.8,1015,54% (5170 MB free)
19:49:12,37.8,1010,54% (5167 MB free)
19:49:13,37.8,971,54% (5190 MB free)
19:49:14,37.8,970,54% (5179 MB free)
19:49:15,37.8,955,54% (5176 MB free)
19:49:16,37.8,964,54% (5173 MB free)
19:49:17,37.8,970,54% (5168 MB free)
19:49:18,37.8,1099,54% (5166 MB free)
19:49:20,37.8,1001,54% (5162 MB free)
19:49:21,37.8,971,54% (5161 MB free)
19:49:22,37.8,960,54% (5157 MB free)
19:49:23,37.8,957,54% (5155 MB free)
19:49:24,37.8,957,54% (5154 MB free)
19:49:25,37.8,966,54% (5151 MB free)
19:49:26,37.8,983,54% (5150 MB free)
19:49:27,37.8,960,54% (5149 MB free)
19:49:28,37.8,960,54% (5221 MB free)
19:49:29,37.8,957,54% (5218 MB free)
19:49:30,37.8,953,54% (5215 MB free)
19:49:31,37.8,955,54% (5214 MB free)
19:49:32,37.8,937,54% (5212 MB free)
19:49:33,37.8,942,54% (5210 MB free)
19:49:34,37.8,962,54% (5209 MB free)
19:49:35,37.8,967,54% (5208 MB free)
19:49:36,37.8,952,54% (5206 MB free)
19:49:37,37.8,953,54% (5205 MB free)
19:49:38,37.8,956,54% (5204 MB free)
19:49:39,37.8,979,54% (5202 MB free)
19:49:40,37.8,962,54% (5201 MB free)
19:49:41,37.8,921,54% (5199 MB free)
19:49:42,37.8,935,54% (5197 MB free)
19:49:43,37.8,962,54% (5196 MB free)
19:49:44,37.8,946,54% (5200 MB free)
19:49:45,37.8,956,54% (5200 MB free)
19:49:46,37.8,955,54% (5197 MB free)
19:49:47,37.8,991,54% (5198 MB free)
19:49:48,37.8,1027,54% (5197 MB free)
19:49:49,37.8,1078,54% (5194 MB free)
19:49:50,37.8,955,53% (5261 MB free)
19:49:51,37.8,1351,53% (5256 MB free)
19:49:52,37.8,1134,53% (5291 MB free)
19:49:53,37.8,1278,53% (5303 MB free)
19:49:54,37.8,1233,53% (5294 MB free)
19:49:55,37.8,974,53% (5293 MB free)
19:49:56,37.8,970,53% (5290 MB free)
19:49:57,37.8,998,53% (5289 MB free)
19:49:58,37.8,974,53% (5284 MB free)
19:49:59,37.8,1001,53% (5284 MB free)
19:50:00,37.8,999,53% (5282 MB free)
19:50:01,37.8,979,53% (5280 MB free)
19:50:02,37.8,979,53% (5277 MB free)
19:50:03,37.8,967,53% (5276 MB free)
19:50:04,37.8,959,53% (5275 MB free)
19:50:05,37.8,995,53% (5274 MB free)
19:50:06,37.8,990,53% (5273 MB free)
19:50:07,37.8,998,53% (5270 MB free)
19:50:08,37.8,975,53% (5269 MB free)
19:50:09,37.8,963,53% (5269 MB free)
19:50:10,37.8,958,53% (5266 MB free)
19:50:11,37.8,1056,53% (5279 MB free)
19:50:12,37.8,1209,53% (5250 MB free)
19:50:13,37.8,1071,53% (5266 MB free)
19:50:14,37.8,1042,53% (5260 MB free)
19:50:15,37.8,1049,53% (5254 MB free)
19:50:16,37.8,1116,53% (5244 MB free)
19:50:17,37.8,1236,53% (5233 MB free)
19:50:18,37.8,1147,53% (5242 MB free)
19:50:20,37.8,1200,53% (5241 MB free)
19:50:21,37.8,1258,53% (5234 MB free)
19:50:22,37.8,1304,53% (5259 MB free)
19:50:23,37.8,1092,53% (5268 MB free)
19:50:24,37.8,1129,53% (5261 MB free)
19:50:25,37.8,1120,53% (5247 MB free)
19:50:26,37.8,1146,53% (5248 MB free)
19:50:27,37.8,1093,53% (5246 MB free)
19:50:28,37.8,1090,53% (5236 MB free)
19:50:29,37.8,1099,53% (5261 MB free)
19:50:30,37.8,1140,53% (5247 MB free)
19:50:31,37.8,1132,53% (5251 MB free)
19:50:32,37.8,1090,53% (5244 MB free)
19:50:33,37.8,1137,53% (5246 MB free)
19:50:34,37.8,1109,53% (5236 MB free)
19:50:35,37.8,1100,53% (5236 MB free)
19:50:36,37.8,1312,53% (5257 MB free)
19:50:37,37.8,1133,53% (5250 MB free)
19:50:38,37.8,1059,53% (5259 MB free)
19:50:39,37.8,1061,53% (5251 MB free)
19:50:40,37.8,1387,53% (5234 MB free)
19:50:41,37.8,1168,53% (5254 MB free)
19:50:42,37.8,1113,53% (5251 MB free)
19:50:43,37.8,1155,53% (5240 MB free)
19:50:44,37.8,1119,53% (5250 MB free)
19:50:45,37.8,1106,53% (5242 MB free)
19:50:46,37.8,1124,53% (5252 MB free)
19:50:47,37.8,1052,53% (5247 MB free)
19:50:48,37.8,1085,53% (5244 MB free)
19:50:49,37.8,1117,53% (5253 MB free)
19:50:50,37.8,1140,53% (5253 MB free)
19:50:51,37.8,1106,53% (5247 MB free)
19:50:52,37.8,1146,53% (5254 MB free)
19:50:53,37.8,1152,53% (5253 MB free)
19:50:54,37.8,1147,53% (5258 MB free)
19:50:55,37.8,1095,53% (5252 MB free)
19:50:56,37.8,1063,53% (5250 MB free)
19:50:57,37.8,1121,53% (5229 MB free)
19:50:58,37.8,1097,53% (5300 MB free)
19:50:59,37.8,1165,53% (5316 MB free)
19:51:00,37.8,1059,53% (5312 MB free)
19:51:01,37.8,1143,53% (5321 MB free)
19:51:02,37.8,1118,53% (5331 MB free)
19:51:03,37.8,1161,53% (5324 MB free)
19:51:04,37.8,1155,53% (5324 MB free)
19:51:05,37.8,1128,53% (5324 MB free)
19:51:06,37.8,1055,53% (5319 MB free)
19:51:07,37.8,1136,53% (5327 MB free)
19:51:08,37.8,1105,53% (5317 MB free)
19:51:09,37.8,1076,53% (5325 MB free)
19:51:10,37.8,1115,53% (5327 MB free)
19:51:11,37.8,1097,53% (5329 MB free)
19:51:12,37.9,1077,53% (5323 MB free)
19:51:13,37.9,1343,53% (5329 MB free)
19:51:14,37.9,1193,53% (5328 MB free)
19:51:15,37.9,1087,53% (5336 MB free)
19:51:16,37.9,1061,53% (5309 MB free)
19:51:18,37.9,1182,53% (5292 MB free)
19:51:19,37.9,1190,53% (5300 MB free)
19:51:20,37.9,1283,53% (5302 MB free)
19:51:21,37.9,1393,53% (5302 MB free)
19:51:22,37.9,1108,53% (5298 MB free)
19:51:23,37.9,1135,53% (5302 MB free)
19:51:24,37.9,1066,53% (5301 MB free)
19:51:25,37.9,1134,53% (5301 MB free)
19:51:26,37.9,1123,53% (5294 MB free)
19:51:27,37.9,1117,53% (5298 MB free)
19:51:28,37.9,1116,53% (5294 MB free)
19:51:29,37.9,1126,53% (5296 MB free)
19:51:30,37.9,1114,53% (5294 MB free)
19:51:31,37.9,1206,53% (5293 MB free)
19:51:32,37.9,1138,53% (5293 MB free)
19:51:33,38.0,1158,53% (5295 MB free)
19:51:34,38.0,1135,53% (5293 MB free)
19:51:35,38.0,1121,53% (5301 MB free)
19:51:36,38.0,1059,53% (5291 MB free)
19:51:37,38.0,1149,53% (5291 MB free)
19:51:38,38.0,1163,53% (5305 MB free)
19:51:39,38.0,1169,53% (5304 MB free)
19:51:40,38.0,1157,53% (5301 MB free)
19:51:41,38.0,1096,53% (5309 MB free)
19:51:42,38.0,1072,53% (5281 MB free)
19:51:43,38.0,1145,53% (5299 MB free)
19:51:44,38.0,1123,53% (5298 MB free)
19:51:45,38.0,1121,53% (5289 MB free)
19:51:46,38.0,1103,53% (5291 MB free)
19:51:47,38.0,1103,53% (5294 MB free)
19:51:48,38.0,1219,53% (5296 MB free)
19:51:49,38.0,1117,53% (5284 MB free)
19:51:50,38.0,1127,53% (5293 MB free)
19:51:51,38.0,1120,53% (5296 MB free)
19:51:52,38.0,1120,53% (5289 MB free)
19:51:53,38.0,1132,53% (5292 MB free)
19:51:54,38.0,1072,53% (5302 MB free)
19:51:55,38.0,1146,53% (5295 MB free)
19:51:56,38.0,1290,53% (5277 MB free)
19:51:57,38.0,1152,53% (5290 MB free)
19:51:58,38.0,1158,53% (5286 MB free)
19:51:59,38.0,1104,53% (5286 MB free)
19:52:00,38.0,1118,53% (5284 MB free)
19:52:01,38.0,1125,53% (5287 MB free)
19:52:02,38.0,1118,53% (5283 MB free)
19:52:03,38.0,1123,53% (5285 MB free)
19:52:04,38.0,1163,53% (5285 MB free)
19:52:05,38.0,1069,53% (5289 MB free)
19:52:06,38.0,1410,53% (5268 MB free)
19:52:07,38.0,1531,53% (5257 MB free)
19:52:09,38.0,1117,53% (5273 MB free)
19:52:10,38.0,1112,53% (5273 MB free)
19:52:11,38.0,1220,53% (5284 MB free)
19:52:12,38.0,1241,53% (5268 MB free)
19:52:13,38.0,1120,53% (5248 MB free)
19:52:14,38.0,1095,53% (5286 MB free)
19:52:15,38.0,1124,53% (5280 MB free)
19:52:16,38.0,1144,53% (5286 MB free)
19:52:17,38.0,1072,53% (5280 MB free)
19:52:18,38.0,1132,53% (5259 MB free)
19:52:19,38.0,1153,53% (5282 MB free)
19:52:20,38.0,1160,53% (5284 MB free)
19:52:21,38.0,1145,53% (5272 MB free)
19:52:22,38.0,1163,53% (5274 MB free)
19:52:23,38.0,1113,53% (5283 MB free)
19:52:24,38.0,1290,53% (5263 MB free)
19:52:25,38.0,1132,53% (5273 MB free)
19:52:26,38.0,1150,53% (5271 MB free)
19:52:27,38.0,1081,53% (5274 MB free)
19:52:28,38.0,1113,52% (5345 MB free)
19:52:29,38.0,1123,52% (5352 MB free)
19:52:30,38.0,1091,52% (5351 MB free)
19:52:31,38.0,1056,52% (5353 MB free)
19:52:32,38.0,1154,53% (5333 MB free)
19:52:33,38.0,1105,52% (5351 MB free)
19:52:34,38.0,1095,52% (5346 MB free)
19:52:35,38.0,1135,52% (5348 MB free)
19:52:36,38.0,1107,52% (5348 MB free)
19:52:37,38.0,1073,52% (5354 MB free)
19:52:38,38.0,1063,52% (5347 MB free)
19:52:39,38.0,1130,52% (5347 MB free)
19:52:40,38.0,1129,52% (5345 MB free)
19:52:41,38.0,1099,52% (5347 MB free)
19:52:42,38.0,1131,52% (5348 MB free)
19:52:43,38.0,1110,52% (5346 MB free)
19:52:44,38.0,1085,52% (5352 MB free)
19:52:45,38.0,1049,53% (5332 MB free)
19:52:46,38.0,1409,52% (5348 MB free)
19:52:47,38.0,1109,53% (5337 MB free)
19:52:48,38.0,1113,52% (5342 MB free)
19:52:49,38.0,1098,52% (5341 MB free)
19:52:50,38.0,1130,52% (5343 MB free)
19:52:51,38.0,1080,52% (5338 MB free)
19:52:52,38.0,1135,52% (5341 MB free)
19:52:53,38.0,1114,52% (5339 MB free)
19:52:54,38.0,1105,53% (5335 MB free)
19:52:55,38.0,1098,53% (5334 MB free)
19:52:56,38.0,1131,52% (5338 MB free)
19:52:57,38.0,1131,52% (5345 MB free)
19:52:58,38.0,1091,53% (5331 MB free)
19:52:59,38.0,1130,53% (5332 MB free)
19:53:00,38.0,1158,53% (5335 MB free)
19:53:02,38.0,1115,53% (5337 MB free)
19:53:03,38.0,1109,53% (5333 MB free)
19:53:04,38.0,1093,52% (5338 MB free)
19:53:05,38.0,1052,53% (5332 MB free)
19:53:06,38.0,1131,53% (5330 MB free)
19:53:07,38.0,1117,53% (5330 MB free)
19:53:08,38.0,1117,53% (5329 MB free)
19:53:09,38.0,1119,53% (5326 MB free)
19:53:10,38.0,1097,53% (5328 MB free)
19:53:11,38.0,1096,53% (5329 MB free)
19:53:12,38.0,1099,53% (5330 MB free)
19:53:13,38.0,1097,53% (5327 MB free)
19:53:14,38.0,1073,53% (5328 MB free)
19:53:15,38.0,1040,53% (5331 MB free)
19:53:16,38.0,1129,53% (5331 MB free)
19:53:17,38.0,1120,53% (5321 MB free)
19:53:18,38.0,1149,53% (5317 MB free)
19:53:19,38.0,1135,53% (5316 MB free)
19:53:20,38.0,1129,53% (5313 MB free)
19:53:21,38.0,1126,53% (5315 MB free)
19:53:22,38.0,1131,53% (5319 MB free)
19:53:23,38.0,1090,53% (5317 MB free)
19:53:24,38.0,1120,53% (5312 MB free)
19:53:25,38.0,1111,53% (5315 MB free)
19:53:26,38.0,1051,53% (5320 MB free)
19:53:27,38.0,1413,53% (5317 MB free)
19:53:28,38.0,1140,53% (5309 MB free)
19:53:29,38.0,1128,53% (5315 MB free)
19:53:30,38.0,1168,53% (5314 MB free)
19:53:31,38.0,1155,53% (5304 MB free)
19:53:32,38.0,1132,53% (5307 MB free)
19:53:33,38.0,1127,53% (5308 MB free)
19:53:34,38.0,1111,53% (5310 MB free)
19:53:35,38.0,1040,53% (5319 MB free)
19:53:36,38.3,1125,53% (5303 MB free)
19:53:37,38.3,1143,53% (5302 MB free)
19:53:38,38.3,1048,53% (5297 MB free)
19:53:39,38.3,1098,53% (5296 MB free)
19:53:40,38.3,1128,53% (5304 MB free)
19:53:41,38.3,1202,53% (5303 MB free)
19:53:42,38.3,1138,53% (5304 MB free)
19:53:43,38.3,1088,53% (5302 MB free)
19:53:44,38.3,1101,53% (5301 MB free)
19:53:45,38.3,1081,53% (5302 MB free)
19:53:46,38.4,1057,53% (5301 MB free)
19:53:47,38.4,1066,53% (5301 MB free)
19:53:48,38.4,1126,53% (5291 MB free)
19:53:49,38.4,1120,53% (5294 MB free)
19:53:50,38.4,1088,53% (5292 MB free)
19:53:51,38.4,1110,53% (5288 MB free)
19:53:53,38.4,1131,53% (5288 MB free)
19:53:54,38.4,1109,53% (5288 MB free)
19:53:55,38.4,1101,53% (5285 MB free)
19:53:56,38.4,1093,53% (5289 MB free)
19:53:57,38.4,1041,53% (5291 MB free)
19:53:58,38.4,1122,52% (5349 MB free)
19:53:59,38.4,1188,52% (5356 MB free)
19:54:00,38.4,1135,52% (5351 MB free)
19:54:01,38.4,1133,52% (5349 MB free)
19:54:02,38.4,1120,52% (5339 MB free)
19:54:03,38.4,1123,52% (5347 MB free)
19:54:04,38.4,1123,52% (5346 MB free)
19:54:05,38.4,1126,52% (5345 MB free)
19:54:06,38.4,1056,52% (5355 MB free)
19:54:07,38.4,1087,52% (5351 MB free)
19:54:08,38.4,1400,52% (5356 MB free)
19:54:09,38.4,1123,52% (5358 MB free)
19:54:10,38.4,1101,52% (5354 MB free)
19:54:11,38.4,1091,52% (5352 MB free)
19:54:12,38.4,1118,52% (5353 MB free)
19:54:13,38.4,1106,52% (5352 MB free)
19:54:14,38.4,1116,52% (5358 MB free)
19:54:15,38.4,1097,52% (5363 MB free)
19:54:16,38.4,1071,52% (5358 MB free)
19:54:17,38.4,1092,52% (5346 MB free)
19:54:18,38.4,1100,52% (5347 MB free)
19:54:19,38.4,1093,52% (5347 MB free)
19:54:20,38.4,1090,52% (5343 MB free)
19:54:21,38.4,1101,52% (5340 MB free)
19:54:22,38.4,1095,52% (5338 MB free)
19:54:23,38.4,1116,52% (5344 MB free)
19:54:24,38.4,1119,52% (5346 MB free)
19:54:25,38.4,1093,52% (5342 MB free)
19:54:26,38.4,1117,52% (5349 MB free)
19:54:27,38.4,1068,52% (5347 MB free)
19:54:28,38.4,1157,53% (5337 MB free)
19:54:29,38.4,1105,52% (5340 MB free)
19:54:30,38.4,1101,52% (5340 MB free)
19:54:31,38.4,1113,53% (5335 MB free)
19:54:32,38.4,1380,53% (5324 MB free)
19:54:33,38.4,1287,53% (5319 MB free)
19:54:34,38.4,1323,53% (5323 MB free)
19:54:35,38.4,1255,53% (5322 MB free)
19:54:36,38.4,1231,53% (5322 MB free)
19:54:37,38.4,1247,53% (5326 MB free)
19:54:38,38.4,1317,53% (5326 MB free)
19:54:39,38.4,1299,53% (5316 MB free)
19:54:40,38.4,1284,53% (5322 MB free)
19:54:41,38.4,1218,53% (5325 MB free)
19:54:42,38.4,1368,53% (5321 MB free)
19:54:44,38.4,1271,53% (5314 MB free)
19:54:45,38.4,1248,53% (5311 MB free)
19:54:46,38.4,1289,53% (5306 MB free)
19:54:47,38.4,1238,53% (5312 MB free)
19:54:48,38.4,1255,53% (5310 MB free)
19:54:49,38.4,1248,53% (5310 MB free)
19:54:50,38.4,1433,53% (5318 MB free)
19:54:51,38.4,1646,53% (5313 MB free)
19:54:52,38.4,1455,53% (5302 MB free)
19:54:53,38.4,1381,53% (5292 MB free)
19:54:54,38.4,1363,53% (5286 MB free)
19:54:55,38.4,1355,53% (5280 MB free)
19:54:56,38.4,1377,53% (5277 MB free)
19:54:57,38.4,1408,53% (5292 MB free)
19:54:58,38.4,1372,53% (5303 MB free)
19:54:59,38.4,1355,53% (5294 MB free)
19:55:00,38.4,1368,53% (5298 MB free)
19:55:01,38.4,1375,53% (5300 MB free)
19:55:02,38.4,1358,53% (5298 MB free)
19:55:03,38.4,1360,53% (5305 MB free)
19:55:04,38.4,1104,53% (5303 MB free)
19:55:05,38.4,1248,53% (5304 MB free)
19:55:06,38.4,972,53% (5303 MB free)
19:55:07,38.4,949,53% (5301 MB free)
19:55:08,38.4,951,53% (5309 MB free)
19:55:09,38.4,966,53% (5307 MB free)
19:55:10,38.4,949,53% (5306 MB free)
19:55:11,38.4,944,53% (5306 MB free)
19:55:12,38.4,940,53% (5304 MB free)
19:55:13,38.4,937,53% (5305 MB free)
19:55:14,38.4,942,53% (5303 MB free)
19:55:15,38.4,939,53% (5302 MB free)
19:55:16,38.4,965,53% (5300 MB free)
19:55:17,38.4,940,53% (5301 MB free)
19:55:18,38.4,939,53% (5300 MB free)
19:55:19,38.7,941,53% (5300 MB free)
19:55:20,38.7,941,53% (5299 MB free)
19:55:21,38.7,937,53% (5298 MB free)
19:55:22,38.7,936,53% (5295 MB free)
19:55:23,38.7,939,53% (5299 MB free)
19:55:24,38.7,928,53% (5296 MB free)
19:55:25,38.7,950,53% (5299 MB free)
19:55:26,38.7,939,53% (5295 MB free)
19:55:27,38.7,938,53% (5293 MB free)
19:55:28,38.7,944,53% (5293 MB free)
19:55:29,38.7,943,53% (5296 MB free)
19:55:30,38.7,945,53% (5294 MB free)
19:55:31,38.7,933,53% (5292 MB free)
19:55:32,38.7,929,53% (5294 MB free)
19:55:33,38.7,937,53% (5291 MB free)
19:55:35,38.7,928,53% (5291 MB free)
19:55:36,38.7,972,53% (5291 MB free)
19:55:37,38.7,997,53% (5290 MB free)
19:55:38,38.7,1004,53% (5288 MB free)
19:55:39,38.7,947,53% (5290 MB free)
19:55:40,38.7,942,53% (5287 MB free)
19:55:41,38.7,942,53% (5287 MB free)
19:55:42,38.7,956,53% (5286 MB free)
19:55:43,38.7,938,53% (5286 MB free)
19:55:44,38.7,936,53% (5285 MB free)
19:55:45,38.7,949,52% (5363 MB free)
19:55:46,38.7,939,52% (5365 MB free)
19:55:47,38.7,932,52% (5365 MB free)
19:55:48,38.7,931,52% (5362 MB free)
19:55:49,38.7,941,52% (5360 MB free)
19:55:50,38.7,930,52% (5359 MB free)
19:55:51,38.7,933,52% (5358 MB free)
19:55:52,38.7,940,52% (5358 MB free)
19:55:53,38.7,955,52% (5357 MB free)
19:55:54,38.7,933,52% (5356 MB free)
19:55:55,38.7,950,52% (5355 MB free)
19:55:56,38.7,937,52% (5354 MB free)
19:55:57,38.7,970,52% (5358 MB free)
19:55:58,38.7,977,52% (5356 MB free)
19:55:59,38.7,938,52% (5354 MB free)
19:56:00,38.7,955,52% (5351 MB free)
19:56:01,38.7,949,52% (5350 MB free)
19:56:02,38.7,954,52% (5349 MB free)
19:56:03,38.7,1026,52% (5347 MB free)
19:56:04,38.7,991,52% (5346 MB free)
19:56:05,38.7,1103,52% (5344 MB free)
19:56:06,38.7,1001,52% (5349 MB free)
19:56:07,38.7,997,52% (5347 MB free)
19:56:08,38.7,991,52% (5346 MB free)
19:56:09,38.7,977,52% (5343 MB free)
19:56:10,38.7,954,52% (5343 MB free)
19:56:11,38.7,988,52% (5342 MB free)
19:56:12,38.7,955,52% (5340 MB free)
19:56:13,38.7,975,52% (5339 MB free)
19:56:14,38.7,969,52% (5338 MB free)
19:56:15,38.7,952,53% (5337 MB free)
19:56:16,38.7,972,53% (5335 MB free)
19:56:17,38.7,960,53% (5335 MB free)
19:56:18,38.7,969,53% (5332 MB free)
19:56:19,38.6,966,53% (5330 MB free)
19:56:20,38.6,986,53% (5329 MB free)
19:56:21,38.6,950,53% (5328 MB free)
19:56:22,38.6,967,53% (5330 MB free)
19:56:23,38.6,986,53% (5329 MB free)
19:56:24,38.6,991,53% (5330 MB free)
19:56:25,38.6,958,53% (5330 MB free)
19:56:26,38.6,950,53% (5329 MB free)
19:56:27,38.6,1000,53% (5335 MB free)
19:56:29,38.6,946,53% (5333 MB free)
19:56:30,38.6,966,53% (5329 MB free)
19:56:31,38.6,1088,53% (5328 MB free)
19:56:32,38.6,948,53% (5326 MB free)
19:56:33,38.6,959,53% (5325 MB free)
19:56:34,38.6,959,53% (5323 MB free)
19:56:35,38.6,980,53% (5322 MB free)
19:56:36,38.6,950,53% (5325 MB free)
19:56:37,38.6,968,53% (5324 MB free)
19:56:38,38.6,985,53% (5323 MB free)
19:56:39,38.6,1005,53% (5331 MB free)
19:56:40,38.6,973,53% (5329 MB free)
19:56:41,38.6,961,53% (5329 MB free)
19:56:42,38.6,977,53% (5329 MB free)
19:56:43,38.6,1014,53% (5303 MB free)
19:56:44,38.6,1258,53% (5295 MB free)
19:56:45,38.6,1012,53% (5292 MB free)
19:56:46,38.6,967,53% (5272 MB free)
19:56:47,38.6,1070,53% (5270 MB free)
19:56:48,38.6,995,53% (5268 MB free)
19:56:49,38.6,965,53% (5265 MB free)
19:56:50,38.6,994,53% (5264 MB free)
19:56:51,38.6,973,53% (5263 MB free)
19:56:52,38.6,984,53% (5259 MB free)
19:56:53,38.6,998,53% (5237 MB free)
19:56:54,38.6,1053,53% (5231 MB free)
19:56:55,38.6,1067,53% (5237 MB free)
19:56:56,38.6,995,53% (5237 MB free)
19:56:57,38.6,940,53% (5233 MB free)
19:56:58,38.6,981,53% (5231 MB free)
19:56:59,38.6,946,53% (5230 MB free)
19:57:00,38.6,957,53% (5227 MB free)
19:57:01,38.6,967,54% (5215 MB free)
19:57:02,38.6,936,54% (5212 MB free)
19:57:03,38.6,905,54% (5202 MB free)
19:57:04,38.6,1064,54% (5219 MB free)
19:57:05,38.6,1020,54% (5216 MB free)
19:57:06,38.6,990,54% (5215 MB free)
19:57:07,38.6,1038,54% (5214 MB free)
19:57:08,38.6,965,54% (5194 MB free)
19:57:09,38.6,1016,54% (5204 MB free)
19:57:10,38.6,1583,54% (5193 MB free)
19:57:11,38.6,979,54% (5147 MB free)
19:57:12,38.6,958,55% (5073 MB free)
19:57:13,38.6,809,55% (5017 MB free)
19:57:14,38.6,953,55% (5012 MB free)
19:57:15,38.6,620,55% (5006 MB free)
19:57:16,38.6,553,55% (5020 MB free)
19:57:17,38.6,566,55% (5018 MB free)
19:57:18,38.6,812,56% (4963 MB free)
19:57:19,38.6,965,56% (4905 MB free)
19:57:20,38.6,841,56% (4903 MB free)
19:57:21,38.6,537,56% (4897 MB free)
19:57:22,38.6,577,56% (4891 MB free)
19:57:23,38.6,501,57% (4883 MB free)
19:57:24,38.6,665,57% (4880 MB free)
19:57:25,38.6,513,57% (4878 MB free)
19:57:26,38.6,584,57% (4876 MB free)
19:57:27,38.6,616,57% (4872 MB free)
19:57:28,38.6,648,57% (4870 MB free)
19:57:29,38.6,619,57% (4869 MB free)
19:57:31,38.6,667,57% (4866 MB free)
19:57:32,38.6,681,57% (4866 MB free)
19:57:33,38.6,591,57% (4863 MB free)
19:57:34,38.6,579,57% (4862 MB free)
19:57:35,38.6,647,57% (4860 MB free)
19:57:36,38.6,627,57% (4857 MB free)
19:57:37,38.6,704,57% (4853 MB free)
19:57:38,38.6,790,57% (4850 MB free)
19:57:39,38.6,662,57% (4852 MB free)
19:57:40,38.6,572,57% (4851 MB free)
19:57:41,38.6,537,57% (4850 MB free)
19:57:42,38.6,567,57% (4848 MB free)
19:57:43,38.6,642,56% (4894 MB free)
19:57:44,38.6,640,56% (4899 MB free)
19:57:45,38.6,651,56% (4900 MB free)
19:57:46,38.6,646,56% (4898 MB free)
19:57:47,38.6,537,56% (4896 MB free)
19:57:48,38.6,533,56% (4897 MB free)
19:57:49,38.6,594,56% (4890 MB free)
19:57:50,38.6,537,57% (4878 MB free)
19:57:51,38.6,1105,56% (4903 MB free)
19:57:52,38.6,786,56% (4894 MB free)
19:57:53,38.6,827,56% (4888 MB free)
19:57:54,38.6,785,57% (4883 MB free)
19:57:55,38.6,829,57% (4882 MB free)
19:57:56,38.6,712,57% (4881 MB free)
19:57:57,38.6,622,57% (4881 MB free)
19:57:58,38.6,652,57% (4880 MB free)
19:57:59,38.6,587,57% (4881 MB free)
19:58:00,38.6,555,57% (4875 MB free)
19:58:01,38.6,1242,57% (4871 MB free)
19:58:02,38.6,1266,57% (4852 MB free)
19:58:03,38.6,635,57% (4843 MB free)
19:58:04,38.6,626,57% (4826 MB free)
19:58:05,38.6,550,57% (4825 MB free)
19:58:06,38.6,622,57% (4827 MB free)
19:58:07,38.6,607,57% (4827 MB free)
19:58:08,38.6,582,57% (4828 MB free)
19:58:09,38.6,566,57% (4828 MB free)
19:58:10,38.6,556,57% (4828 MB free)
19:58:11,38.6,523,57% (4825 MB free)
19:58:12,38.6,573,57% (4846 MB free)
19:58:13,38.6,772,57% (4818 MB free)
19:58:14,38.6,667,57% (4817 MB free)
19:58:15,38.6,504,57% (4816 MB free)
19:58:16,38.6,562,57% (4814 MB free)
19:58:17,38.6,602,57% (4809 MB free)
19:58:18,38.6,543,57% (4817 MB free)
19:58:19,38.6,460,57% (4805 MB free)
19:58:20,38.6,459,57% (4810 MB free)
19:58:21,38.6,1057,57% (4804 MB free)
19:58:22,38.6,1070,58% (4762 MB free)
19:58:23,38.6,597,58% (4754 MB free)
19:58:24,38.6,615,58% (4748 MB free)
19:58:25,38.6,1027,58% (4746 MB free)
19:58:26,38.6,1014,58% (4745 MB free)
19:58:27,38.6,1025,58% (4743 MB free)
19:58:28,38.6,1055,58% (4742 MB free)
19:58:29,38.6,1033,58% (4741 MB free)
19:58:30,38.6,1001,58% (4741 MB free)
19:58:31,38.6,1009,58% (4740 MB free)
19:58:32,37.9,1021,58% (4739 MB free)
19:58:33,37.9,1005,58% (4753 MB free)
19:58:34,37.9,1016,58% (4745 MB free)
19:58:35,37.9,664,58% (4741 MB free)
19:58:37,37.9,735,58% (4722 MB free)
19:58:38,37.9,1207,58% (4721 MB free)
19:58:39,37.9,1078,58% (4720 MB free)
19:58:40,37.9,1133,58% (4716 MB free)
19:58:41,37.9,1272,58% (4697 MB free)
19:58:42,37.9,1199,58% (4697 MB free)
19:58:43,37.9,1155,58% (4722 MB free)
19:58:44,37.9,1153,58% (4719 MB free)
19:58:45,37.9,1104,58% (4716 MB free)
19:58:46,37.9,1138,58% (4706 MB free)
19:58:47,37.9,1116,58% (4706 MB free)
19:58:48,37.9,1061,58% (4705 MB free)
19:58:49,37.9,1045,58% (4703 MB free)
19:58:50,37.9,1099,58% (4702 MB free)
19:58:51,37.9,1032,58% (4702 MB free)
19:58:52,37.9,1085,58% (4701 MB free)
19:58:53,37.9,1121,58% (4696 MB free)
19:58:54,37.9,1035,58% (4674 MB free)
19:58:55,37.9,1057,58% (4667 MB free)
19:58:56,37.9,1093,58% (4667 MB free)
19:58:57,37.9,1097,58% (4666 MB free)
19:58:58,37.9,1121,58% (4663 MB free)
19:58:59,37.9,1083,59% (4655 MB free)
19:59:00,37.9,890,59% (4655 MB free)
19:59:01,37.9,1176,58% (4679 MB free)
19:59:02,37.9,1292,58% (4672 MB free)
19:59:03,37.9,1223,58% (4669 MB free)
19:59:04,37.9,1205,58% (4666 MB free)
19:59:05,37.9,1153,58% (4662 MB free)
19:59:06,37.9,1116,58% (4661 MB free)
19:59:07,37.9,1174,58% (4659 MB free)
19:59:08,37.9,1239,59% (4652 MB free)
19:59:09,37.9,1265,59% (4648 MB free)
19:59:10,37.9,1253,59% (4646 MB free)
19:59:11,37.9,1259,59% (4641 MB free)
19:59:12,37.9,1254,59% (4639 MB free)
19:59:13,37.9,1209,59% (4637 MB free)
19:59:14,37.9,1191,59% (4633 MB free)
19:59:15,37.9,1240,59% (4630 MB free)
19:59:16,37.9,1167,59% (4630 MB free)
19:59:17,37.9,1240,59% (4629 MB free)
19:59:18,37.9,1336,59% (4626 MB free)
19:59:19,37.9,1244,59% (4626 MB free)
19:59:20,37.9,1152,59% (4625 MB free)
19:59:21,37.9,1212,59% (4623 MB free)
19:59:22,37.9,1343,59% (4636 MB free)
19:59:23,37.9,1216,59% (4636 MB free)
19:59:24,37.9,1203,59% (4635 MB free)
19:59:25,37.9,1157,59% (4634 MB free)
19:59:26,37.9,1173,59% (4635 MB free)
19:59:27,37.9,1170,59% (4636 MB free)
19:59:28,37.9,1156,59% (4634 MB free)
19:59:29,37.9,862,59% (4621 MB free)
19:59:30,37.9,1170,59% (4640 MB free)
19:59:31,37.9,1129,59% (4634 MB free)
19:59:32,37.9,1136,59% (4632 MB free)
19:59:33,37.9,1081,59% (4629 MB free)
19:59:34,37.8,1088,59% (4576 MB free)
19:59:35,37.8,1079,59% (4574 MB free)
19:59:37,37.8,1119,59% (4569 MB free)
19:59:38,37.8,1147,59% (4564 MB free)
19:59:39,37.8,1163,59% (4562 MB free)
19:59:40,37.8,1080,59% (4560 MB free)
19:59:41,37.8,1142,59% (4560 MB free)
19:59:42,37.8,1114,59% (4559 MB free)
19:59:43,37.8,1092,59% (4557 MB free)
19:59:44,37.8,1140,59% (4551 MB free)
19:59:45,37.8,1133,59% (4549 MB free)
19:59:46,37.8,1081,59% (4548 MB free)
19:59:47,37.8,1062,59% (4548 MB free)
19:59:48,37.8,989,59% (4547 MB free)
19:59:49,37.8,947,59% (4543 MB free)
19:59:50,37.8,1015,60% (4542 MB free)
19:59:51,37.8,1094,60% (4513 MB free)
19:59:52,37.8,1061,60% (4512 MB free)
19:59:53,37.8,1098,60% (4510 MB free)
19:59:54,37.8,796,60% (4491 MB free)
19:59:55,37.8,1048,60% (4495 MB free)
19:59:56,37.8,1153,60% (4510 MB free)
19:59:57,37.8,1098,60% (4510 MB free)
19:59:58,37.8,1082,60% (4509 MB free)
19:59:59,37.8,1082,60% (4507 MB free)
20:00:00,37.8,1104,60% (4491 MB free)
20:00:01,37.8,1218,60% (4508 MB free)
20:00:02,37.8,1376,60% (4496 MB free)
20:00:03,37.8,1243,60% (4513 MB free)
20:00:04,37.8,1256,60% (4508 MB free)
20:00:05,37.8,1239,60% (4505 MB free)
20:00:06,37.8,1113,60% (4503 MB free)
20:00:07,37.8,1093,60% (4502 MB free)
20:00:08,37.8,1105,60% (4497 MB free)
20:00:09,37.8,1161,60% (4496 MB free)
20:00:10,37.8,1134,60% (4507 MB free)
20:00:11,37.8,1106,60% (4507 MB free)
20:00:12,37.8,1105,60% (4506 MB free)
20:00:13,37.8,1154,60% (4484 MB free)
20:00:14,37.8,1381,60% (4482 MB free)
20:00:15,37.8,1151,60% (4481 MB free)
20:00:16,37.8,1152,60% (4468 MB free)
20:00:17,37.8,1217,60% (4466 MB free)
20:00:18,37.8,1142,60% (4457 MB free)
20:00:19,37.8,761,60% (4444 MB free)
20:00:20,37.8,1224,60% (4455 MB free)
20:00:21,37.8,1133,60% (4445 MB free)
20:00:22,37.8,1165,60% (4441 MB free)
20:00:23,37.8,1222,60% (4440 MB free)
20:00:24,37.8,1162,60% (4438 MB free)
20:00:25,37.8,1222,60% (4435 MB free)
20:00:26,37.8,1203,60% (4433 MB free)
20:00:27,37.8,1305,60% (4431 MB free)
20:00:28,37.8,1254,61% (4429 MB free)
20:00:29,37.8,1196,61% (4428 MB free)
20:00:30,37.8,1120,61% (4427 MB free)
20:00:31,37.8,1117,61% (4424 MB free)
20:00:32,37.8,1282,61% (4422 MB free)
20:00:33,37.8,1286,61% (4417 MB free)
20:00:34,37.8,1291,61% (4412 MB free)
20:00:35,38.0,1315,61% (4408 MB free)
20:00:36,38.0,1277,61% (4405 MB free)
20:00:37,38.0,1267,61% (4404 MB free)
20:00:38,38.0,1159,61% (4403 MB free)
20:00:39,38.0,1049,61% (4401 MB free)
20:00:41,38.0,828,61% (4401 MB free)
20:00:42,38.0,1067,61% (4401 MB free)
20:00:43,38.0,1047,61% (4400 MB free)
20:00:44,38.0,1110,61% (4399 MB free)
20:00:45,38.0,1113,61% (4399 MB free)
20:00:46,38.0,1116,61% (4397 MB free)
20:00:47,38.0,1115,61% (4397 MB free)
20:00:48,38.0,1106,61% (4385 MB free)
20:00:49,38.0,1088,61% (4385 MB free)
20:00:50,38.0,1073,61% (4383 MB free)
20:00:51,38.0,1065,61% (4383 MB free)
20:00:52,38.0,1038,61% (4427 MB free)
20:00:53,38.0,1090,61% (4429 MB free)
20:00:54,38.0,1121,61% (4429 MB free)
20:00:55,38.0,1072,60% (4431 MB free)
20:00:56,38.0,1080,61% (4429 MB free)
20:00:57,38.0,1235,61% (4428 MB free)
20:00:58,38.0,1123,61% (4428 MB free)
20:00:59,38.0,1090,61% (4429 MB free)
20:01:00,38.0,1080,61% (4428 MB free)
20:01:01,38.0,1078,61% (4428 MB free)
20:01:02,38.0,1137,60% (4447 MB free)
20:01:03,38.0,1091,60% (4447 MB free)
20:01:04,38.0,1098,60% (4446 MB free)
20:01:05,38.0,1057,60% (4447 MB free)
20:01:06,38.0,1102,60% (4447 MB free)
20:01:07,38.0,1083,60% (4447 MB free)
20:01:08,38.0,933,60% (4459 MB free)
20:01:09,38.0,998,60% (4459 MB free)
20:01:10,38.0,1024,60% (4459 MB free)
20:01:11,38.0,976,60% (4458 MB free)
20:01:12,38.0,1030,60% (4459 MB free)
20:01:13,38.0,1080,60% (4458 MB free)
20:01:14,38.0,1032,60% (4456 MB free)
20:01:15,38.0,1093,60% (4455 MB free)
20:01:16,38.0,966,60% (4454 MB free)
20:01:17,38.0,604,60% (4453 MB free)
20:01:18,38.0,967,60% (4451 MB free)
20:01:19,38.0,1070,60% (4453 MB free)
20:01:20,38.0,1112,60% (4455 MB free)
20:01:21,38.0,643,60% (4454 MB free)
20:01:22,38.0,715,60% (4455 MB free)
20:01:23,38.0,724,60% (4454 MB free)
20:01:24,38.0,672,60% (4453 MB free)
20:01:25,38.0,663,60% (4453 MB free)
20:01:26,38.0,1172,60% (4451 MB free)
20:01:27,38.0,1104,60% (4452 MB free)
20:01:28,38.0,1237,60% (4450 MB free)
20:01:29,38.0,1185,60% (4449 MB free)
20:01:30,38.0,1200,60% (4448 MB free)
20:01:31,38.0,1185,60% (4448 MB free)
20:01:32,38.0,584,60% (4447 MB free)
20:01:33,38.0,1115,60% (4446 MB free)
20:01:34,38.0,794,60% (4446 MB free)
20:01:35,38.0,636,60% (4445 MB free)
20:01:36,38.0,716,60% (4439 MB free)
20:01:37,38.0,1100,60% (4439 MB free)
20:01:38,38.0,1046,60% (4439 MB free)
20:01:39,38.0,1145,60% (4437 MB free)
20:01:40,38.0,1055,60% (4434 MB free)
20:01:41,38.0,1094,60% (4433 MB free)
20:01:43,38.0,1086,60% (4432 MB free)
20:01:44,38.0,1061,60% (4432 MB free)
20:01:45,38.0,1108,60% (4431 MB free)
20:01:46,38.0,1059,60% (4430 MB free)
20:01:47,38.0,1081,61% (4429 MB free)
20:01:48,38.0,1148,61% (4429 MB free)
20:01:49,38.0,1069,61% (4427 MB free)
20:01:50,38.0,1111,61% (4426 MB free)
20:01:51,38.0,1085,61% (4426 MB free)
20:01:52,38.0,1195,61% (4426 MB free)
20:01:53,38.0,1198,61% (4424 MB free)
20:01:54,38.0,1116,61% (4423 MB free)
20:01:55,38.0,1150,61% (4400 MB free)
20:01:56,38.0,1152,61% (4398 MB free)
20:01:57,38.0,1103,61% (4396 MB free)
20:01:58,38.0,1380,61% (4392 MB free)
20:01:59,38.0,1354,60% (4439 MB free)
20:02:00,38.0,1286,60% (4433 MB free)
20:02:01,38.0,1324,60% (4430 MB free)
20:02:02,38.0,1171,61% (4429 MB free)
20:02:03,38.0,1129,61% (4427 MB free)
20:02:04,38.0,1034,61% (4426 MB free)
20:02:05,38.0,1038,61% (4425 MB free)
20:02:06,38.0,948,61% (4424 MB free)
20:02:07,38.0,1010,61% (4424 MB free)
20:02:08,38.0,1196,61% (4423 MB free)
20:02:09,38.0,1112,61% (4361 MB free)
20:02:10,38.0,1046,61% (4360 MB free)
20:02:11,38.0,1073,61% (4352 MB free)
20:02:12,38.0,597,61% (4349 MB free)
20:02:13,38.0,953,61% (4373 MB free)
20:02:14,38.0,1149,61% (4366 MB free)
20:02:15,38.0,1043,61% (4366 MB free)
20:02:16,38.0,1188,61% (4365 MB free)
20:02:17,38.0,1242,61% (4363 MB free)
20:02:18,38.1,1241,61% (4358 MB free)
20:02:19,38.1,1221,61% (4358 MB free)
20:02:20,38.1,620,61% (4356 MB free)
20:02:21,38.1,1280,61% (4354 MB free)
20:02:22,38.1,1214,61% (4351 MB free)
20:02:23,38.1,1235,61% (4345 MB free)
20:02:24,38.1,1359,61% (4343 MB free)
20:02:25,38.1,1206,61% (4341 MB free)
20:02:26,38.1,1083,61% (4340 MB free)
20:02:27,38.1,1151,61% (4331 MB free)
20:02:28,38.0,1295,61% (4332 MB free)
20:02:29,38.0,1161,61% (4326 MB free)
20:02:30,38.0,1247,61% (4325 MB free)
20:02:31,38.0,738,61% (4324 MB free)
20:02:32,38.0,1088,61% (4321 MB free)
20:02:33,38.0,1081,61% (4319 MB free)
20:02:34,38.0,1260,61% (4319 MB free)
20:02:35,38.0,1239,61% (4318 MB free)
20:02:36,38.0,985,61% (4316 MB free)
20:02:37,38.0,531,61% (4316 MB free)
20:02:38,38.0,1117,62% (4315 MB free)
20:02:39,38.0,1127,62% (4315 MB free)
20:02:41,38.0,1147,62% (4315 MB free)
20:02:42,38.0,1145,61% (4347 MB free)
20:02:43,38.0,1136,61% (4354 MB free)
20:02:44,38.0,1142,61% (4352 MB free)
20:02:45,38.0,1144,61% (4349 MB free)
20:02:46,38.0,741,61% (4345 MB free)
20:02:47,38.0,702,61% (4344 MB free)
20:02:48,38.0,1276,61% (4343 MB free)
20:02:49,38.0,1273,61% (4341 MB free)
20:02:50,38.0,1224,61% (4341 MB free)
20:02:51,38.0,1340,61% (4339 MB free)
20:02:52,38.0,1272,61% (4337 MB free)
20:02:53,38.0,1386,61% (4337 MB free)
20:02:54,38.0,1322,61% (4335 MB free)
20:02:55,38.0,1206,61% (4320 MB free)
20:02:56,38.0,1198,62% (4313 MB free)
20:02:57,38.0,1019,62% (4312 MB free)
20:02:58,38.0,1279,62% (4311 MB free)
20:02:59,38.0,1227,62% (4308 MB free)
20:03:00,38.0,1307,62% (4305 MB free)
20:03:01,38.0,1360,61% (4366 MB free)
20:03:02,38.0,1292,61% (4366 MB free)
20:03:03,38.0,1235,61% (4365 MB free)
20:03:04,38.0,1267,61% (4365 MB free)
20:03:05,38.0,1182,61% (4365 MB free)
20:03:06,38.0,1161,61% (4365 MB free)
20:03:07,38.0,1186,61% (4365 MB free)
20:03:08,38.0,1113,61% (4364 MB free)
20:03:09,38.0,1237,61% (4365 MB free)
20:03:10,38.0,1179,61% (4365 MB free)
20:03:11,38.0,1124,61% (4366 MB free)
20:03:12,38.0,1243,61% (4358 MB free)
20:03:13,38.0,775,61% (4405 MB free)
20:03:14,38.0,1034,61% (4390 MB free)
20:03:15,38.0,761,61% (4383 MB free)
20:03:16,38.0,1319,61% (4382 MB free)
20:03:17,38.0,1204,61% (4377 MB free)
20:03:18,38.0,1105,61% (4372 MB free)
20:03:19,38.0,1007,61% (4370 MB free)
20:03:20,38.0,1007,61% (4370 MB free)
20:03:21,38.0,1036,61% (4370 MB free)
20:03:22,38.0,1110,61% (4370 MB free)
20:03:23,38.0,1093,61% (4369 MB free)
20:03:24,38.0,1069,61% (4369 MB free)
20:03:25,38.0,1092,61% (4369 MB free)
20:03:26,38.0,942,61% (4368 MB free)
20:03:27,38.0,845,61% (4364 MB free)
20:03:28,38.0,907,61% (4398 MB free)
20:03:29,38.0,863,61% (4394 MB free)
20:03:30,38.0,823,61% (4393 MB free)
20:03:31,38.0,818,61% (4393 MB free)
20:03:32,38.0,869,61% (4390 MB free)
20:03:33,38.0,1247,61% (4375 MB free)
20:03:34,38.0,954,61% (4374 MB free)
20:03:35,38.0,889,61% (4365 MB free)
20:03:36,38.0,1005,61% (4363 MB free)
20:03:37,38.0,898,61% (4362 MB free)
20:03:38,38.0,973,61% (4361 MB free)
20:03:39,38.0,905,61% (4359 MB free)
20:03:40,38.0,905,61% (4356 MB free)
20:03:41,38.0,921,61% (4355 MB free)
20:03:42,38.0,845,61% (4353 MB free)
20:03:43,38.0,861,61% (4350 MB free)
20:03:44,38.0,859,61% (4349 MB free)
20:03:46,38.0,864,61% (4349 MB free)
20:03:47,38.0,856,61% (4349 MB free)
20:03:48,38.0,898,61% (4360 MB free)
20:03:49,38.0,1140,61% (4359 MB free)
20:03:50,38.0,1067,61% (4359 MB free)
20:03:51,38.0,1040,61% (4359 MB free)
20:03:52,38.0,1108,61% (4357 MB free)
20:03:53,38.0,1101,61% (4357 MB free)
20:03:54,38.0,1138,61% (4354 MB free)
20:03:55,38.0,1108,61% (4351 MB free)
20:03:56,38.0,1102,61% (4350 MB free)
20:03:57,38.0,1078,61% (4349 MB free)
20:03:58,38.0,1076,61% (4349 MB free)
20:03:59,38.0,1047,61% (4349 MB free)
20:04:00,38.0,1076,61% (4348 MB free)
20:04:01,38.0,1077,61% (4347 MB free)
20:04:02,38.0,1077,61% (4347 MB free)
20:04:03,38.0,1046,61% (4347 MB free)
20:04:04,38.0,1036,61% (4345 MB free)
20:04:05,38.0,1024,61% (4345 MB free)
20:04:06,38.0,1008,61% (4344 MB free)
20:04:07,38.0,1029,61% (4343 MB free)
20:04:08,38.0,592,61% (4356 MB free)
20:04:09,38.0,838,61% (4340 MB free)
20:04:10,38.0,692,61% (4335 MB free)
20:04:11,38.0,540,61% (4329 MB free)
20:04:12,38.0,761,61% (4319 MB free)
20:04:13,38.0,977,61% (4318 MB free)
20:04:14,38.0,980,62% (4315 MB free)
20:04:15,38.0,977,62% (4313 MB free)
20:04:16,38.0,1024,61% (4345 MB free)
20:04:17,38.0,1006,61% (4338 MB free)
20:04:18,38.0,1052,61% (4331 MB free)
20:04:19,38.0,1090,61% (4329 MB free)
20:04:20,38.0,1045,61% (4328 MB free)
20:04:21,38.0,604,61% (4322 MB free)
20:04:22,38.0,1068,61% (4320 MB free)
20:04:23,38.0,1060,61% (4319 MB free)
20:04:24,38.0,1052,61% (4318 MB free)
20:04:25,38.0,1064,61% (4317 MB free)
20:04:26,38.0,1065,62% (4315 MB free)
20:04:27,38.0,1077,62% (4314 MB free)
20:04:28,38.0,1064,62% (4313 MB free)
20:04:29,38.0,943,62% (4307 MB free)
20:04:30,38.0,624,62% (4306 MB free)
20:04:31,38.0,661,62% (4302 MB free)
20:04:32,38.0,615,62% (4297 MB free)
20:04:33,38.0,1263,62% (4284 MB free)
20:04:34,38.0,1011,61% (4323 MB free)
20:04:35,38.0,970,62% (4315 MB free)
20:04:36,38.0,976,62% (4311 MB free)
20:04:37,38.0,977,62% (4310 MB free)
20:04:38,38.0,979,62% (4306 MB free)
20:04:39,38.0,1009,62% (4304 MB free)
20:04:40,38.0,1084,62% (4302 MB free)
20:04:41,38.0,942,62% (4302 MB free)
20:04:42,38.0,940,62% (4298 MB free)
20:04:43,38.0,1261,62% (4298 MB free)
20:04:44,38.0,1233,62% (4296 MB free)
20:04:46,38.0,1233,62% (4289 MB free)
20:04:47,38.0,1264,62% (4287 MB free)
20:04:48,38.0,1129,62% (4284 MB free)
20:04:49,38.0,665,62% (4284 MB free)
20:04:50,38.0,1289,62% (4284 MB free)
20:04:51,38.0,1201,62% (4283 MB free)
20:04:52,38.0,1207,62% (4281 MB free)
20:04:53,38.0,1189,62% (4280 MB free)
20:04:54,38.0,1212,62% (4279 MB free)
20:04:55,38.0,1220,62% (4279 MB free)
20:04:56,38.0,1150,62% (4278 MB free)
20:04:57,38.0,1140,62% (4277 MB free)
20:04:58,38.0,1163,62% (4276 MB free)
20:04:59,38.0,1190,62% (4276 MB free)
20:05:00,38.0,1142,62% (4274 MB free)
20:05:01,38.0,1159,62% (4274 MB free)
20:05:02,38.0,1127,62% (4276 MB free)
20:05:03,38.0,1156,62% (4275 MB free)
20:05:04,38.0,1134,62% (4275 MB free)
20:05:05,38.0,1158,62% (4274 MB free)
20:05:06,38.0,586,62% (4272 MB free)
20:05:07,38.0,668,62% (4272 MB free)
20:05:08,38.0,635,62% (4270 MB free)
20:05:09,38.0,746,62% (4269 MB free)
20:05:10,38.0,623,62% (4267 MB free)
20:05:11,38.0,730,62% (4266 MB free)
20:05:12,38.2,718,62% (4265 MB free)
20:05:13,38.2,695,62% (4264 MB free)
20:05:14,38.2,642,62% (4263 MB free)
20:05:15,38.2,659,62% (4262 MB free)
20:05:16,38.2,646,62% (4261 MB free)
20:05:17,38.2,846,62% (4260 MB free)
20:05:18,38.2,1208,62% (4206 MB free)
20:05:19,38.2,1412,62% (4227 MB free)
20:05:20,38.2,1163,63% (4185 MB free)
20:05:21,38.2,1023,63% (4172 MB free)
20:05:22,38.2,640,63% (4094 MB free)
20:05:23,38.2,759,63% (4140 MB free)
20:05:24,38.2,1114,63% (4127 MB free)
20:05:25,38.2,1096,63% (4111 MB free)
20:05:26,38.2,820,63% (4107 MB free)
20:05:27,38.2,995,63% (4096 MB free)
20:05:28,38.2,781,63% (4091 MB free)
20:05:29,38.2,799,63% (4090 MB free)
20:05:30,38.2,805,63% (4127 MB free)
20:05:31,38.2,1157,63% (4117 MB free)
20:05:32,38.2,853,64% (4086 MB free)
20:05:33,38.2,758,63% (4125 MB free)
20:05:34,38.2,1126,63% (4124 MB free)
20:05:35,38.2,1209,63% (4124 MB free)
20:05:36,38.2,1141,63% (4121 MB free)
20:05:37,38.2,1279,63% (4122 MB free)
20:05:38,38.2,1183,63% (4117 MB free)
20:05:39,38.2,1196,63% (4115 MB free)
20:05:40,38.2,1219,63% (4115 MB free)
20:05:41,38.2,1108,63% (4114 MB free)
20:05:42,38.2,1074,63% (4114 MB free)
20:05:43,38.2,1267,63% (4113 MB free)
20:05:44,38.2,1225,63% (4112 MB free)
20:05:45,38.2,1292,63% (4109 MB free)
20:05:46,38.2,1355,63% (4107 MB free)
20:05:47,38.2,1320,63% (4104 MB free)
20:05:49,38.2,1252,63% (4102 MB free)
20:05:50,38.2,1272,63% (4100 MB free)
20:05:51,38.2,1197,63% (4136 MB free)
20:05:52,38.2,1139,63% (4129 MB free)
20:05:53,38.2,799,63% (4129 MB free)
20:05:54,38.2,1164,63% (4136 MB free)
20:05:55,38.2,1061,63% (4131 MB free)
20:05:56,38.2,1103,63% (4130 MB free)
20:05:57,38.2,1147,63% (4130 MB free)
20:05:58,38.2,1187,63% (4130 MB free)
20:05:59,38.2,1184,63% (4130 MB free)
20:06:00,38.2,1125,63% (4128 MB free)
20:06:01,38.2,1096,63% (4128 MB free)
20:06:02,38.2,1076,63% (4127 MB free)
20:06:03,38.2,1135,63% (4128 MB free)
20:06:04,38.2,1139,63% (4127 MB free)
20:06:05,38.2,1062,63% (4127 MB free)
20:06:06,38.2,1083,63% (4127 MB free)
20:06:07,38.2,1089,63% (4126 MB free)
20:06:08,38.2,1073,63% (4135 MB free)
20:06:09,38.2,1141,63% (4135 MB free)
20:06:10,38.2,1069,63% (4134 MB free)
20:06:11,38.2,1058,63% (4133 MB free)
20:06:12,38.2,1115,63% (4132 MB free)
20:06:13,38.2,1083,63% (4132 MB free)
20:06:14,38.2,1131,63% (4132 MB free)
20:06:15,38.2,1093,63% (4131 MB free)
20:06:16,38.2,1084,63% (4130 MB free)
20:06:17,38.2,1080,63% (4130 MB free)
20:06:18,38.2,1093,63% (4127 MB free)
20:06:19,38.2,1139,63% (4127 MB free)
20:06:20,38.2,1102,63% (4127 MB free)
20:06:21,38.2,1096,63% (4127 MB free)
20:06:22,38.2,1072,63% (4126 MB free)
20:06:23,38.2,1108,63% (4126 MB free)
20:06:24,38.2,1127,63% (4126 MB free)
20:06:25,38.2,1137,63% (4125 MB free)
20:06:26,38.2,1096,63% (4125 MB free)
20:06:27,38.2,1025,63% (4125 MB free)
20:06:28,38.2,1056,63% (4125 MB free)
20:06:29,38.2,1131,63% (4125 MB free)
20:06:30,38.2,1096,63% (4125 MB free)
20:06:31,38.2,1099,63% (4124 MB free)
20:06:32,38.2,1099,63% (4123 MB free)
20:06:33,38.2,1122,63% (4121 MB free)
20:06:34,38.2,1187,63% (4183 MB free)
20:06:35,38.2,1094,63% (4181 MB free)
20:06:36,38.2,1119,63% (4183 MB free)
20:06:37,38.2,1136,63% (4183 MB free)
20:06:38,38.2,657,63% (4180 MB free)
20:06:39,38.2,618,63% (4183 MB free)
20:06:40,38.2,1266,63% (4182 MB free)
20:06:41,38.2,1273,63% (4182 MB free)
20:06:42,38.2,1305,63% (4181 MB free)
20:06:43,38.2,1310,63% (4180 MB free)
20:06:44,38.2,576,63% (4201 MB free)
20:06:45,38.2,758,62% (4203 MB free)
20:06:46,38.2,662,62% (4204 MB free)
20:06:47,38.2,656,62% (4204 MB free)
20:06:48,38.2,646,62% (4203 MB free)
20:06:50,38.2,1167,62% (4203 MB free)
20:06:51,38.2,1166,62% (4203 MB free)
20:06:52,38.2,1240,63% (4201 MB free)
20:06:53,38.2,1267,63% (4193 MB free)
20:06:54,38.2,1357,63% (4191 MB free)
20:06:55,38.2,1284,63% (4189 MB free)
20:06:56,38.2,1261,63% (4188 MB free)
20:06:57,38.2,1187,63% (4188 MB free)
20:06:58,38.2,1202,63% (4187 MB free)
20:06:59,38.2,1209,63% (4187 MB free)
20:07:00,38.2,1183,63% (4186 MB free)
20:07:01,38.2,1214,63% (4185 MB free)
20:07:02,38.2,1171,63% (4184 MB free)
20:07:03,38.2,1143,63% (4184 MB free)
20:07:04,38.2,1038,63% (4190 MB free)
20:07:05,38.2,1078,63% (4190 MB free)
20:07:06,38.2,1099,63% (4189 MB free)
20:07:07,38.2,1115,63% (4189 MB free)
20:07:08,38.2,1067,63% (4188 MB free)
20:07:09,38.2,1110,63% (4188 MB free)
20:07:10,38.2,1101,63% (4187 MB free)
20:07:11,38.2,1082,63% (4186 MB free)
20:07:12,38.2,1082,63% (4185 MB free)
20:07:13,38.2,1070,63% (4184 MB free)
20:07:14,38.2,1107,63% (4184 MB free)
20:07:15,38.2,1086,63% (4183 MB free)
20:07:16,38.2,1082,63% (4183 MB free)
20:07:17,38.2,1121,63% (4182 MB free)
20:07:18,38.2,1060,63% (4180 MB free)
20:07:19,38.2,1178,63% (4180 MB free)
20:07:20,38.2,1094,63% (4178 MB free)
20:07:21,38.2,1133,63% (4187 MB free)
20:07:22,38.2,1127,63% (4184 MB free)
20:07:23,38.2,1094,63% (4184 MB free)
20:07:24,38.2,1094,63% (4181 MB free)
20:07:25,38.2,1092,63% (4180 MB free)
20:07:26,38.2,1082,63% (4181 MB free)
20:07:27,38.2,1141,63% (4181 MB free)
20:07:28,38.2,1100,63% (4179 MB free)
20:07:29,38.2,1083,63% (4179 MB free)
20:07:30,38.2,1020,63% (4178 MB free)
20:07:31,38.2,1028,63% (4178 MB free)
20:07:32,38.2,1047,63% (4177 MB free)
20:07:33,38.2,1120,63% (4178 MB free)
20:07:34,38.2,1050,63% (4177 MB free)
20:07:35,38.2,1115,63% (4175 MB free)
20:07:36,38.2,1161,63% (4175 MB free)
20:07:37,38.2,1151,63% (4175 MB free)
20:07:38,38.2,1162,63% (4174 MB free)
20:07:39,38.2,1171,63% (4169 MB free)
20:07:40,38.2,1291,63% (4167 MB free)
20:07:41,38.2,1160,63% (4166 MB free)
20:07:42,38.2,1146,63% (4166 MB free)
20:07:43,38.2,1099,63% (4166 MB free)
20:07:44,38.2,1091,63% (4164 MB free)
20:07:45,38.2,1143,63% (4175 MB free)
20:07:46,38.2,1132,63% (4172 MB free)
20:07:47,38.2,1092,63% (4172 MB free)
20:07:48,38.2,1119,63% (4171 MB free)
20:07:49,38.2,1104,63% (4169 MB free)
20:07:50,38.2,1179,63% (4168 MB free)
20:07:51,38.2,1121,63% (4168 MB free)
20:07:53,38.2,1098,63% (4169 MB free)
20:07:54,38.2,1174,63% (4166 MB free)
20:07:55,38.2,1119,63% (4166 MB free)
20:07:56,38.2,1112,63% (4165 MB free)
20:07:57,38.3,1102,63% (4164 MB free)
20:07:58,38.3,1090,63% (4163 MB free)
20:07:59,38.3,1113,63% (4163 MB free)
20:08:00,38.3,1116,63% (4162 MB free)
20:08:01,38.3,1212,63% (4161 MB free)
20:08:02,38.3,1127,63% (4162 MB free)
20:08:03,38.3,1174,63% (4160 MB free)
20:08:04,38.3,1082,63% (4159 MB free)
20:08:05,38.3,1101,63% (4158 MB free)
20:08:06,38.4,1107,63% (4156 MB free)
20:08:07,38.4,1117,63% (4153 MB free)
20:08:08,38.4,1115,63% (4152 MB free)
20:08:09,38.4,1125,63% (4151 MB free)
20:08:10,38.4,1138,63% (4150 MB free)
20:08:11,38.4,1101,63% (4149 MB free)
20:08:12,38.4,831,63% (4149 MB free)
20:08:13,38.4,1219,63% (4148 MB free)
20:08:14,38.4,1219,63% (4145 MB free)
20:08:15,38.4,1214,63% (4145 MB free)
20:08:16,38.4,1273,63% (4154 MB free)
20:08:17,38.4,1228,63% (4150 MB free)
20:08:18,38.4,1224,63% (4150 MB free)
20:08:19,38.4,577,63% (4146 MB free)
20:08:20,38.4,736,63% (4143 MB free)
20:08:21,38.4,1164,63% (4142 MB free)
20:08:22,38.4,972,63% (4142 MB free)
20:08:23,38.4,664,63% (4141 MB free)
20:08:24,38.4,579,63% (4142 MB free)
20:08:25,38.4,1184,63% (4139 MB free)
20:08:26,38.4,1091,63% (4137 MB free)
20:08:27,38.4,1107,63% (4137 MB free)
20:08:28,38.4,926,63% (4134 MB free)
20:08:29,38.4,1059,63% (4133 MB free)
20:08:30,38.4,1097,63% (4130 MB free)
20:08:31,38.4,1119,63% (4126 MB free)
20:08:32,38.4,1312,63% (4120 MB free)
20:08:33,38.4,1036,63% (4118 MB free)
20:08:34,38.4,1066,63% (4114 MB free)
20:08:35,38.4,955,63% (4123 MB free)
20:08:36,38.4,970,63% (4121 MB free)
20:08:37,38.4,986,63% (4120 MB free)
20:08:38,38.4,976,63% (4119 MB free)
20:08:39,38.4,950,63% (4117 MB free)
20:08:40,38.4,890,63% (4113 MB free)
20:08:41,38.4,1221,63% (4112 MB free)
20:08:42,38.4,1222,63% (4109 MB free)
20:08:43,38.4,1283,63% (4106 MB free)
20:08:44,38.4,1244,63% (4104 MB free)
20:08:45,38.4,1280,63% (4100 MB free)
20:08:46,38.4,1278,63% (4096 MB free)
20:08:47,38.4,1241,63% (4093 MB free)
20:08:48,38.4,1239,63% (4090 MB free)
20:08:49,38.4,1254,64% (4086 MB free)
20:08:50,38.4,920,64% (4084 MB free)
20:08:51,38.4,585,64% (4082 MB free)
20:08:52,38.4,1231,64% (4079 MB free)
20:08:54,38.4,1222,64% (4078 MB free)
20:08:55,38.4,1216,64% (4076 MB free)
20:08:56,38.4,1182,64% (4073 MB free)
20:08:57,38.4,1115,64% (4071 MB free)
20:08:58,38.4,926,64% (4067 MB free)
20:08:59,38.4,1130,64% (4066 MB free)
20:09:00,38.4,1113,64% (4065 MB free)
20:09:01,38.4,1137,64% (4065 MB free)
20:09:02,38.4,1089,64% (4064 MB free)
20:09:03,38.4,1142,63% (4123 MB free)
20:09:04,38.4,1134,63% (4121 MB free)
20:09:05,38.4,1086,63% (4117 MB free)
20:09:06,38.4,1091,63% (4113 MB free)
20:09:07,38.4,1217,63% (4113 MB free)
20:09:08,38.4,1135,63% (4113 MB free)
20:09:09,38.4,1163,63% (4112 MB free)
20:09:10,38.4,1135,63% (4109 MB free)
20:09:11,38.4,1148,63% (4108 MB free)
20:09:12,38.4,1200,63% (4107 MB free)
20:09:13,38.4,1081,63% (4106 MB free)
20:09:14,38.4,1138,63% (4105 MB free)
20:09:15,38.4,1096,63% (4102 MB free)
20:09:16,38.4,1243,63% (4099 MB free)
20:09:17,38.4,1089,63% (4097 MB free)
20:09:18,38.4,1087,63% (4095 MB free)
20:09:19,38.4,1149,63% (4092 MB free)
20:09:20,38.4,1089,63% (4092 MB free)
20:09:21,38.4,1087,63% (4089 MB free)
20:09:22,38.4,1114,64% (4086 MB free)
20:09:23,38.4,1093,64% (4084 MB free)
20:09:24,38.4,1125,64% (4083 MB free)
20:09:25,38.4,1084,64% (4082 MB free)
20:09:26,38.4,1085,64% (4078 MB free)
20:09:27,38.4,1091,64% (4076 MB free)
20:09:28,38.4,1145,64% (4075 MB free)
20:09:29,38.4,1149,64% (4074 MB free)
20:09:30,38.4,1103,64% (4073 MB free)
20:09:31,38.4,1149,64% (4072 MB free)
20:09:32,38.4,1114,64% (4069 MB free)
20:09:33,38.4,1091,64% (4068 MB free)
20:09:34,38.4,1212,64% (4067 MB free)
20:09:35,38.4,1096,64% (4066 MB free)
20:09:36,38.4,1110,64% (4064 MB free)
20:09:37,38.4,1113,64% (4062 MB free)
20:09:38,38.4,1097,64% (4060 MB free)
20:09:39,38.4,1120,64% (4070 MB free)
20:09:40,38.4,1094,64% (4068 MB free)
20:09:41,38.4,1029,64% (4067 MB free)
20:09:42,38.4,1105,64% (4065 MB free)
20:09:43,38.4,1091,64% (4065 MB free)
20:09:44,38.4,1153,64% (4063 MB free)
20:09:45,38.4,1041,64% (4063 MB free)
20:09:46,38.4,1029,64% (4060 MB free)
20:09:47,38.4,1059,64% (4059 MB free)
20:09:48,38.4,1105,64% (4057 MB free)
20:09:49,38.4,1126,64% (4056 MB free)
20:09:50,38.4,1067,63% (4104 MB free)
20:09:51,38.4,1076,63% (4102 MB free)
20:09:52,38.4,1123,63% (4099 MB free)
20:09:53,38.4,1100,63% (4097 MB free)
20:09:54,38.4,1141,63% (4096 MB free)
20:09:56,38.4,1107,63% (4092 MB free)
20:09:57,38.4,1084,63% (4089 MB free)
20:09:58,38.4,1139,64% (4088 MB free)
20:09:59,38.4,1156,64% (4087 MB free)
20:10:00,38.4,1186,64% (4085 MB free)
20:10:01,38.4,1096,64% (4082 MB free)
20:10:02,38.4,1090,64% (4082 MB free)
20:10:03,38.4,1167,64% (4081 MB free)
20:10:04,38.4,1167,64% (4080 MB free)
20:10:05,38.4,1252,64% (4080 MB free)
20:10:06,38.4,1214,64% (4078 MB free)
20:10:07,38.4,1211,64% (4077 MB free)
20:10:08,38.4,1069,64% (4077 MB free)
20:10:09,38.4,1142,64% (4077 MB free)
20:10:10,38.4,1065,64% (4076 MB free)
20:10:11,38.4,1019,64% (4076 MB free)
20:10:12,38.4,1063,64% (4075 MB free)
20:10:13,38.4,1121,64% (4072 MB free)
20:10:14,38.4,1243,64% (4072 MB free)
20:10:15,38.4,1201,64% (4072 MB free)
20:10:16,38.4,1125,64% (4072 MB free)
20:10:17,38.4,1257,64% (4072 MB free)
20:10:18,38.4,1196,64% (4071 MB free)
20:10:19,38.4,1150,64% (4069 MB free)
20:10:20,38.4,1240,64% (4069 MB free)
20:10:21,38.4,1105,64% (4067 MB free)
20:10:22,38.4,1188,64% (4062 MB free)
20:10:23,38.4,840,64% (4060 MB free)
20:10:24,38.4,1329,64% (4060 MB free)
20:10:25,38.4,1329,64% (4058 MB free)
20:10:26,38.4,1297,64% (4055 MB free)
20:10:27,38.4,1297,64% (4053 MB free)
20:10:28,38.4,1315,64% (4058 MB free)
20:10:29,38.4,1316,64% (4053 MB free)
20:10:30,38.6,1264,64% (4048 MB free)
20:10:31,38.6,980,64% (4044 MB free)
20:10:32,38.6,1179,63% (4090 MB free)
20:10:33,38.6,1276,64% (4084 MB free)
20:10:34,38.6,1270,64% (4081 MB free)
20:10:35,38.6,1233,64% (4074 MB free)
20:10:36,38.6,1196,64% (4076 MB free)
20:10:37,38.6,526,64% (4069 MB free)
20:10:38,38.6,928,64% (4068 MB free)
20:10:39,38.6,1015,64% (4068 MB free)
20:10:40,38.6,1271,63% (4128 MB free)
20:10:41,38.6,562,63% (4126 MB free)
20:10:42,38.6,1125,63% (4124 MB free)
20:10:43,38.6,1219,63% (4121 MB free)
20:10:44,38.6,1006,63% (4122 MB free)
20:10:45,38.6,801,63% (4120 MB free)
20:10:46,38.6,784,63% (4119 MB free)
20:10:47,38.6,833,63% (4118 MB free)
20:10:48,38.6,898,63% (4118 MB free)
20:10:49,38.6,787,63% (4110 MB free)
20:10:50,38.6,885,63% (4109 MB free)
20:10:51,38.6,826,63% (4108 MB free)
20:10:52,38.6,1249,63% (4107 MB free)
20:10:53,38.6,1283,63% (4115 MB free)
20:10:54,38.6,1331,63% (4130 MB free)
20:10:56,38.6,1267,63% (4128 MB free)
20:10:57,38.6,1267,63% (4127 MB free)
20:10:58,38.6,1312,63% (4125 MB free)
20:10:59,38.6,1388,63% (4123 MB free)
20:11:00,38.6,1323,63% (4121 MB free)
20:11:01,38.6,1293,63% (4120 MB free)
20:11:02,38.6,1287,63% (4119 MB free)
20:11:03,38.6,1295,63% (4117 MB free)
20:11:04,38.6,1318,63% (4115 MB free)
20:11:05,38.6,1325,63% (4115 MB free)
20:11:06,38.6,1223,63% (4113 MB free)
20:11:07,38.6,1318,63% (4111 MB free)
20:11:08,38.6,1321,63% (4109 MB free)
20:11:09,38.6,1215,63% (4109 MB free)
20:11:10,38.6,1261,63% (4107 MB free)
20:11:11,38.6,1241,63% (4106 MB free)
20:11:12,38.6,1285,63% (4104 MB free)
20:11:13,38.6,1288,63% (4102 MB free)
20:11:14,38.6,1264,63% (4099 MB free)
20:11:15,38.6,1259,63% (4099 MB free)
20:11:16,38.6,1240,63% (4096 MB free)
20:11:17,38.6,1272,63% (4095 MB free)
20:11:18,38.6,1192,63% (4092 MB free)
20:11:19,38.6,1290,63% (4089 MB free)
20:11:20,38.6,1285,64% (4087 MB free)
20:11:21,38.6,1299,64% (4086 MB free)
20:11:22,38.6,1299,64% (4084 MB free)
20:11:23,38.6,1199,64% (4083 MB free)
20:11:24,38.6,1144,64% (4082 MB free)
20:11:25,38.6,978,64% (4081 MB free)
20:11:26,38.6,719,64% (4080 MB free)
20:11:27,38.6,1206,64% (4079 MB free)
20:11:28,38.6,1133,64% (4079 MB free)
20:11:29,38.6,1089,64% (4079 MB free)
20:11:30,38.6,1100,64% (4077 MB free)
20:11:31,38.6,1165,64% (4077 MB free)
20:11:32,38.6,1073,64% (4076 MB free)
20:11:33,38.6,1010,64% (4074 MB free)
20:11:34,38.6,1086,64% (4073 MB free)
20:11:35,38.6,992,64% (4068 MB free)
20:11:36,38.6,1218,64% (4066 MB free)
20:11:37,38.6,1181,64% (4064 MB free)
20:11:38,38.6,1162,64% (4064 MB free)
20:11:39,38.6,1122,64% (4062 MB free)
20:11:40,38.6,1095,64% (4061 MB free)
20:11:41,38.6,1040,64% (4060 MB free)
20:11:42,38.6,1079,64% (4059 MB free)
20:11:43,38.6,1057,64% (4058 MB free)
20:11:44,38.6,1118,64% (4057 MB free)
20:11:45,38.6,1128,64% (4056 MB free)
20:11:46,38.6,1073,64% (4056 MB free)
20:11:47,38.6,1146,64% (4056 MB free)
20:11:48,38.6,1113,64% (4055 MB free)
20:11:49,38.6,1127,64% (4054 MB free)
20:11:50,38.6,1109,64% (4053 MB free)
20:11:51,38.6,1046,64% (4053 MB free)
20:11:53,38.6,1030,64% (4052 MB free)
20:11:54,38.6,1128,64% (4049 MB free)
20:11:55,38.6,1199,64% (4048 MB free)
20:11:56,38.6,1168,64% (4046 MB free)
20:11:57,38.6,1207,64% (4045 MB free)
20:11:58,38.6,1268,64% (4042 MB free)
20:11:59,38.6,1290,64% (4041 MB free)
20:12:00,38.6,1182,64% (4036 MB free)
20:12:01,38.6,1118,64% (4035 MB free)
20:12:02,38.6,788,64% (4033 MB free)
20:12:03,38.6,646,64% (4084 MB free)
20:12:04,38.6,665,64% (4083 MB free)
20:12:05,38.6,1165,64% (4083 MB free)
20:12:06,38.6,1163,64% (4078 MB free)
20:12:07,38.6,1233,64% (4077 MB free)
20:12:08,38.6,1123,64% (4076 MB free)
20:12:09,38.6,980,64% (4073 MB free)
20:12:10,38.6,994,64% (4070 MB free)
20:12:11,38.6,1027,64% (4070 MB free)
20:12:12,38.6,661,64% (4069 MB free)
20:12:13,38.6,671,64% (4068 MB free)
20:12:14,38.6,712,64% (4067 MB free)
20:12:15,38.6,953,64% (4067 MB free)
20:12:16,38.6,898,64% (4072 MB free)
20:12:17,38.6,1313,64% (4070 MB free)
20:12:18,38.6,1276,64% (4068 MB free)
20:12:19,38.6,1303,64% (4065 MB free)
20:12:20,38.6,1288,64% (4064 MB free)
20:12:21,38.6,1177,64% (4061 MB free)
20:12:22,38.6,1204,64% (4060 MB free)
20:12:23,38.6,1292,64% (4066 MB free)
20:12:24,38.6,1272,64% (4064 MB free)
20:12:25,38.6,1225,64% (4062 MB free)
20:12:26,38.6,1263,64% (4060 MB free)
20:12:27,38.6,1327,64% (4056 MB free)
20:12:28,38.6,1288,64% (4052 MB free)
20:12:29,38.6,1268,64% (4051 MB free)
20:12:30,38.6,1213,64% (4046 MB free)
20:12:31,38.6,1117,64% (4044 MB free)
20:12:32,38.6,1261,64% (4040 MB free)
20:12:33,38.6,1122,64% (4038 MB free)
20:12:34,38.6,1096,64% (4038 MB free)
20:12:35,38.6,1168,64% (4037 MB free)
20:12:36,38.6,1124,64% (4034 MB free)
20:12:37,38.6,1090,64% (4075 MB free)
20:12:38,38.6,1135,64% (4074 MB free)
20:12:39,38.6,1135,64% (4071 MB free)
20:12:40,38.6,1116,64% (4066 MB free)
20:12:41,38.6,1041,64% (4065 MB free)
20:12:42,38.6,870,64% (4059 MB free)
20:12:43,38.6,683,64% (4058 MB free)
20:12:44,38.6,779,64% (4058 MB free)
20:12:45,38.6,1093,64% (4058 MB free)
20:12:46,38.6,1088,64% (4057 MB free)
20:12:47,38.6,1084,64% (4056 MB free)
20:12:48,38.6,1100,64% (4054 MB free)
20:12:49,38.6,1143,64% (4054 MB free)
20:12:50,38.6,1113,64% (4053 MB free)
20:12:51,38.6,1098,64% (4053 MB free)
20:12:53,38.6,1100,64% (4053 MB free)
20:12:54,38.6,1064,64% (4052 MB free)
20:12:55,38.6,1099,64% (4050 MB free)
20:12:56,38.6,1080,64% (4051 MB free)
20:12:57,38.6,1040,64% (4051 MB free)
20:12:58,38.6,1066,64% (4049 MB free)
20:12:59,38.6,1118,64% (4049 MB free)
20:13:00,38.6,1133,64% (4050 MB free)
20:13:01,38.6,1178,64% (4050 MB free)
20:13:02,38.6,1082,64% (4049 MB free)
20:13:03,38.6,1082,64% (4049 MB free)
20:13:04,38.6,1068,64% (4048 MB free)
20:13:05,38.6,1123,64% (4047 MB free)
20:13:06,38.6,1071,64% (4044 MB free)
20:13:07,38.6,1068,64% (4044 MB free)
20:13:08,38.6,1084,64% (4043 MB free)
20:13:09,38.6,1074,64% (4043 MB free)
20:13:10,38.6,1101,64% (4042 MB free)
20:13:11,38.6,1066,64% (3977 MB free)
20:13:12,38.6,1384,65% (3928 MB free)
20:13:13,38.6,1206,64% (3980 MB free)
20:13:14,38.9,1295,65% (3952 MB free)
20:13:15,38.9,1272,65% (3934 MB free)
20:13:16,38.9,1138,65% (3931 MB free)
20:13:17,38.9,1287,65% (3894 MB free)
20:13:18,38.9,1428,65% (3879 MB free)
20:13:19,38.9,1333,65% (3878 MB free)
20:13:20,38.9,1155,65% (3878 MB free)
20:13:21,38.9,1141,65% (3872 MB free)
20:13:22,38.9,1147,65% (3871 MB free)
20:13:23,38.9,1217,65% (3864 MB free)
20:13:24,38.9,1163,66% (3860 MB free)
20:13:25,38.9,1260,65% (3907 MB free)
20:13:26,38.9,1174,65% (3907 MB free)
20:13:27,38.9,1195,65% (3901 MB free)
20:13:28,38.9,1201,65% (3898 MB free)
20:13:30,38.9,1163,66% (3851 MB free)
20:13:31,38.9,1279,66% (3773 MB free)
20:13:32,38.9,1248,66% (3854 MB free)
20:13:33,38.9,1118,53% (5244 MB free)
20:13:34,38.9,1086,54% (5149 MB free)
20:13:35,38.9,1295,55% (5021 MB free)
20:13:36,38.9,1002,56% (4890 MB free)
20:13:37,38.9,615,57% (4798 MB free)
20:13:38,38.9,687,57% (4792 MB free)
20:13:39,38.9,558,57% (4790 MB free)
20:13:40,38.9,664,57% (4789 MB free)
20:13:41,38.9,625,58% (4754 MB free)
20:13:42,38.9,620,59% (4555 MB free)
20:13:43,38.9,714,59% (4547 MB free)
20:13:44,38.9,983,59% (4551 MB free)
20:13:45,38.9,941,59% (4551 MB free)
20:13:46,38.9,1020,59% (4550 MB free)
20:13:47,38.9,940,59% (4549 MB free)
20:13:48,38.9,959,59% (4549 MB free)
20:13:49,38.9,964,59% (4548 MB free)
20:13:50,38.9,937,59% (4547 MB free)
20:13:51,38.9,872,59% (4591 MB free)
20:13:52,38.9,901,59% (4557 MB free)
20:13:53,38.9,1452,60% (4507 MB free)
20:13:54,38.9,1428,59% (4548 MB free)
20:13:55,39.1,1005,60% (4538 MB free)
20:13:56,39.1,1120,60% (4532 MB free)
20:13:57,39.1,831,60% (4526 MB free)
20:13:58,39.1,909,60% (4436 MB free)
20:13:59,39.1,807,61% (4418 MB free)
20:14:00,39.1,1004,61% (4344 MB free)
20:14:01,39.1,1071,61% (4338 MB free)
20:14:02,39.1,809,61% (4333 MB free)
20:14:03,39.1,973,61% (4318 MB free)
20:14:04,39.1,958,62% (4300 MB free)
20:14:05,38.8,1007,62% (4312 MB free)
20:14:06,38.8,962,62% (4293 MB free)
20:14:07,38.8,967,62% (4279 MB free)
20:14:08,38.8,959,62% (4270 MB free)
20:14:09,38.8,954,62% (4220 MB free)
20:14:10,38.8,1031,62% (4261 MB free)
20:14:11,38.8,1265,62% (4237 MB free)
20:14:12,38.8,1216,62% (4233 MB free)
20:14:13,38.8,1225,62% (4222 MB free)
20:14:14,38.8,1246,62% (4218 MB free)
20:14:15,38.8,1078,62% (4213 MB free)
20:14:16,38.8,1012,62% (4235 MB free)
20:14:17,38.8,1367,62% (4242 MB free)
20:14:18,38.8,821,62% (4219 MB free)
20:14:19,38.8,1125,62% (4203 MB free)
20:14:20,38.8,787,63% (4181 MB free)
20:14:21,38.8,636,63% (4178 MB free)
20:14:22,38.8,616,63% (4141 MB free)
20:14:23,38.8,675,63% (4110 MB free)
20:14:24,38.8,928,63% (4112 MB free)
20:14:25,38.8,708,63% (4110 MB free)
20:14:26,38.8,1129,63% (4089 MB free)
20:14:27,38.8,1123,64% (4062 MB free)
20:14:28,38.8,830,64% (4048 MB free)
20:14:29,38.8,891,64% (4047 MB free)
20:14:30,38.8,689,64% (4038 MB free)
20:14:31,38.8,670,64% (4033 MB free)
20:14:32,38.8,1086,64% (4028 MB free)
20:14:33,38.8,1127,64% (4025 MB free)
20:14:34,38.8,1103,64% (4022 MB free)
20:14:35,38.8,1095,64% (4019 MB free)
20:14:37,38.8,1074,64% (4014 MB free)
20:14:38,38.8,1061,64% (4011 MB free)
20:14:39,38.8,1088,64% (4010 MB free)
20:14:40,38.8,1067,64% (4007 MB free)
20:14:41,38.8,1028,64% (4005 MB free)
20:14:42,38.8,1088,64% (3999 MB free)
20:14:43,38.8,1176,64% (3997 MB free)
20:14:44,38.8,1144,64% (4039 MB free)
20:14:45,38.8,1218,64% (4037 MB free)
20:14:46,38.8,1164,64% (4017 MB free)
20:14:47,38.8,1080,64% (4014 MB free)
20:14:48,38.8,1129,64% (4013 MB free)
20:14:49,38.8,1075,64% (4012 MB free)
20:14:50,38.8,1071,64% (4011 MB free)
20:14:51,38.8,1122,64% (4009 MB free)
20:14:52,38.8,1083,64% (4007 MB free)
20:14:53,38.8,1085,64% (4005 MB free)
20:14:54,38.8,1078,64% (4001 MB free)
20:14:55,38.8,1064,64% (4017 MB free)
20:14:56,38.8,810,64% (4040 MB free)
20:14:57,38.8,1110,64% (4037 MB free)
20:14:58,38.8,1148,64% (4034 MB free)
20:14:59,38.8,1106,64% (4033 MB free)
20:15:00,38.8,1112,64% (4033 MB free)
20:15:01,38.8,1112,64% (4032 MB free)
20:15:02,38.8,1109,64% (4032 MB free)
20:15:03,38.8,1061,64% (4031 MB free)
20:15:04,38.8,1067,64% (4029 MB free)
20:15:05,38.8,1118,64% (4028 MB free)
20:15:06,38.8,1140,64% (4025 MB free)
20:15:07,38.8,1115,64% (4024 MB free)
20:15:08,38.8,1084,64% (4023 MB free)
20:15:09,38.8,1128,64% (4022 MB free)
20:15:10,38.8,1088,64% (4020 MB free)
20:15:11,38.8,1102,64% (4020 MB free)
20:15:12,38.8,1097,64% (4019 MB free)
20:15:13,38.8,1117,64% (4018 MB free)
20:15:14,38.8,1120,64% (4016 MB free)
20:15:15,38.8,1189,64% (4015 MB free)
20:15:16,38.8,1054,64% (4013 MB free)
20:15:17,38.8,1076,63% (4094 MB free)
20:15:18,38.8,1110,63% (4093 MB free)
20:15:19,38.8,1183,63% (4093 MB free)
20:15:20,38.8,1117,63% (4092 MB free)
20:15:21,38.8,1101,63% (4091 MB free)
20:15:22,38.8,1093,63% (4091 MB free)
20:15:23,38.8,1077,63% (4089 MB free)
20:15:24,38.8,1085,64% (4088 MB free)
20:15:25,38.8,1044,64% (4088 MB free)
20:15:26,38.8,1002,64% (4088 MB free)
20:15:27,38.8,1047,64% (4088 MB free)
20:15:28,38.8,1124,64% (4085 MB free)
20:15:29,38.8,1121,64% (4084 MB free)
20:15:30,38.8,1090,64% (4082 MB free)
20:15:31,38.8,1167,64% (4083 MB free)
20:15:32,38.8,1106,64% (4082 MB free)
20:15:33,38.8,1121,64% (4080 MB free)
20:15:34,38.8,1066,64% (4077 MB free)
20:15:35,38.8,1211,64% (4077 MB free)
20:15:36,38.8,1109,64% (4077 MB free)
20:15:37,38.8,1095,64% (4076 MB free)
20:15:38,38.8,1144,64% (4076 MB free)
20:15:40,38.8,1153,64% (4075 MB free)
20:15:41,38.8,1035,64% (4076 MB free)
20:15:42,38.8,774,64% (4035 MB free)
20:15:43,38.8,722,64% (4034 MB free)
20:15:44,38.8,711,64% (4033 MB free)
20:15:45,38.8,674,64% (4032 MB free)
20:15:46,38.8,645,64% (4031 MB free)
20:15:47,38.8,648,64% (4032 MB free)
20:15:48,38.8,633,64% (4031 MB free)
20:15:49,38.8,708,64% (4030 MB free)
20:15:50,38.8,661,64% (4030 MB free)
20:15:51,38.8,609,64% (4031 MB free)
20:15:52,38.8,615,64% (4033 MB free)
20:15:53,38.8,698,64% (4030 MB free)
20:15:54,38.8,713,64% (4029 MB free)
20:15:55,38.8,707,64% (4028 MB free)
20:15:56,38.8,651,64% (4026 MB free)
20:15:57,38.8,774,64% (4027 MB free)
20:15:58,38.8,676,64% (4037 MB free)
20:15:59,38.8,754,64% (4036 MB free)
20:16:00,38.8,669,64% (4036 MB free)
20:16:01,38.8,717,64% (4035 MB free)
20:16:02,38.8,693,64% (4034 MB free)
20:16:03,38.8,682,64% (4034 MB free)
20:16:04,38.8,694,64% (4033 MB free)
20:16:05,38.8,602,64% (4032 MB free)
20:16:06,38.8,553,64% (4032 MB free)
20:16:07,38.8,471,64% (4032 MB free)
20:16:08,38.8,475,64% (4031 MB free)
20:16:09,38.8,585,64% (4031 MB free)
20:16:10,38.8,599,64% (4030 MB free)
20:16:11,38.8,632,64% (4029 MB free)
20:16:12,38.8,635,64% (4028 MB free)
20:16:13,38.8,663,64% (4027 MB free)
20:16:14,38.8,697,64% (4026 MB free)
20:16:15,38.8,601,64% (4026 MB free)
20:16:16,38.8,675,64% (4068 MB free)
20:16:17,38.8,511,63% (4105 MB free)
20:16:18,38.8,862,63% (4094 MB free)
20:16:19,38.8,898,63% (4089 MB free)
20:16:20,38.8,1097,64% (4086 MB free)
20:16:21,38.8,1095,64% (4084 MB free)
20:16:22,38.8,973,64% (4080 MB free)
20:16:23,38.8,1006,64% (4061 MB free)
20:16:24,38.8,1326,63% (4105 MB free)
20:16:25,38.8,1020,63% (4104 MB free)
20:16:26,38.8,981,63% (4103 MB free)
20:16:27,38.8,1066,63% (4102 MB free)
20:16:28,38.8,1011,63% (4097 MB free)
20:16:29,38.8,930,63% (4095 MB free)
20:16:30,38.8,710,64% (4087 MB free)
20:16:31,38.8,1010,64% (4079 MB free)
20:16:32,38.8,667,64% (4075 MB free)
20:16:33,38.8,1227,64% (4073 MB free)
20:16:34,38.8,1152,64% (4070 MB free)
20:16:35,38.8,1193,64% (4067 MB free)
20:16:36,38.8,1197,64% (4046 MB free)
20:16:37,38.8,1177,64% (4038 MB free)
20:16:38,38.8,974,64% (4036 MB free)
20:16:39,38.8,877,64% (4033 MB free)
20:16:40,38.8,1269,64% (4024 MB free)
20:16:41,38.8,1063,64% (4063 MB free)
20:16:42,38.8,1108,64% (4058 MB free)
20:16:43,38.8,1125,64% (4047 MB free)
20:16:44,38.8,1154,64% (4046 MB free)
20:16:45,38.8,1088,64% (4041 MB free)
20:16:46,38.8,1124,64% (4032 MB free)
20:16:47,38.8,1347,64% (4010 MB free)
20:16:49,38.8,1356,64% (3987 MB free)
20:16:50,38.8,1331,64% (4007 MB free)
20:16:51,38.8,1314,64% (4005 MB free)
20:16:52,38.8,1241,64% (4002 MB free)
20:16:53,38.8,1151,64% (3991 MB free)
20:16:54,38.8,1247,65% (3957 MB free)
20:16:55,38.8,764,65% (3953 MB free)
20:16:56,38.8,878,65% (3948 MB free)
20:16:57,38.8,692,65% (3945 MB free)
20:16:58,38.8,1228,65% (3966 MB free)
20:16:59,38.8,1189,65% (3970 MB free)
20:17:00,38.8,768,65% (3967 MB free)
20:17:01,38.8,679,65% (3965 MB free)
20:17:02,38.8,710,65% (3965 MB free)
20:17:03,38.8,639,65% (3941 MB free)
20:17:04,38.8,917,65% (3900 MB free)
20:17:05,38.8,1068,65% (3899 MB free)
20:17:06,38.8,754,65% (3898 MB free)
20:17:07,38.8,630,65% (3896 MB free)
20:17:08,38.8,629,65% (3893 MB free)
20:17:09,38.8,601,65% (3892 MB free)
20:17:10,38.8,794,65% (3887 MB free)
20:17:11,38.8,669,65% (3881 MB free)
20:17:12,38.8,733,65% (3881 MB free)
20:17:13,38.8,664,65% (3880 MB free)
20:17:14,38.8,676,65% (3879 MB free)
20:17:15,38.8,706,65% (3879 MB free)
20:17:16,38.8,658,65% (3878 MB free)
20:17:17,38.8,663,65% (3877 MB free)
20:17:18,38.8,673,65% (3877 MB free)
20:17:19,38.8,657,65% (3876 MB free)
20:17:20,38.8,712,65% (3875 MB free)
20:17:21,38.8,652,65% (3874 MB free)
20:17:22,38.8,665,65% (3873 MB free)
20:17:23,38.8,656,65% (3866 MB free)
20:17:24,38.8,722,65% (3864 MB free)
20:17:25,38.8,769,65% (3863 MB free)
20:17:26,38.8,686,65% (3863 MB free)
20:17:27,38.8,659,65% (3862 MB free)
20:17:28,38.8,752,65% (3863 MB free)
20:17:29,38.8,725,65% (3863 MB free)
20:17:30,38.8,600,65% (3862 MB free)
20:17:31,38.8,753,65% (3862 MB free)
20:17:32,38.8,754,65% (3862 MB free)
20:17:33,38.8,648,66% (3861 MB free)
20:17:34,38.8,785,66% (3860 MB free)
20:17:35,38.8,702,66% (3859 MB free)
20:17:36,38.8,665,66% (3858 MB free)
20:17:37,38.8,671,66% (3858 MB free)
20:17:38,38.8,708,65% (3893 MB free)
20:17:39,38.8,879,65% (3893 MB free)
20:17:40,38.8,780,65% (3892 MB free)
20:17:41,38.8,814,65% (3889 MB free)
20:17:42,38.8,828,65% (3876 MB free)
20:17:43,38.8,995,66% (3759 MB free)
20:17:44,38.8,823,67% (3701 MB free)
20:17:45,38.8,892,67% (3679 MB free)
20:17:46,38.8,909,68% (3603 MB free)
20:17:47,38.8,1166,68% (3549 MB free)
20:17:48,38.8,872,69% (3492 MB free)
20:17:49,38.8,1364,69% (3462 MB free)
20:17:50,38.8,1262,69% (3457 MB free)
20:17:51,38.8,1255,69% (3451 MB free)
20:17:52,38.8,1261,69% (3449 MB free)
20:17:53,38.8,1149,69% (3445 MB free)
20:17:54,38.8,1232,69% (3429 MB free)
20:17:55,38.8,1149,69% (3429 MB free)
20:17:57,38.8,1252,69% (3425 MB free)
20:17:58,38.8,1181,69% (3426 MB free)
20:17:59,38.8,1163,69% (3426 MB free)
20:18:00,38.8,1091,69% (3441 MB free)
20:18:01,38.8,849,69% (3430 MB free)
20:18:02,38.8,935,69% (3430 MB free)
20:18:03,38.8,739,69% (3424 MB free)
20:18:04,38.8,1320,69% (3421 MB free)
20:18:05,38.8,1201,69% (3420 MB free)
20:18:06,38.8,1250,69% (3420 MB free)
20:18:07,38.8,1218,69% (3418 MB free)
20:18:08,38.8,1153,69% (3418 MB free)
20:18:09,38.8,1189,69% (3415 MB free)
20:18:10,38.8,1292,69% (3409 MB free)
20:18:11,38.8,1173,70% (3404 MB free)
20:18:12,38.8,1202,70% (3400 MB free)
20:18:13,38.8,1128,70% (3399 MB free)
20:18:14,38.8,1104,70% (3394 MB free)
20:18:15,38.8,1094,70% (3393 MB free)
20:18:16,38.8,994,70% (3391 MB free)
20:18:17,38.8,1066,70% (3390 MB free)
20:18:18,38.8,1019,70% (3345 MB free)
20:18:19,38.8,1234,70% (3338 MB free)
20:18:20,38.8,1090,70% (3332 MB free)
20:18:21,38.8,1034,70% (3332 MB free)
20:18:22,38.8,1124,70% (3327 MB free)
20:18:23,38.8,1214,70% (3321 MB free)
20:18:24,38.8,1257,70% (3321 MB free)
20:18:25,38.8,1126,70% (3319 MB free)
20:18:26,38.8,1099,70% (3322 MB free)
20:18:27,38.8,1124,70% (3323 MB free)
20:18:28,38.8,1046,70% (3321 MB free)
20:18:29,38.8,1087,70% (3322 MB free)
20:18:30,38.8,1078,70% (3321 MB free)
20:18:31,38.8,1092,70% (3325 MB free)
20:18:32,38.8,1120,70% (3322 MB free)
20:18:33,38.8,1089,70% (3320 MB free)
20:18:34,38.8,1097,70% (3326 MB free)
20:18:35,38.8,1152,70% (3326 MB free)
20:18:36,38.8,1056,70% (3324 MB free)
20:18:37,38.8,1088,70% (3323 MB free)
20:18:38,38.8,1044,70% (3322 MB free)
20:18:39,38.8,1032,70% (3321 MB free)
20:18:40,38.8,1047,70% (3320 MB free)
20:18:41,38.8,1085,70% (3319 MB free)
20:18:42,38.8,1081,70% (3316 MB free)
20:18:43,38.8,1097,70% (3314 MB free)
20:18:44,38.8,1195,70% (3321 MB free)
20:18:45,38.8,1202,70% (3318 MB free)
20:18:46,38.8,1042,70% (3315 MB free)
20:18:47,38.8,1087,70% (3317 MB free)
20:18:48,38.8,1034,70% (3317 MB free)
20:18:49,38.8,1131,70% (3316 MB free)
20:18:50,38.8,1044,70% (3315 MB free)
20:18:51,38.8,1159,70% (3308 MB free)
20:18:52,38.8,593,70% (3299 MB free)
20:18:53,38.8,971,71% (3281 MB free)
20:18:54,38.8,813,71% (3278 MB free)
20:18:55,38.8,862,71% (3275 MB free)
20:18:56,38.8,809,71% (3273 MB free)
20:18:57,38.8,845,71% (3274 MB free)
20:18:58,38.8,819,71% (3277 MB free)
20:18:59,38.8,865,71% (3275 MB free)
20:19:00,38.8,842,71% (3274 MB free)
20:19:01,38.8,877,71% (3273 MB free)
20:19:02,38.8,1002,71% (3268 MB free)
20:19:03,38.8,805,71% (3231 MB free)
20:19:04,38.8,742,71% (3241 MB free)
20:19:05,38.8,997,71% (3234 MB free)
20:19:06,38.8,937,71% (3233 MB free)
20:19:08,38.8,771,71% (3194 MB free)
20:19:09,38.8,1368,71% (3200 MB free)
20:19:10,38.8,1402,71% (3196 MB free)
20:19:11,38.8,1334,71% (3190 MB free)
20:19:12,38.8,1323,71% (3186 MB free)
20:19:13,38.8,1240,71% (3184 MB free)
20:19:14,38.8,1232,71% (3183 MB free)
20:19:15,38.8,1224,71% (3180 MB free)
20:19:16,38.8,1273,72% (3177 MB free)
20:19:17,38.8,1234,72% (3175 MB free)
20:19:18,38.8,1157,72% (3173 MB free)
20:19:19,38.8,1110,71% (3219 MB free)
20:19:20,38.8,1391,71% (3208 MB free)
20:19:21,38.8,975,71% (3203 MB free)
20:19:22,38.3,606,71% (3202 MB free)
20:19:23,38.3,1085,71% (3202 MB free)
20:19:24,38.3,1067,71% (3201 MB free)
20:19:25,38.3,1088,71% (3201 MB free)
20:19:26,38.3,1127,71% (3200 MB free)
20:19:27,38.3,1121,71% (3199 MB free)
20:19:28,38.3,1134,71% (3196 MB free)
20:19:29,38.3,1233,71% (3194 MB free)
20:19:30,38.3,1108,71% (3191 MB free)
20:19:31,38.3,1142,71% (3191 MB free)
20:19:32,38.3,1103,71% (3184 MB free)
20:19:33,38.3,1243,71% (3184 MB free)
20:19:34,38.3,1154,71% (3182 MB free)
20:19:35,38.3,1072,71% (3183 MB free)
20:19:36,38.3,1088,71% (3183 MB free)
20:19:37,38.3,1061,71% (3183 MB free)
20:19:38,38.3,1069,71% (3182 MB free)
20:19:39,38.3,1170,71% (3180 MB free)
20:19:40,38.3,1099,71% (3180 MB free)
20:19:41,38.3,1086,72% (3179 MB free)
20:19:42,38.3,1215,71% (3244 MB free)
20:19:43,38.3,1126,71% (3243 MB free)
20:19:44,38.3,1072,71% (3240 MB free)
20:19:45,38.3,1086,71% (3240 MB free)
20:19:46,38.3,1057,71% (3240 MB free)
20:19:47,38.3,1144,71% (3243 MB free)
20:19:48,38.3,1274,71% (3243 MB free)
20:19:49,38.3,1083,71% (3243 MB free)
20:19:50,38.3,1113,71% (3242 MB free)
20:19:51,38.3,1108,71% (3241 MB free)
20:19:52,38.3,1111,71% (3241 MB free)
20:19:53,38.3,1074,71% (3240 MB free)
20:19:54,38.3,1072,71% (3240 MB free)
20:19:55,38.3,1073,71% (3238 MB free)
20:19:56,38.3,1109,71% (3237 MB free)
20:19:57,38.3,1183,71% (3237 MB free)
20:19:58,38.3,1120,71% (3237 MB free)
20:19:59,38.3,1051,71% (3236 MB free)
20:20:00,38.3,1082,71% (3236 MB free)
20:20:01,38.3,1111,71% (3235 MB free)
20:20:02,38.3,1079,71% (3233 MB free)
20:20:03,38.3,1062,71% (3233 MB free)
20:20:04,38.3,1110,71% (3230 MB free)
20:20:05,38.3,1069,71% (3229 MB free)
20:20:06,38.3,1051,71% (3203 MB free)
20:20:07,38.3,1103,72% (3174 MB free)
20:20:08,38.3,1156,72% (3174 MB free)
20:20:09,38.3,1091,72% (3174 MB free)
20:20:11,38.3,1114,72% (3173 MB free)
20:20:12,38.3,1090,72% (3173 MB free)
20:20:13,38.3,1140,72% (3172 MB free)
20:20:14,38.3,1056,72% (3172 MB free)
20:20:15,38.3,1132,72% (3171 MB free)
20:20:16,38.3,1056,72% (3168 MB free)
20:20:17,38.3,1178,72% (3168 MB free)
20:20:18,38.3,1083,72% (3167 MB free)
20:20:19,38.3,1073,71% (3225 MB free)
20:20:20,38.3,1076,71% (3223 MB free)
20:20:21,38.3,1098,71% (3218 MB free)
20:20:22,38.3,1207,71% (3218 MB free)
20:20:23,38.3,1093,71% (3218 MB free)
20:20:24,38.3,1111,71% (3216 MB free)
20:20:25,38.3,1082,71% (3215 MB free)
20:20:26,38.3,1105,71% (3215 MB free)
20:20:27,38.3,1117,71% (3211 MB free)
20:20:28,38.3,1163,71% (3210 MB free)
20:20:29,38.3,1135,71% (3196 MB free)
20:20:30,38.3,706,71% (3191 MB free)
20:20:31,38.3,900,71% (3186 MB free)
20:20:32,38.3,761,72% (3173 MB free)
20:20:33,38.3,1005,72% (3164 MB free)
20:20:34,38.3,801,72% (3162 MB free)
20:20:35,38.3,912,72% (3161 MB free)
20:20:36,38.3,828,72% (3160 MB free)
20:20:37,38.3,859,72% (3157 MB free)
20:20:38,38.3,795,72% (3157 MB free)
20:20:39,38.3,635,72% (3156 MB free)
20:20:40,38.3,707,72% (3155 MB free)
20:20:41,38.3,609,72% (3155 MB free)
20:20:42,38.3,791,72% (3150 MB free)
20:20:43,38.3,714,72% (3147 MB free)
20:20:44,38.3,698,72% (3142 MB free)
20:20:45,38.3,762,72% (3139 MB free)
20:20:46,38.3,762,72% (3138 MB free)
20:20:47,38.3,633,72% (3137 MB free)
20:20:48,38.3,696,72% (3136 MB free)
20:20:49,38.3,703,72% (3134 MB free)
20:20:50,38.3,822,72% (3133 MB free)
20:20:51,38.3,690,71% (3187 MB free)
20:20:52,38.3,851,71% (3185 MB free)
20:20:53,38.3,673,72% (3175 MB free)
20:20:54,38.3,756,72% (3172 MB free)
20:20:55,38.3,705,72% (3170 MB free)
20:20:56,38.3,810,72% (3166 MB free)
20:20:57,38.3,791,72% (3165 MB free)
20:20:58,38.3,781,72% (3163 MB free)
20:20:59,38.3,837,72% (3161 MB free)
20:21:00,38.3,754,72% (3158 MB free)
20:21:01,38.3,808,72% (3154 MB free)
20:21:02,38.3,679,72% (3154 MB free)
20:21:03,38.3,720,72% (3150 MB free)
20:21:04,38.3,795,72% (3149 MB free)
20:21:05,38.3,1241,72% (3150 MB free)
20:21:06,38.3,1054,72% (3150 MB free)
20:21:07,38.3,1123,72% (3149 MB free)
20:21:08,38.3,1107,72% (3148 MB free)
20:21:09,38.3,1119,72% (3146 MB free)
20:21:10,38.3,1257,72% (3145 MB free)
20:21:11,38.3,1271,72% (3143 MB free)
20:21:12,38.3,1259,72% (3140 MB free)
20:21:13,38.3,1247,72% (3139 MB free)
20:21:14,38.3,1225,72% (3137 MB free)
20:21:16,38.3,1231,72% (3135 MB free)
20:21:17,38.3,1242,72% (3133 MB free)
20:21:18,38.3,1236,72% (3133 MB free)
20:21:19,38.3,1270,72% (3130 MB free)
20:21:20,38.3,1156,72% (3129 MB free)
20:21:21,38.3,1112,72% (3129 MB free)
20:21:22,38.3,1064,72% (3128 MB free)
20:21:23,38.3,1210,72% (3127 MB free)
20:21:24,38.3,1182,72% (3125 MB free)
20:21:25,38.3,1214,72% (3122 MB free)
20:21:26,38.3,1191,72% (3119 MB free)
20:21:27,38.3,1233,72% (3117 MB free)
20:21:28,38.3,1218,72% (3115 MB free)
20:21:29,38.3,1208,72% (3113 MB free)
20:21:30,38.3,1216,72% (3113 MB free)
20:21:31,38.3,1190,72% (3111 MB free)
20:21:32,38.3,1261,72% (3109 MB free)
20:21:33,38.3,1299,72% (3107 MB free)
20:21:34,38.3,1276,72% (3106 MB free)
20:21:35,38.3,1281,72% (3105 MB free)
20:21:36,38.3,1172,72% (3105 MB free)
20:21:37,38.3,1187,72% (3104 MB free)
20:21:38,38.3,895,72% (3103 MB free)
20:21:39,38.3,1261,72% (3101 MB free)
20:21:40,38.3,1260,72% (3100 MB free)
20:21:41,38.3,1216,72% (3099 MB free)
20:21:42,38.3,1236,72% (3095 MB free)
20:21:43,38.3,1303,72% (3125 MB free)
20:21:44,38.3,1183,72% (3123 MB free)
20:21:45,38.3,1175,72% (3118 MB free)
20:21:46,38.3,1246,72% (3115 MB free)
20:21:47,38.3,1218,72% (3114 MB free)
20:21:48,38.3,1229,72% (3112 MB free)
20:21:49,38.3,1231,72% (3109 MB free)
20:21:50,38.3,1265,72% (3107 MB free)
20:21:51,38.3,1269,72% (3133 MB free)
20:21:52,38.3,1302,72% (3131 MB free)
20:21:53,38.3,1270,72% (3125 MB free)
20:21:54,38.3,1361,72% (3114 MB free)
20:21:55,38.3,1306,72% (3127 MB free)
20:21:56,38.3,1290,72% (3127 MB free)
20:21:57,38.3,1277,72% (3126 MB free)
20:21:58,38.3,1292,72% (3125 MB free)
20:21:59,38.3,1231,72% (3125 MB free)
20:22:00,38.3,1282,72% (3126 MB free)
20:22:01,38.3,1252,72% (3125 MB free)
20:22:02,38.3,1161,72% (3123 MB free)
20:22:03,38.3,874,72% (3122 MB free)
20:22:04,38.3,1089,72% (3121 MB free)
20:22:05,38.3,629,72% (3123 MB free)
20:22:06,38.3,1130,72% (3122 MB free)
20:22:07,38.3,1147,72% (3124 MB free)
20:22:08,38.3,1143,72% (3124 MB free)
20:22:10,38.3,1133,72% (3124 MB free)
20:22:11,38.3,784,72% (3123 MB free)
20:22:12,38.3,611,72% (3122 MB free)
20:22:13,38.3,663,72% (3121 MB free)
20:22:14,38.3,878,72% (3123 MB free)
20:22:15,38.3,851,72% (3123 MB free)
20:22:16,38.3,782,72% (3123 MB free)
20:22:17,38.3,1172,72% (3121 MB free)
20:22:18,38.3,830,72% (3119 MB free)
20:22:19,38.3,799,72% (3120 MB free)
20:22:20,38.3,1059,72% (3118 MB free)
20:22:21,38.3,678,72% (3118 MB free)
20:22:22,38.3,655,72% (3112 MB free)
20:22:23,38.3,725,72% (3111 MB free)
20:22:24,38.3,766,72% (3110 MB free)
20:22:25,38.3,822,72% (3110 MB free)
20:22:26,38.3,714,72% (3119 MB free)
20:22:27,38.3,715,72% (3118 MB free)
20:22:28,38.3,1179,72% (3114 MB free)
20:22:29,38.3,1236,72% (3114 MB free)
20:22:30,38.3,1094,72% (3113 MB free)
20:22:31,38.3,1071,72% (3115 MB free)
20:22:32,38.3,1026,72% (3113 MB free)
20:22:33,38.3,1002,72% (3112 MB free)
20:22:34,38.3,1011,72% (3111 MB free)
20:22:35,38.3,980,72% (3110 MB free)
20:22:36,38.3,1070,72% (3108 MB free)
20:22:37,38.3,803,72% (3108 MB free)
20:22:38,38.3,791,72% (3108 MB free)
20:22:39,38.3,868,72% (3109 MB free)
20:22:40,38.3,661,72% (3107 MB free)
20:22:41,38.3,811,72% (3108 MB free)
20:22:42,38.3,1044,72% (3106 MB free)
20:22:43,38.3,1068,72% (3105 MB free)
20:22:44,38.3,975,72% (3104 MB free)
20:22:45,38.3,837,72% (3149 MB free)
20:22:46,38.3,918,72% (3143 MB free)
20:22:47,38.3,765,72% (3138 MB free)
20:22:48,38.3,801,72% (3137 MB free)
20:22:49,38.3,1214,72% (3137 MB free)
20:22:50,38.3,1090,72% (3136 MB free)
20:22:51,38.3,729,72% (3136 MB free)
20:22:52,38.3,733,72% (3135 MB free)
20:22:53,38.3,703,72% (3134 MB free)
20:22:54,38.3,736,72% (3135 MB free)
20:22:55,38.3,820,72% (3136 MB free)
20:22:56,38.3,854,72% (3135 MB free)
20:22:57,38.3,735,72% (3135 MB free)
20:22:58,38.3,730,72% (3134 MB free)
20:22:59,38.3,701,72% (3132 MB free)
20:23:00,38.3,676,72% (3132 MB free)
20:23:01,38.3,699,72% (3131 MB free)
20:23:02,38.3,676,72% (3129 MB free)
20:23:03,38.3,679,72% (3127 MB free)
20:23:04,38.3,1119,71% (3191 MB free)
20:23:05,38.3,1226,71% (3191 MB free)
20:23:06,38.3,1133,71% (3189 MB free)
20:23:07,38.3,669,71% (3191 MB free)
20:23:08,38.3,691,71% (3190 MB free)
20:23:09,38.3,1212,71% (3189 MB free)
20:23:10,38.3,644,71% (3189 MB free)
20:23:11,38.3,669,71% (3189 MB free)
20:23:12,38.3,1079,71% (3190 MB free)
20:23:13,38.3,1153,71% (3190 MB free)
20:23:14,38.3,639,71% (3189 MB free)
20:23:15,38.3,704,71% (3188 MB free)
20:23:16,38.3,695,71% (3188 MB free)
20:23:18,38.3,633,71% (3188 MB free)
20:23:19,38.3,622,71% (3189 MB free)
20:23:20,38.3,1202,71% (3189 MB free)
20:23:21,38.3,671,71% (3189 MB free)
20:23:22,38.3,691,71% (3188 MB free)
20:23:23,38.3,692,71% (3186 MB free)
20:23:24,38.3,604,71% (3186 MB free)
20:23:25,38.3,725,71% (3198 MB free)
20:23:26,38.3,685,71% (3198 MB free)
20:23:27,38.3,760,71% (3197 MB free)
20:23:28,38.3,738,71% (3197 MB free)
20:23:29,38.3,690,71% (3196 MB free)
20:23:30,38.3,662,71% (3195 MB free)
20:23:31,38.3,653,71% (3194 MB free)
20:23:32,38.3,664,71% (3194 MB free)
20:23:33,38.3,644,71% (3193 MB free)
20:23:34,38.3,650,71% (3192 MB free)
20:23:35,38.3,578,71% (3192 MB free)
20:23:36,38.3,699,71% (3191 MB free)
20:23:37,38.3,577,71% (3191 MB free)
20:23:38,37.9,675,71% (3191 MB free)
20:23:39,37.9,1176,71% (3191 MB free)
20:23:40,37.9,650,71% (3192 MB free)
20:23:41,37.9,945,71% (3192 MB free)
20:23:42,37.9,692,71% (3189 MB free)
20:23:43,37.9,638,71% (3191 MB free)
20:23:44,37.9,902,71% (3190 MB free)
20:23:45,37.9,674,71% (3189 MB free)
20:23:46,37.9,657,71% (3188 MB free)
20:23:47,37.9,1137,71% (3188 MB free)
20:23:48,37.9,862,71% (3188 MB free)
20:23:49,37.9,574,71% (3186 MB free)
20:23:50,37.9,629,71% (3185 MB free)
20:23:51,37.9,614,71% (3185 MB free)
20:23:52,37.9,613,71% (3184 MB free)
20:23:53,37.9,1169,71% (3183 MB free)
20:23:54,37.9,1144,71% (3182 MB free)
20:23:55,37.9,621,71% (3181 MB free)
20:23:56,37.9,691,72% (3179 MB free)
20:23:57,37.9,1194,72% (3178 MB free)
20:23:58,37.9,1095,72% (3173 MB free)
20:23:59,37.9,1140,72% (3171 MB free)
20:24:00,37.9,863,72% (3170 MB free)
20:24:01,37.9,1217,72% (3170 MB free)
20:24:02,37.9,1224,72% (3166 MB free)
20:24:03,37.9,841,72% (3164 MB free)
20:24:04,37.9,685,72% (3163 MB free)
20:24:05,37.9,821,72% (3162 MB free)
20:24:06,37.9,756,72% (3161 MB free)
20:24:07,37.9,660,72% (3159 MB free)
20:24:08,37.9,744,72% (3158 MB free)
20:24:09,37.9,719,72% (3156 MB free)
20:24:10,37.9,668,72% (3155 MB free)
20:24:11,37.9,653,72% (3154 MB free)
20:24:12,37.9,786,72% (3154 MB free)
20:24:13,37.9,717,72% (3148 MB free)
20:24:14,37.9,1159,72% (3148 MB free)
20:24:15,37.9,1120,72% (3147 MB free)
20:24:16,37.9,1109,72% (3146 MB free)
20:24:17,37.9,1233,72% (3140 MB free)
20:24:18,37.9,590,72% (3139 MB free)
20:24:19,37.9,550,72% (3138 MB free)
20:24:20,37.9,541,72% (3138 MB free)
20:24:21,37.9,534,72% (3137 MB free)
20:24:22,37.9,642,72% (3136 MB free)
20:24:23,37.9,640,72% (3135 MB free)
20:24:24,37.9,534,71% (3201 MB free)
20:24:26,37.9,538,71% (3198 MB free)
20:24:27,37.9,549,71% (3202 MB free)
20:24:28,37.9,1094,71% (3201 MB free)
20:24:29,37.9,912,71% (3199 MB free)
20:24:30,37.9,834,71% (3193 MB free)
20:24:31,37.9,785,72% (3177 MB free)
20:24:32,37.9,662,71% (3229 MB free)
20:24:33,37.9,1572,71% (3236 MB free)
20:24:34,37.9,1105,70% (3314 MB free)
20:24:35,37.9,1180,70% (3361 MB free)
20:24:36,37.9,679,70% (3359 MB free)
20:24:37,37.9,653,70% (3357 MB free)
20:24:38,37.9,608,70% (3356 MB free)
20:24:39,37.9,619,70% (3355 MB free)
20:24:40,37.9,785,70% (3352 MB free)
20:24:41,37.9,616,70% (3351 MB free)
20:24:42,37.9,659,70% (3347 MB free)
20:24:43,37.9,777,70% (3371 MB free)
20:24:44,37.9,900,70% (3370 MB free)
20:24:45,37.9,639,70% (3332 MB free)
20:24:46,37.9,693,70% (3339 MB free)
20:24:47,37.9,1141,70% (3339 MB free)
20:24:48,37.9,1138,70% (3338 MB free)
20:24:49,37.9,1198,70% (3336 MB free)
20:24:50,37.9,1204,70% (3332 MB free)
20:24:51,37.9,840,70% (3331 MB free)
20:24:52,37.9,643,70% (3329 MB free)
20:24:53,37.9,712,70% (3328 MB free)
20:24:54,37.9,622,70% (3326 MB free)
20:24:55,37.9,934,70% (3325 MB free)
20:24:56,37.9,1123,70% (3324 MB free)
20:24:57,37.9,1150,70% (3324 MB free)
20:24:58,37.9,1144,70% (3324 MB free)
20:24:59,37.9,664,70% (3313 MB free)
20:25:00,37.9,1344,70% (3371 MB free)
20:25:01,37.9,1245,56% (4893 MB free)
20:25:02,37.9,1176,52% (5434 MB free)
20:25:03,37.9,866,52% (5424 MB free)
20:25:04,37.9,500,52% (5376 MB free)
20:25:05,37.9,529,52% (5367 MB free)
20:25:06,37.9,508,52% (5366 MB free)
20:25:07,37.9,281,52% (5366 MB free)
20:25:08,37.9,317,53% (5324 MB free)
20:25:09,37.9,341,53% (5311 MB free)
20:25:10,37.9,280,53% (5311 MB free)
20:25:11,37.9,351,53% (5319 MB free)
10:33:28,27.7,1194,61% (4396 MB free)
10:33:29,27.7,687,61% (4392 MB free)
10:33:30,27.7,932,61% (4383 MB free)
10:33:31,27.7,531,61% (4383 MB free)
10:33:32,27.7,363,61% (4367 MB free)
10:33:33,27.7,787,61% (4367 MB free)
10:33:34,27.7,386,61% (4364 MB free)
10:33:35,27.7,350,61% (4363 MB free)
10:33:36,27.7,322,61% (4360 MB free)
10:33:37,27.7,279,61% (4359 MB free)
10:33:38,27.7,292,61% (4356 MB free)
10:33:39,27.7,294,61% (4354 MB free)
10:33:40,27.7,236,61% (4353 MB free)
10:33:41,27.7,257,61% (4351 MB free)
10:33:42,27.7,358,61% (4348 MB free)
10:33:43,27.7,300,61% (4346 MB free)
10:33:44,27.7,284,61% (4344 MB free)
10:33:45,27.7,264,61% (4341 MB free)
10:33:46,27.7,288,61% (4339 MB free)
10:33:47,27.7,259,61% (4336 MB free)
10:33:48,27.7,303,61% (4332 MB free)
10:33:49,27.7,333,61% (4331 MB free)
10:33:50,27.7,271,61% (4326 MB free)
10:33:51,27.7,421,61% (4322 MB free)
10:33:52,27.7,375,61% (4320 MB free)
10:33:53,27.7,333,61% (4319 MB free)
10:33:54,27.7,360,61% (4317 MB free)
10:33:55,27.7,376,62% (4315 MB free)
10:33:56,27.7,299,61% (4353 MB free)
10:33:57,27.7,302,61% (4351 MB free)
10:33:58,27.7,268,61% (4349 MB free)
10:33:59,27.7,281,61% (4348 MB free)
10:34:00,27.7,278,61% (4346 MB free)
10:34:01,27.7,314,61% (4345 MB free)
10:34:02,27.7,279,61% (4342 MB free)
10:34:03,27.7,284,61% (4339 MB free)
10:34:04,27.7,198,61% (4336 MB free)
10:34:05,27.7,358,61% (4335 MB free)
10:34:06,27.7,194,61% (4335 MB free)
10:34:07,27.7,198,61% (4334 MB free)
10:34:08,27.7,209,61% (4333 MB free)
10:34:09,27.7,210,61% (4331 MB free)
10:34:10,27.7,251,61% (4402 MB free)
22:52:13,31.3,3260,61% (4320 MB free)
22:52:14,31.3,3254,61% (4354 MB free)
22:52:15,31.3,2920,61% (4351 MB free)
22:52:16,31.3,3202,61% (4325 MB free)
22:52:17,31.3,3269,62% (4299 MB free)
22:52:18,31.3,2599,62% (4298 MB free)
22:52:19,31.3,2796,59% (4566 MB free)
22:52:20,31.3,2903,58% (4729 MB free)
22:52:21,31.3,2932,58% (4729 MB free)
22:52:22,31.3,3066,58% (4725 MB free)
22:52:23,31.3,2552,58% (4717 MB free)
22:52:24,31.3,2096,58% (4765 MB free)
22:52:25,31.3,2736,58% (4736 MB free)
22:52:26,31.3,2960,58% (4733 MB free)
22:52:27,31.3,2885,58% (4732 MB free)
22:52:28,31.3,3016,58% (4727 MB free)
22:52:29,31.3,3017,58% (4704 MB free)
22:52:30,31.3,3014,58% (4689 MB free)
22:52:31,31.3,2838,58% (4741 MB free)
22:52:32,31.3,2851,58% (4695 MB free)
22:52:33,31.3,2521,58% (4665 MB free)
22:52:34,31.3,2702,58% (4660 MB free)
22:52:35,31.3,2396,59% (4655 MB free)
22:52:36,31.3,2496,59% (4654 MB free)
22:52:37,31.3,2493,59% (4653 MB free)
22:52:38,31.3,2518,59% (4652 MB free)
22:52:39,31.3,2488,59% (4651 MB free)
22:52:40,31.3,2483,59% (4650 MB free)
22:52:41,31.3,2476,59% (4650 MB free)
22:52:42,31.3,2481,59% (4630 MB free)
22:52:43,31.3,2181,59% (4642 MB free)
22:52:44,31.3,1811,58% (4705 MB free)
22:52:45,31.3,2010,58% (4677 MB free)
22:52:46,31.3,2193,58% (4673 MB free)
22:52:47,31.3,2301,58% (4660 MB free)
22:52:48,31.3,2352,59% (4626 MB free)
22:52:49,31.3,2736,59% (4638 MB free)
22:52:50,31.3,2374,59% (4582 MB free)
22:52:51,31.3,2524,59% (4603 MB free)
22:52:52,31.3,2378,59% (4608 MB free)
22:52:53,31.3,2548,59% (4584 MB free)
22:52:54,31.1,2372,59% (4583 MB free)
22:52:55,31.1,2378,58% (4663 MB free)
22:52:56,31.1,2324,59% (4649 MB free)
22:52:57,31.1,2217,59% (4624 MB free)
22:52:58,31.1,2287,59% (4619 MB free)
22:52:59,31.1,2329,59% (4616 MB free)
22:53:00,31.1,2346,59% (4558 MB free)
22:53:01,31.1,2371,59% (4547 MB free)
22:53:02,31.1,2180,59% (4569 MB free)
22:53:03,31.1,2199,59% (4562 MB free)
22:53:04,31.1,2219,59% (4557 MB free)
22:53:05,31.1,2297,60% (4540 MB free)
22:53:06,31.1,2345,60% (4537 MB free)
22:53:07,31.1,2176,60% (4539 MB free)
22:53:09,31.1,2036,59% (4560 MB free)
22:53:10,31.1,2297,59% (4549 MB free)
22:53:11,31.1,2577,60% (4536 MB free)
22:53:12,31.1,2185,61% (4400 MB free)
22:53:13,31.1,2640,61% (4411 MB free)
22:53:14,31.1,2789,61% (4407 MB free)
22:53:15,31.1,2950,61% (4416 MB free)
22:53:16,31.5,2661,61% (4379 MB free)
22:53:17,31.5,2651,61% (4357 MB free)
22:53:18,31.5,2175,62% (4315 MB free)
22:53:19,31.5,2241,62% (4264 MB free)
22:53:20,31.5,2192,62% (4224 MB free)
22:53:21,31.5,2224,63% (4152 MB free)
22:53:22,31.5,2264,63% (4137 MB free)
22:53:23,31.5,2375,63% (4130 MB free)
22:53:24,31.5,2246,63% (4122 MB free)
22:53:25,31.5,2270,63% (4119 MB free)
22:53:26,31.5,2244,63% (4118 MB free)
22:53:27,31.5,2260,63% (4116 MB free)
22:53:28,31.5,2240,63% (4115 MB free)
22:53:29,31.5,2226,63% (4115 MB free)
22:53:30,31.5,2221,63% (4112 MB free)
22:53:31,31.5,2248,63% (4111 MB free)
22:53:32,31.5,2230,63% (4111 MB free)
22:53:33,31.5,2274,63% (4108 MB free)
22:53:34,31.5,2225,63% (4110 MB free)
22:53:35,31.5,2146,63% (4106 MB free)
22:53:36,31.5,2136,63% (4103 MB free)
22:53:37,31.5,2570,63% (4092 MB free)
22:53:38,31.5,2098,64% (4080 MB free)
22:53:39,31.5,2186,64% (4073 MB free)
22:53:40,31.5,2262,63% (4091 MB free)
22:53:41,31.5,2136,64% (4086 MB free)
22:53:42,31.5,2214,64% (4036 MB free)
22:53:43,31.5,2514,64% (4034 MB free)
22:53:44,31.5,2593,64% (4026 MB free)
22:53:45,31.5,2709,64% (4024 MB free)
22:53:46,31.5,2572,64% (4025 MB free)
22:53:47,31.5,2635,64% (4020 MB free)
22:53:48,31.5,2660,64% (4004 MB free)
22:53:49,31.5,2722,64% (4003 MB free)
22:53:50,32.0,2712,64% (4002 MB free)
22:53:51,32.0,2603,64% (4027 MB free)
22:53:52,32.0,2671,64% (4024 MB free)
22:53:53,32.0,2460,64% (4022 MB free)
22:53:54,32.0,2353,64% (4021 MB free)
22:53:55,32.0,2420,64% (4019 MB free)
22:53:56,32.0,2419,64% (4015 MB free)
22:53:57,32.0,2656,64% (4014 MB free)
22:53:58,32.0,2784,64% (4012 MB free)
22:53:59,32.0,2605,64% (4012 MB free)
22:54:00,32.0,2787,64% (4011 MB free)
22:54:01,32.0,2626,64% (4002 MB free)
22:54:02,32.0,2650,64% (4000 MB free)
22:54:03,32.0,2728,64% (4000 MB free)
22:54:04,32.0,2701,64% (3987 MB free)
22:54:05,32.0,2630,64% (4001 MB free)
22:54:06,32.0,2197,65% (3953 MB free)
22:54:07,32.0,2461,66% (3833 MB free)
22:54:08,32.0,2055,66% (3806 MB free)
22:54:09,32.0,2623,66% (3799 MB free)
22:54:10,32.0,2121,66% (3797 MB free)
22:54:11,32.0,2167,66% (3794 MB free)
22:54:12,32.0,2173,66% (3792 MB free)
22:54:14,32.0,2216,66% (3792 MB free)
22:54:15,32.0,2212,66% (3792 MB free)
22:54:16,32.0,2197,66% (3790 MB free)
22:54:17,32.0,2212,66% (3799 MB free)
22:54:18,32.0,2175,67% (3717 MB free)
22:54:19,32.0,2003,67% (3712 MB free)
22:54:20,32.0,2096,67% (3710 MB free)
22:54:21,32.0,2295,67% (3703 MB free)
22:54:22,32.0,2165,67% (3689 MB free)
22:54:23,32.0,2602,67% (3693 MB free)
22:54:24,32.0,2647,67% (3691 MB free)
22:54:25,32.0,2338,67% (3685 MB free)
22:54:26,32.0,2320,67% (3684 MB free)
22:54:27,32.0,2304,67% (3679 MB free)
22:54:28,32.0,2524,67% (3681 MB free)
22:54:29,32.0,2238,67% (3680 MB free)
22:54:30,32.0,2245,67% (3679 MB free)
22:54:31,32.3,2354,67% (3674 MB free)
22:54:32,32.3,2296,67% (3673 MB free)
22:54:33,32.3,2101,67% (3673 MB free)
22:54:34,32.3,2291,67% (3672 MB free)
22:54:35,32.3,2191,67% (3669 MB free)
22:54:36,32.3,2276,67% (3678 MB free)
22:54:37,32.4,2267,67% (3677 MB free)
22:54:38,32.4,2330,67% (3689 MB free)
22:54:39,32.4,2407,67% (3689 MB free)
22:54:40,32.4,2328,67% (3689 MB free)
22:54:41,32.4,2352,67% (3690 MB free)
22:54:42,32.4,2335,67% (3688 MB free)
22:54:43,32.4,2250,67% (3682 MB free)
22:54:44,32.4,2274,67% (3681 MB free)
22:54:45,32.4,2151,67% (3680 MB free)
22:54:46,32.4,2281,67% (3679 MB free)
22:54:47,32.4,2281,67% (3677 MB free)
22:54:48,32.4,2261,67% (3676 MB free)
22:54:49,32.4,2263,67% (3675 MB free)
22:54:50,32.4,2310,67% (3676 MB free)
22:54:51,32.4,2223,67% (3676 MB free)
22:54:52,32.4,2322,67% (3675 MB free)
22:54:53,32.4,2310,67% (3675 MB free)
22:54:54,32.6,2352,67% (3674 MB free)
22:54:55,32.6,2364,67% (3671 MB free)
22:54:56,32.6,2173,67% (3668 MB free)
22:54:57,32.6,2241,67% (3667 MB free)
22:54:58,32.6,2286,67% (3666 MB free)
22:54:59,32.6,2274,67% (3665 MB free)
22:55:00,32.6,2289,67% (3663 MB free)
22:55:01,32.6,2286,67% (3658 MB free)
22:55:02,32.6,2345,67% (3663 MB free)
22:55:03,32.6,2275,67% (3640 MB free)
22:55:04,32.6,2243,68% (3609 MB free)
22:55:05,32.6,2305,68% (3565 MB free)
22:55:06,32.6,2200,68% (3564 MB free)
22:55:07,32.6,2270,68% (3561 MB free)
22:55:08,32.6,2255,68% (3555 MB free)
22:55:09,32.6,2244,68% (3554 MB free)
22:55:10,32.6,2311,68% (3556 MB free)
22:55:11,32.6,2287,68% (3544 MB free)
22:55:12,32.6,2243,68% (3538 MB free)
22:55:14,32.6,2304,68% (3536 MB free)
22:55:15,32.6,2294,68% (3535 MB free)
22:55:16,32.6,2330,68% (3535 MB free)
22:55:17,32.6,2303,68% (3534 MB free)
22:55:18,32.6,2212,68% (3538 MB free)
22:55:19,32.6,2303,68% (3536 MB free)
22:55:20,32.6,2288,68% (3534 MB free)
22:55:21,33.0,2332,68% (3535 MB free)
22:55:22,33.0,2271,68% (3535 MB free)
22:55:23,33.0,2280,68% (3532 MB free)
22:55:24,33.0,2287,68% (3531 MB free)
22:55:25,33.0,2308,68% (3530 MB free)
22:55:26,33.0,2307,68% (3530 MB free)
22:55:27,33.0,2269,68% (3532 MB free)
22:55:28,33.0,2336,68% (3531 MB free)
22:55:29,33.0,2335,68% (3531 MB free)
22:55:30,33.0,2339,68% (3530 MB free)
22:55:31,33.0,2268,68% (3532 MB free)
22:55:32,33.0,2316,68% (3530 MB free)
22:55:33,33.0,2342,68% (3529 MB free)
22:55:34,33.0,2329,68% (3527 MB free)
22:55:35,33.0,2310,68% (3535 MB free)
22:55:36,33.0,2257,68% (3531 MB free)
22:55:37,33.0,2282,68% (3528 MB free)
22:55:38,33.0,2309,68% (3527 MB free)
22:55:39,33.0,2328,68% (3528 MB free)
22:55:40,33.0,2285,68% (3526 MB free)
22:55:41,33.0,2301,68% (3524 MB free)
22:55:42,33.0,2209,69% (3509 MB free)
22:55:43,33.0,2780,69% (3515 MB free)
22:55:44,33.0,2544,69% (3503 MB free)
22:55:45,33.0,2646,69% (3499 MB free)
22:55:46,33.3,2674,69% (3497 MB free)
22:55:47,33.3,2697,69% (3498 MB free)
22:55:48,33.3,2753,69% (3498 MB free)
22:55:49,33.3,2848,69% (3494 MB free)
22:55:50,33.3,2529,69% (3497 MB free)
22:55:51,33.3,2098,69% (3500 MB free)
22:55:52,33.3,2707,69% (3497 MB free)
22:55:53,33.3,2838,69% (3496 MB free)
22:55:54,33.3,2223,69% (3493 MB free)
22:55:55,33.3,2181,69% (3492 MB free)
22:55:56,33.3,2221,69% (3490 MB free)
22:55:57,33.3,2224,69% (3491 MB free)
22:55:58,33.3,2257,69% (3480 MB free)
22:55:59,33.3,2167,69% (3480 MB free)
22:56:00,33.3,2257,69% (3479 MB free)
22:56:01,33.3,2188,69% (3478 MB free)
22:56:02,33.3,2252,69% (3478 MB free)
22:56:03,33.3,2197,69% (3480 MB free)
22:56:04,33.3,2069,69% (3478 MB free)
22:56:05,33.3,2254,68% (3531 MB free)
22:56:06,33.3,2362,68% (3525 MB free)
22:56:07,33.3,2821,69% (3519 MB free)
22:56:08,33.3,2642,69% (3518 MB free)
22:56:09,33.3,2753,69% (3518 MB free)
22:56:10,33.3,2355,69% (3518 MB free)
22:56:11,33.3,2438,69% (3517 MB free)
22:56:12,33.3,2239,69% (3516 MB free)
22:56:13,33.3,2247,69% (3517 MB free)
22:56:14,33.3,2333,69% (3514 MB free)
22:56:15,33.3,2254,69% (3513 MB free)
22:56:16,33.3,2286,69% (3512 MB free)
22:56:17,33.3,2311,69% (3511 MB free)
22:56:18,33.3,2338,69% (3511 MB free)
22:56:20,33.3,2327,69% (3508 MB free)
22:56:21,33.3,2267,69% (3507 MB free)
22:56:22,33.3,2267,69% (3507 MB free)
22:56:23,33.3,2187,69% (3489 MB free)
22:56:24,33.3,2345,69% (3488 MB free)
22:56:25,33.3,2346,69% (3486 MB free)
22:56:26,33.3,2276,69% (3485 MB free)
22:56:27,33.3,2354,69% (3484 MB free)
22:56:28,33.3,2349,69% (3483 MB free)
22:56:29,33.3,2284,69% (3484 MB free)
22:56:30,33.3,2294,69% (3484 MB free)
22:56:31,33.3,2167,69% (3483 MB free)
22:56:32,33.3,2261,69% (3482 MB free)
22:56:33,33.3,2304,69% (3481 MB free)
22:56:34,33.3,2340,69% (3481 MB free)
22:56:35,33.3,2260,68% (3540 MB free)
22:56:36,33.3,2071,68% (3537 MB free)
22:56:37,33.3,2277,68% (3528 MB free)
22:56:38,33.3,2258,69% (3516 MB free)
22:56:39,33.3,2312,69% (3515 MB free)
22:56:40,33.3,2267,69% (3513 MB free)
22:56:41,33.3,2344,68% (3523 MB free)
22:56:42,33.3,2392,69% (3520 MB free)
22:56:43,33.3,2347,69% (3520 MB free)
22:56:44,33.3,2352,69% (3519 MB free)
22:56:45,33.3,2300,69% (3518 MB free)
22:56:46,33.3,2316,68% (3535 MB free)
22:56:47,33.3,2249,68% (3535 MB free)
22:56:48,33.3,2408,68% (3528 MB free)
22:56:49,33.3,2318,69% (3514 MB free)
22:56:50,33.3,2105,68% (3550 MB free)
22:56:51,33.3,2285,68% (3544 MB free)
22:56:52,33.3,2251,68% (3540 MB free)
22:56:53,33.3,2326,68% (3537 MB free)
22:56:54,33.8,2283,68% (3535 MB free)
22:56:55,33.8,2266,68% (3534 MB free)
22:56:56,33.8,2301,68% (3531 MB free)
22:56:57,33.8,2215,68% (3528 MB free)
22:56:58,33.8,2152,68% (3526 MB free)
22:56:59,33.8,2161,68% (3525 MB free)
22:57:00,33.8,2157,68% (3524 MB free)
22:57:01,34.0,2226,68% (3523 MB free)
22:57:02,34.0,2202,68% (3522 MB free)
22:57:03,34.0,2202,68% (3521 MB free)
22:57:04,34.0,2305,69% (3520 MB free)
22:57:05,34.0,2255,69% (3520 MB free)
22:57:06,34.1,2347,69% (3517 MB free)
22:57:07,34.1,2149,69% (3515 MB free)
22:57:08,34.1,2296,69% (3514 MB free)
22:57:09,34.1,2326,69% (3514 MB free)
22:57:10,34.0,2312,69% (3513 MB free)
22:57:11,34.0,2313,69% (3513 MB free)
22:57:12,34.0,2158,68% (3527 MB free)
22:57:13,34.0,2248,68% (3526 MB free)
22:57:14,34.0,2302,68% (3526 MB free)
22:57:15,34.0,2300,68% (3525 MB free)
22:57:16,34.0,2781,69% (3511 MB free)
22:57:17,34.0,2605,69% (3500 MB free)
22:57:18,34.0,2639,68% (3548 MB free)
22:57:19,34.0,2709,68% (3546 MB free)
22:57:21,34.0,2615,68% (3546 MB free)
22:57:22,34.0,2716,68% (3544 MB free)
22:57:23,34.0,2662,68% (3541 MB free)
22:57:24,34.0,2702,68% (3537 MB free)
22:57:25,34.0,2275,68% (3538 MB free)
22:57:26,34.0,2278,68% (3542 MB free)
22:57:27,34.0,2272,68% (3540 MB free)
22:57:28,34.0,2678,68% (3541 MB free)
22:57:29,34.0,2723,68% (3540 MB free)
22:57:30,34.0,2671,68% (3539 MB free)
22:57:31,34.0,2699,68% (3539 MB free)
22:57:32,34.0,2689,68% (3538 MB free)
22:57:33,34.0,2700,68% (3536 MB free)
22:57:34,34.0,2731,68% (3536 MB free)
22:57:35,34.0,2744,68% (3532 MB free)
22:57:36,34.0,2737,68% (3531 MB free)
22:57:37,34.0,2736,68% (3529 MB free)
22:57:38,34.0,2625,68% (3529 MB free)
22:57:39,34.0,2527,68% (3528 MB free)
22:57:40,34.0,2761,68% (3528 MB free)
22:57:41,34.0,2330,68% (3527 MB free)
22:57:42,34.0,2231,68% (3527 MB free)
22:57:43,34.0,2320,68% (3526 MB free)
22:57:44,34.0,2340,68% (3525 MB free)
22:57:45,34.0,2256,68% (3525 MB free)
22:57:46,34.0,2254,68% (3523 MB free)
22:57:47,34.0,2304,68% (3521 MB free)
22:57:48,34.0,2315,68% (3521 MB free)
22:57:49,34.0,2296,69% (3519 MB free)
22:57:50,34.0,2233,69% (3518 MB free)
22:57:51,34.0,2319,68% (3537 MB free)
22:57:52,34.0,2682,68% (3536 MB free)
22:57:53,34.0,2722,68% (3534 MB free)
22:57:54,34.5,2752,68% (3531 MB free)
22:57:55,34.5,2769,68% (3539 MB free)
22:57:56,34.5,2088,68% (3567 MB free)
22:57:57,34.5,2618,68% (3552 MB free)
22:57:58,34.5,2641,68% (3549 MB free)
22:57:59,34.5,2644,68% (3546 MB free)
22:58:00,34.5,2739,68% (3544 MB free)
22:58:01,34.5,2658,68% (3567 MB free)
22:58:02,34.5,2084,68% (3555 MB free)
22:58:03,34.5,2713,68% (3557 MB free)
22:58:04,34.5,2560,68% (3557 MB free)
22:58:05,34.5,2713,68% (3556 MB free)
22:58:06,34.5,2653,68% (3555 MB free)
22:58:07,34.5,2746,68% (3552 MB free)
22:58:08,34.5,2697,68% (3550 MB free)
22:58:09,34.5,2666,68% (3550 MB free)
22:58:10,34.5,2760,68% (3550 MB free)
22:58:11,34.5,2694,68% (3546 MB free)
22:58:12,34.5,2687,68% (3545 MB free)
22:58:13,34.5,2770,68% (3544 MB free)
22:58:14,34.5,2742,68% (3541 MB free)
22:58:15,34.5,2584,68% (3542 MB free)
22:58:16,34.5,2716,68% (3570 MB free)
22:58:17,34.5,2762,68% (3552 MB free)
22:58:18,34.5,2279,68% (3550 MB free)
22:58:19,34.5,2239,68% (3549 MB free)
22:58:20,34.5,2275,68% (3544 MB free)
22:58:21,34.5,2264,68% (3547 MB free)
22:58:22,34.5,2278,69% (3504 MB free)
22:58:23,34.5,2464,69% (3503 MB free)
22:58:24,34.5,2773,69% (3502 MB free)
22:58:25,34.5,2675,69% (3502 MB free)
22:58:27,34.5,2718,69% (3500 MB free)
22:58:28,34.5,2748,69% (3499 MB free)
22:58:29,34.5,2692,69% (3499 MB free)
22:58:30,34.5,2695,68% (3521 MB free)
22:58:31,34.5,2352,69% (3518 MB free)
22:58:32,34.5,2598,69% (3517 MB free)
22:58:33,34.5,2567,68% (3527 MB free)
22:58:34,34.5,2329,68% (3528 MB free)
22:58:35,34.5,2434,69% (3512 MB free)
22:58:36,34.5,2755,69% (3509 MB free)
22:58:37,34.5,2773,69% (3508 MB free)
22:58:38,34.5,2208,69% (3508 MB free)
22:58:39,34.5,2144,69% (3508 MB free)
22:58:40,34.5,2199,69% (3508 MB free)
22:58:41,34.5,2198,69% (3517 MB free)
22:58:42,34.5,2161,68% (3556 MB free)
22:58:43,34.5,2057,68% (3552 MB free)
22:58:44,34.5,2237,68% (3551 MB free)
22:58:45,34.5,2225,68% (3549 MB free)
22:58:46,34.5,2347,68% (3548 MB free)
22:58:47,34.5,2344,68% (3541 MB free)
22:58:48,34.5,2204,68% (3536 MB free)
22:58:49,34.5,2604,68% (3535 MB free)
22:58:50,34.5,2272,68% (3535 MB free)
22:58:51,34.5,2287,68% (3534 MB free)
22:58:52,34.5,2258,68% (3534 MB free)
22:58:53,34.5,2206,68% (3533 MB free)
22:58:54,34.6,2275,68% (3532 MB free)
22:58:55,34.6,2265,68% (3527 MB free)
22:58:56,34.6,2265,68% (3526 MB free)
22:58:57,34.6,2291,68% (3526 MB free)
22:58:58,34.6,2247,68% (3525 MB free)
22:58:59,34.6,2245,68% (3525 MB free)
22:59:00,34.6,2367,68% (3525 MB free)
22:59:01,34.6,2350,68% (3522 MB free)
22:59:02,34.6,2267,68% (3522 MB free)
22:59:03,34.6,2278,68% (3521 MB free)
22:59:04,34.6,2432,68% (3521 MB free)
22:59:05,34.6,2276,68% (3521 MB free)
22:59:06,34.6,2270,69% (3519 MB free)
22:59:07,34.6,2255,69% (3518 MB free)
22:59:08,34.6,2271,69% (3518 MB free)
22:59:09,34.6,2226,69% (3520 MB free)
22:59:10,34.6,2410,69% (3520 MB free)
22:59:11,34.6,2519,69% (3520 MB free)
22:59:12,34.6,2338,69% (3520 MB free)
22:59:13,34.6,2387,69% (3519 MB free)
22:59:14,34.6,2261,69% (3520 MB free)
22:59:15,34.6,2626,69% (3516 MB free)
22:59:16,34.6,2587,69% (3507 MB free)
22:59:17,35.0,2366,69% (3514 MB free)
22:59:18,35.0,2502,69% (3512 MB free)
22:59:19,35.0,2587,69% (3499 MB free)
22:59:20,35.0,2554,69% (3498 MB free)
22:59:21,35.0,2380,69% (3496 MB free)
22:59:22,35.0,2727,69% (3491 MB free)
22:59:23,35.0,2822,69% (3491 MB free)
22:59:24,35.0,2822,69% (3491 MB free)
22:59:25,35.0,2829,69% (3492 MB free)
22:59:26,35.1,2836,69% (3491 MB free)
22:59:27,35.1,2740,69% (3489 MB free)
22:59:28,35.1,2808,69% (3488 MB free)
22:59:29,35.1,2064,69% (3487 MB free)
22:59:30,35.1,2182,69% (3487 MB free)
22:59:32,35.1,2163,69% (3484 MB free)
22:59:33,35.1,2223,69% (3483 MB free)
22:59:34,35.1,2167,69% (3482 MB free)
22:59:35,35.1,2152,68% (3539 MB free)
22:59:36,35.1,2270,68% (3539 MB free)
22:59:37,35.1,2260,68% (3538 MB free)
22:59:38,35.1,2289,68% (3538 MB free)
22:59:39,35.1,2285,68% (3537 MB free)
22:59:40,35.1,2282,68% (3535 MB free)
22:59:41,35.1,2694,68% (3533 MB free)
22:59:42,35.1,2260,68% (3533 MB free)
22:59:43,35.1,2145,68% (3533 MB free)
22:59:44,35.1,2337,68% (3533 MB free)
22:59:45,35.1,2247,68% (3532 MB free)
22:59:46,35.1,2262,68% (3531 MB free)
22:59:47,35.1,2320,68% (3531 MB free)
22:59:48,35.1,2286,68% (3531 MB free)
22:59:49,35.1,2415,68% (3530 MB free)
22:59:50,35.1,2256,68% (3529 MB free)
22:59:51,35.1,2305,68% (3528 MB free)
22:59:52,35.1,2242,68% (3526 MB free)
22:59:53,35.1,2281,68% (3526 MB free)
22:59:54,35.1,2307,68% (3525 MB free)
22:59:55,35.3,2291,68% (3525 MB free)
22:59:56,35.3,2300,68% (3524 MB free)
22:59:57,35.3,2306,68% (3523 MB free)
22:59:58,35.3,2283,68% (3523 MB free)
22:59:59,35.3,2323,68% (3522 MB free)
23:00:00,35.3,2270,68% (3574 MB free)
23:00:01,35.3,2026,68% (3616 MB free)
23:00:02,35.3,1978,68% (3623 MB free)
23:00:03,35.3,2108,68% (3630 MB free)
23:00:04,35.3,2112,67% (3643 MB free)
23:00:05,35.3,2074,67% (3646 MB free)
23:00:06,35.3,2146,67% (3643 MB free)
23:00:07,35.3,2330,67% (3640 MB free)
23:00:08,35.3,2274,67% (3639 MB free)
23:00:09,35.3,2345,67% (3637 MB free)
23:00:10,35.3,2295,67% (3637 MB free)
23:00:11,35.3,2322,67% (3636 MB free)
23:00:12,35.3,2341,68% (3633 MB free)
23:00:13,35.3,2314,68% (3632 MB free)
23:00:14,35.3,2313,68% (3631 MB free)
23:00:15,35.3,2283,68% (3608 MB free)
23:00:16,35.3,2237,68% (3620 MB free)
23:00:17,35.3,2198,68% (3611 MB free)
23:00:18,35.3,2360,68% (3606 MB free)
23:00:19,35.3,2327,68% (3606 MB free)
23:00:20,35.3,2366,68% (3605 MB free)
23:00:21,35.3,2353,68% (3605 MB free)
23:00:22,35.3,2322,68% (3606 MB free)
23:00:23,35.3,2330,68% (3604 MB free)
23:00:24,35.3,2639,68% (3601 MB free)
23:00:25,35.3,2649,68% (3530 MB free)
23:00:26,35.3,2462,68% (3529 MB free)
23:00:27,35.3,2584,68% (3528 MB free)
23:00:28,35.3,2466,68% (3522 MB free)
23:00:29,35.3,2601,68% (3526 MB free)
23:00:30,35.3,2463,68% (3521 MB free)
23:00:31,35.3,2582,69% (3519 MB free)
23:00:32,35.3,2789,69% (3519 MB free)
23:00:33,35.3,2213,69% (3519 MB free)
23:00:34,35.3,2165,69% (3520 MB free)
23:00:35,35.3,2177,69% (3518 MB free)
23:00:36,35.3,2250,68% (3532 MB free)
23:00:37,35.3,2140,68% (3530 MB free)
23:00:39,35.3,2205,68% (3528 MB free)
23:00:40,35.3,2189,68% (3528 MB free)
23:00:41,35.3,2212,68% (3526 MB free)
23:00:42,35.3,2330,68% (3526 MB free)
23:00:43,35.7,2393,68% (3528 MB free)
23:00:44,35.7,2232,68% (3563 MB free)
23:00:45,35.7,2728,68% (3558 MB free)
23:00:46,35.7,2329,68% (3556 MB free)
23:00:47,35.7,2328,68% (3555 MB free)
23:00:48,35.7,2358,68% (3550 MB free)
23:00:49,35.7,2291,68% (3549 MB free)
23:00:50,35.7,2355,68% (3549 MB free)
23:00:51,35.7,2321,68% (3548 MB free)
23:00:52,35.7,2352,68% (3548 MB free)
23:00:53,35.7,2333,68% (3547 MB free)
23:00:54,35.7,2342,68% (3546 MB free)
23:00:55,35.8,2329,68% (3541 MB free)
23:00:56,35.8,2285,68% (3541 MB free)
23:00:57,35.8,2350,68% (3552 MB free)
23:00:58,35.8,2347,68% (3551 MB free)
23:00:59,35.8,2316,68% (3550 MB free)
23:01:00,35.8,2298,68% (3545 MB free)
23:01:01,35.8,2222,68% (3544 MB free)
23:01:02,35.8,2382,68% (3543 MB free)
23:01:03,35.8,2316,68% (3543 MB free)
23:01:04,35.8,2346,68% (3540 MB free)
23:01:05,35.8,2283,68% (3543 MB free)
23:01:06,35.8,2354,68% (3540 MB free)
23:01:07,35.8,2226,68% (3539 MB free)
23:01:08,35.8,2347,68% (3540 MB free)
23:01:09,35.8,2329,68% (3537 MB free)
23:01:10,35.8,2257,68% (3537 MB free)
23:01:11,35.8,2308,68% (3537 MB free)
23:01:12,35.8,2350,68% (3536 MB free)
23:01:13,35.8,2299,68% (3536 MB free)
23:01:14,35.8,2328,68% (3535 MB free)
23:01:15,35.8,2340,68% (3535 MB free)
23:01:16,35.8,2361,68% (3535 MB free)
23:01:17,35.8,2231,68% (3529 MB free)
23:01:18,35.8,2900,68% (3533 MB free)
23:01:19,35.8,2673,69% (3495 MB free)
23:01:20,35.8,2607,69% (3496 MB free)
23:01:21,35.8,2575,69% (3495 MB free)
23:01:22,36.1,2608,69% (3487 MB free)
23:01:23,36.1,2496,69% (3494 MB free)
23:01:24,36.1,2593,69% (3488 MB free)
23:01:25,36.1,2793,69% (3487 MB free)
23:01:26,36.1,2289,69% (3483 MB free)
23:01:27,36.1,2235,69% (3482 MB free)
23:01:28,36.1,2219,69% (3480 MB free)
23:01:29,36.1,2246,69% (3473 MB free)
23:01:30,36.1,2196,69% (3470 MB free)
23:01:31,36.1,2203,69% (3467 MB free)
23:01:32,36.1,2179,69% (3465 MB free)
23:01:33,36.1,2205,69% (3464 MB free)
23:01:34,36.1,2372,69% (3475 MB free)
23:01:35,36.1,2392,69% (3473 MB free)
23:01:36,36.1,2338,69% (3472 MB free)
23:01:37,36.1,2765,69% (3470 MB free)
23:01:38,36.1,2323,69% (3468 MB free)
23:01:39,36.1,2271,69% (3466 MB free)
23:01:40,36.1,2328,69% (3464 MB free)
23:01:41,36.1,2341,69% (3463 MB free)
23:01:43,36.1,2355,69% (3462 MB free)
23:01:44,36.1,2336,69% (3476 MB free)
23:01:45,36.1,2278,69% (3473 MB free)
23:01:46,36.1,2335,69% (3470 MB free)
23:01:47,36.1,2421,69% (3465 MB free)
23:01:48,36.1,2203,69% (3464 MB free)
23:01:49,36.1,2302,69% (3462 MB free)
23:01:50,36.1,2323,69% (3462 MB free)
23:01:51,36.1,2344,69% (3461 MB free)
23:01:52,36.1,2326,69% (3461 MB free)
23:01:53,36.1,2356,69% (3460 MB free)
23:01:54,36.1,2300,69% (3470 MB free)
23:01:55,36.2,2372,69% (3470 MB free)
23:01:56,36.2,2368,69% (3470 MB free)
23:01:57,36.2,2358,69% (3469 MB free)
23:01:58,36.3,2315,69% (3468 MB free)
23:01:59,36.3,2227,69% (3467 MB free)
23:02:00,36.3,2357,69% (3466 MB free)
23:02:01,36.3,2309,69% (3465 MB free)
23:02:02,36.3,2354,69% (3465 MB free)
23:02:03,36.3,2383,69% (3464 MB free)
23:02:04,36.3,2367,69% (3463 MB free)
23:02:05,36.3,2292,69% (3462 MB free)
23:02:06,36.3,2368,69% (3469 MB free)
23:02:07,36.3,2331,69% (3468 MB free)
23:02:08,36.3,2316,69% (3463 MB free)
23:02:09,36.3,2350,69% (3462 MB free)
23:02:10,36.3,2360,69% (3462 MB free)
23:02:11,36.3,2323,69% (3461 MB free)
23:02:12,36.3,2325,69% (3460 MB free)
23:02:13,36.3,2355,69% (3460 MB free)
23:02:14,36.3,2300,69% (3460 MB free)
23:02:15,36.3,2349,69% (3459 MB free)
23:02:16,36.3,2345,69% (3458 MB free)
23:02:17,36.3,2377,69% (3456 MB free)
23:02:18,36.3,2311,69% (3453 MB free)
23:02:19,36.3,2344,69% (3452 MB free)
23:02:20,36.3,2400,69% (3452 MB free)
23:02:21,36.3,2408,69% (3467 MB free)
23:02:22,36.3,2267,69% (3465 MB free)
23:02:23,36.3,2332,69% (3462 MB free)
23:02:24,36.3,2328,69% (3459 MB free)
23:02:25,36.3,2336,69% (3458 MB free)
23:02:26,36.3,2322,69% (3458 MB free)
23:02:27,36.3,2368,69% (3457 MB free)
23:02:28,36.3,2358,69% (3456 MB free)
23:02:29,36.3,2344,69% (3455 MB free)
23:02:30,36.3,2279,69% (3454 MB free)
23:02:31,36.3,2349,69% (3453 MB free)
23:02:32,36.3,2320,69% (3464 MB free)
23:02:33,36.3,2291,69% (3463 MB free)
23:02:34,36.3,2365,69% (3462 MB free)
23:02:35,36.3,2342,69% (3461 MB free)
23:02:36,36.3,2352,69% (3461 MB free)
23:02:37,36.3,2274,69% (3447 MB free)
23:02:38,36.3,2754,69% (3447 MB free)
23:02:39,36.3,2660,69% (3432 MB free)
23:02:40,36.3,2422,69% (3432 MB free)
23:02:41,36.3,2547,69% (3430 MB free)
23:02:42,36.3,2579,69% (3426 MB free)
23:02:43,36.3,2676,69% (3444 MB free)
23:02:44,36.3,2431,69% (3431 MB free)
23:02:45,36.3,2204,69% (3429 MB free)
23:02:46,36.3,2819,69% (3427 MB free)
23:02:47,36.3,2528,69% (3427 MB free)
23:02:48,36.3,2203,69% (3425 MB free)
23:02:49,36.3,2210,69% (3422 MB free)
23:02:51,36.3,2169,69% (3419 MB free)
23:02:52,36.3,2277,69% (3415 MB free)
23:02:53,36.3,2196,69% (3413 MB free)
23:02:54,36.3,2160,69% (3409 MB free)
23:02:55,36.7,2306,69% (3408 MB free)
23:02:56,36.7,2320,69% (3462 MB free)
23:02:57,36.7,2459,69% (3459 MB free)
23:02:58,36.7,2388,69% (3444 MB free)
23:02:59,36.7,2601,69% (3441 MB free)
23:03:00,36.7,2682,69% (3441 MB free)
23:03:01,36.7,2757,69% (3438 MB free)
23:03:02,36.7,2699,69% (3436 MB free)
23:03:03,36.7,2677,69% (3440 MB free)
23:03:04,36.7,2159,69% (3439 MB free)
23:03:05,36.7,2218,69% (3438 MB free)
23:03:06,36.7,2231,69% (3435 MB free)
23:03:07,36.7,2355,69% (3490 MB free)
23:03:08,36.8,2325,69% (3485 MB free)
23:03:09,36.8,2357,69% (3484 MB free)
23:03:10,36.8,2320,69% (3483 MB free)
23:03:11,36.8,2296,69% (3483 MB free)
23:03:12,36.8,2327,69% (3479 MB free)
23:03:13,36.8,2364,69% (3478 MB free)
23:03:14,36.8,2349,69% (3478 MB free)
23:03:15,36.8,2353,69% (3479 MB free)
23:03:16,36.8,2305,69% (3479 MB free)
23:03:17,36.8,2308,69% (3479 MB free)
23:03:18,36.8,2295,69% (3479 MB free)
23:03:19,36.8,2189,69% (3478 MB free)
23:03:20,36.8,2262,69% (3478 MB free)
23:03:21,36.8,2258,69% (3475 MB free)
23:03:22,36.8,2289,69% (3475 MB free)
23:03:23,36.8,2318,69% (3473 MB free)
23:03:24,36.8,2259,69% (3473 MB free)
23:03:25,36.8,2297,69% (3472 MB free)
23:03:26,36.8,2323,69% (3472 MB free)
23:03:27,36.8,2266,69% (3470 MB free)
23:03:28,37.0,2256,69% (3469 MB free)
23:03:29,37.0,2308,69% (3469 MB free)
23:03:30,37.0,2278,69% (3479 MB free)
23:03:31,37.0,2306,69% (3478 MB free)
23:03:32,37.0,2223,69% (3476 MB free)
23:03:33,37.0,2250,69% (3475 MB free)
23:03:34,37.0,2390,69% (3475 MB free)
23:03:35,37.0,2357,69% (3475 MB free)
23:03:36,37.0,2267,69% (3475 MB free)
23:03:37,37.0,2329,69% (3473 MB free)
23:03:38,37.0,2304,69% (3473 MB free)
23:03:39,37.0,2316,69% (3472 MB free)
23:03:40,37.0,2306,69% (3468 MB free)
23:03:41,37.0,2784,69% (3465 MB free)
23:03:42,37.0,2587,69% (3446 MB free)
23:03:43,37.0,2574,69% (3446 MB free)
23:03:44,37.0,2535,69% (3445 MB free)
23:03:45,37.0,2620,69% (3450 MB free)
23:03:46,37.0,2625,69% (3427 MB free)
23:03:47,37.0,2270,69% (3472 MB free)
23:03:48,37.0,2812,69% (3466 MB free)
23:03:49,37.0,2162,69% (3465 MB free)
23:03:50,37.0,2218,69% (3456 MB free)
23:03:51,37.0,2066,69% (3453 MB free)
23:03:52,37.0,2246,69% (3452 MB free)
23:03:53,37.0,2219,69% (3451 MB free)
23:03:54,37.1,2222,69% (3449 MB free)
23:03:55,37.1,2191,69% (3448 MB free)
23:03:57,37.1,2170,69% (3446 MB free)
23:03:58,37.1,2268,69% (3445 MB free)
23:03:59,37.1,2359,69% (3442 MB free)
23:04:00,37.1,2787,69% (3443 MB free)
23:04:01,37.1,2638,69% (3443 MB free)
23:04:02,37.1,2277,69% (3442 MB free)
23:04:03,37.1,2306,69% (3441 MB free)
23:04:04,37.1,2333,69% (3442 MB free)
23:04:05,37.1,2247,69% (3442 MB free)
23:04:06,37.1,2342,69% (3441 MB free)
23:04:07,37.1,2335,69% (3440 MB free)
23:04:08,37.1,2308,69% (3440 MB free)
23:04:09,37.1,2302,69% (3439 MB free)
23:04:10,37.1,2343,69% (3439 MB free)
23:04:11,37.1,2324,69% (3439 MB free)
23:04:12,37.1,2277,69% (3438 MB free)
23:04:13,37.1,2359,69% (3437 MB free)
23:04:14,37.1,2324,69% (3436 MB free)
23:04:15,37.1,2392,69% (3435 MB free)
23:04:16,37.1,2404,69% (3432 MB free)
23:04:17,37.1,2312,69% (3431 MB free)
23:04:18,37.1,2281,69% (3430 MB free)
23:04:19,37.1,2294,69% (3430 MB free)
23:04:20,37.1,2174,69% (3429 MB free)
23:04:21,37.1,2322,69% (3426 MB free)
23:04:22,37.1,2340,69% (3425 MB free)
23:04:23,37.3,2358,69% (3420 MB free)
23:04:24,37.3,2280,69% (3419 MB free)
23:04:25,37.3,2321,69% (3419 MB free)
23:04:26,37.3,2334,69% (3418 MB free)
23:04:27,37.3,2331,69% (3417 MB free)
23:04:28,37.3,2283,69% (3418 MB free)
23:04:29,37.3,2260,69% (3417 MB free)
23:04:30,37.3,2340,69% (3417 MB free)
23:04:31,37.3,2347,69% (3416 MB free)
23:04:32,37.3,2325,69% (3416 MB free)
23:04:33,37.3,2353,69% (3416 MB free)
23:04:34,37.3,2274,69% (3415 MB free)
23:04:35,37.3,2346,69% (3414 MB free)
23:04:36,37.3,2232,69% (3414 MB free)
23:04:37,37.3,2332,69% (3411 MB free)
23:04:38,37.3,2281,69% (3410 MB free)
23:04:39,37.3,1943,69% (3409 MB free)
23:04:40,37.3,2303,69% (3409 MB free)
23:04:41,37.3,2265,69% (3408 MB free)
23:04:42,37.3,2326,69% (3408 MB free)
23:04:43,37.3,2312,69% (3408 MB free)
23:04:44,37.3,2255,70% (3407 MB free)
23:04:45,37.3,2295,69% (3409 MB free)
23:04:46,37.3,2299,69% (3409 MB free)
23:04:47,37.3,2304,69% (3410 MB free)
23:04:48,37.3,2269,69% (3409 MB free)
23:04:49,37.3,2245,69% (3409 MB free)
23:04:50,37.3,2356,69% (3408 MB free)
23:04:51,37.3,2343,69% (3408 MB free)
23:04:52,37.3,2349,70% (3406 MB free)
23:04:53,37.3,2348,70% (3406 MB free)
23:04:54,37.4,2311,70% (3405 MB free)
23:04:55,37.4,2271,70% (3404 MB free)
23:04:56,37.4,2331,70% (3403 MB free)
23:04:57,37.4,2372,70% (3402 MB free)
23:04:58,37.4,2349,70% (3401 MB free)
23:04:59,37.4,2268,70% (3400 MB free)
23:05:00,37.4,2224,70% (3399 MB free)
23:05:02,37.4,2328,70% (3398 MB free)
23:05:03,37.4,2313,70% (3397 MB free)
23:05:04,37.4,2309,70% (3397 MB free)
23:05:05,37.4,2296,70% (3396 MB free)
23:05:06,37.4,2305,70% (3395 MB free)
23:05:07,37.4,2244,69% (3449 MB free)
23:05:08,37.4,2252,69% (3436 MB free)
23:05:09,37.4,2848,70% (3390 MB free)
23:05:10,37.4,2535,70% (3382 MB free)
23:05:11,37.4,2490,70% (3382 MB free)
23:05:12,37.4,2582,70% (3390 MB free)
23:05:13,37.4,2527,70% (3392 MB free)
23:05:14,37.4,2701,70% (3384 MB free)
23:05:15,37.4,2163,70% (3381 MB free)
23:05:16,37.4,2844,70% (3383 MB free)
23:05:17,37.4,2549,70% (3384 MB free)
23:05:18,37.4,2157,70% (3383 MB free)
23:05:19,37.4,2180,70% (3382 MB free)
23:05:20,37.4,2182,70% (3380 MB free)
23:05:21,37.4,2196,70% (3378 MB free)
23:05:22,37.4,2188,70% (3377 MB free)
23:05:23,37.4,2242,70% (3373 MB free)
23:05:24,37.4,2173,70% (3372 MB free)
23:05:25,37.4,2227,70% (3374 MB free)
23:05:26,37.4,2353,70% (3372 MB free)
23:05:27,37.4,2654,70% (3375 MB free)
23:05:28,37.4,2678,70% (3376 MB free)
23:05:29,37.4,2453,70% (3374 MB free)
23:05:30,37.4,2270,70% (3373 MB free)
23:05:31,37.4,2221,70% (3375 MB free)
23:05:32,37.4,2272,70% (3374 MB free)
23:05:33,37.4,2312,70% (3374 MB free)
23:05:34,37.4,2331,70% (3378 MB free)
23:05:35,37.4,2313,70% (3375 MB free)
23:05:36,37.4,2156,70% (3375 MB free)
23:05:37,37.4,2350,70% (3374 MB free)
23:05:38,37.4,2307,70% (3372 MB free)
23:05:39,37.8,2182,70% (3363 MB free)
23:05:40,37.8,2311,70% (3371 MB free)
23:05:41,37.8,2329,70% (3369 MB free)
23:05:42,37.8,2334,70% (3367 MB free)
23:05:43,37.7,2344,70% (3367 MB free)
23:05:44,37.7,2287,70% (3366 MB free)
23:05:45,37.7,2364,70% (3364 MB free)
23:05:46,37.7,2359,70% (3363 MB free)
23:05:47,37.7,2320,70% (3374 MB free)
23:05:48,37.7,2376,70% (3372 MB free)
23:05:49,37.7,2239,70% (3372 MB free)
23:05:50,37.7,2363,70% (3371 MB free)
23:05:51,37.7,2303,70% (3371 MB free)
23:05:52,37.7,2329,70% (3370 MB free)
23:05:53,37.7,2246,70% (3369 MB free)
23:05:54,37.8,2315,70% (3368 MB free)
23:05:55,37.8,2328,70% (3367 MB free)
23:05:56,37.8,2333,70% (3367 MB free)
23:05:57,37.8,2351,70% (3365 MB free)
23:05:58,37.8,2231,70% (3362 MB free)
23:05:59,37.8,2303,70% (3361 MB free)
23:06:00,37.8,2273,70% (3361 MB free)
23:06:01,37.8,2308,70% (3369 MB free)
23:06:02,37.8,2362,70% (3366 MB free)
23:06:03,37.8,2339,70% (3363 MB free)
23:06:04,37.8,2329,70% (3363 MB free)
23:06:05,37.8,2329,70% (3362 MB free)
23:06:06,37.8,2212,70% (3362 MB free)
23:06:07,37.8,2296,70% (3365 MB free)
23:06:08,38.0,2336,70% (3364 MB free)
23:06:09,38.0,2273,70% (3362 MB free)
23:06:11,38.0,2308,70% (3362 MB free)
23:06:12,38.0,2803,70% (3359 MB free)
23:06:13,38.0,2662,70% (3352 MB free)
23:06:14,38.0,2512,70% (3351 MB free)
23:06:15,38.0,2530,70% (3349 MB free)
23:06:16,38.0,2575,70% (3348 MB free)
23:06:17,38.0,2507,70% (3346 MB free)
23:06:18,38.0,2495,70% (3345 MB free)
23:06:19,38.0,2496,70% (3344 MB free)
23:06:20,38.0,2587,70% (3343 MB free)
23:06:21,38.0,2513,70% (3342 MB free)
23:06:22,38.0,2502,70% (3357 MB free)
23:06:23,38.0,2495,70% (3353 MB free)
23:06:24,38.0,2440,70% (3351 MB free)
23:06:25,38.0,2563,70% (3351 MB free)
23:06:26,38.0,2565,70% (3350 MB free)
23:06:27,38.0,2656,70% (3349 MB free)
23:06:28,38.0,2486,70% (3348 MB free)
23:06:29,38.0,2625,70% (3347 MB free)
23:06:30,38.0,2551,70% (3345 MB free)
23:06:31,38.0,2566,70% (3353 MB free)
23:06:32,38.0,2768,70% (3352 MB free)
23:06:33,38.0,2696,70% (3348 MB free)
23:06:34,38.0,2658,70% (3350 MB free)
23:06:35,38.0,2707,70% (3349 MB free)
23:06:36,38.0,2781,70% (3349 MB free)
23:06:37,38.0,2745,70% (3351 MB free)
23:06:38,38.0,2545,70% (3374 MB free)
23:06:39,38.0,2482,70% (3370 MB free)
23:06:40,38.0,2611,70% (3368 MB free)
23:06:41,38.0,2768,70% (3368 MB free)
23:06:42,38.0,2711,70% (3361 MB free)
23:06:43,38.0,2570,70% (3357 MB free)
23:06:44,38.0,2761,70% (3358 MB free)
23:06:45,38.0,2761,70% (3357 MB free)
23:06:46,38.0,2678,70% (3356 MB free)
23:06:47,38.0,2669,70% (3354 MB free)
23:06:48,38.0,2678,70% (3353 MB free)
23:06:49,38.0,2692,70% (3352 MB free)
23:06:50,38.0,2726,70% (3352 MB free)
23:06:51,38.0,2785,70% (3351 MB free)
23:06:52,38.0,2278,70% (3350 MB free)
23:06:53,38.0,2212,70% (3350 MB free)
23:06:54,38.0,2319,70% (3349 MB free)
23:06:55,38.0,2231,70% (3337 MB free)
23:06:56,38.0,2763,70% (3336 MB free)
23:06:57,38.0,2303,70% (3359 MB free)
23:06:58,38.0,2636,70% (3356 MB free)
23:06:59,38.0,2769,70% (3354 MB free)
23:07:00,38.0,2746,70% (3353 MB free)
23:07:01,38.0,2686,70% (3353 MB free)
23:07:02,38.0,2742,70% (3350 MB free)
23:07:03,38.0,2777,70% (3346 MB free)
23:07:04,37.9,2380,70% (3345 MB free)
23:07:05,37.9,2227,70% (3343 MB free)
23:07:06,37.9,2550,70% (3342 MB free)
23:07:07,37.9,2317,70% (3341 MB free)
23:07:08,37.9,2153,70% (3339 MB free)
23:07:09,38.0,2249,70% (3337 MB free)
23:07:10,38.0,2167,70% (3402 MB free)
23:07:11,38.0,1973,69% (3456 MB free)
23:07:12,38.0,2075,69% (3443 MB free)
23:07:13,38.0,1827,69% (3421 MB free)
23:07:14,38.0,1809,69% (3426 MB free)
23:07:15,38.0,1890,69% (3462 MB free)
23:07:16,38.0,1905,69% (3472 MB free)
23:07:17,38.0,1930,69% (3451 MB free)
23:07:18,38.0,1793,69% (3424 MB free)
23:07:19,38.0,1813,70% (3407 MB free)
23:07:20,38.0,1786,69% (3423 MB free)
23:07:22,38.0,1773,69% (3408 MB free)
23:07:23,38.0,1801,70% (3391 MB free)
23:07:24,38.0,1863,70% (3401 MB free)
23:07:25,38.0,1917,70% (3381 MB free)
23:07:26,38.0,1921,70% (3374 MB free)
23:07:27,38.0,2232,70% (3313 MB free)
23:07:28,38.0,2198,70% (3317 MB free)
23:07:29,38.0,2170,70% (3317 MB free)
23:07:30,38.0,2045,70% (3317 MB free)
23:07:31,38.0,2070,70% (3346 MB free)
23:07:32,38.0,2248,70% (3345 MB free)
23:07:33,38.0,2114,70% (3367 MB free)
23:07:34,38.0,2060,69% (3433 MB free)
23:07:35,38.0,1906,69% (3417 MB free)
23:07:36,38.0,1875,69% (3434 MB free)
23:07:37,38.0,1910,69% (3454 MB free)
23:07:38,38.0,1913,69% (3457 MB free)
23:07:39,38.0,2051,69% (3450 MB free)
23:07:40,38.0,1824,69% (3438 MB free)
23:07:41,38.0,1927,69% (3440 MB free)
23:07:42,38.0,1978,69% (3441 MB free)
23:07:43,38.0,2033,69% (3439 MB free)
23:07:44,38.0,2199,69% (3423 MB free)
23:07:45,38.0,2134,69% (3456 MB free)
23:07:46,38.0,1947,69% (3433 MB free)
23:07:47,38.0,1995,69% (3415 MB free)
23:07:48,38.0,2133,69% (3411 MB free)
23:07:49,38.0,2204,69% (3409 MB free)
23:07:50,38.0,2234,70% (3406 MB free)
23:07:51,38.0,2181,69% (3409 MB free)
23:07:52,38.0,2087,69% (3441 MB free)
23:07:53,38.0,2054,69% (3426 MB free)
23:07:54,38.3,2187,69% (3424 MB free)
23:07:55,38.3,1979,70% (3400 MB free)
23:07:56,38.3,2251,70% (3404 MB free)
23:07:57,38.3,2049,70% (3386 MB free)
23:07:58,38.3,1981,70% (3357 MB free)
23:07:59,38.3,2247,70% (3354 MB free)
23:08:00,38.3,2298,70% (3352 MB free)
23:08:01,38.3,2219,70% (3347 MB free)
23:08:02,38.3,2156,70% (3344 MB free)
23:08:03,38.3,2178,70% (3338 MB free)
23:08:04,38.3,2236,70% (3336 MB free)
23:08:05,38.3,2226,70% (3354 MB free)
23:08:06,38.3,1981,70% (3353 MB free)
23:08:07,38.3,2222,70% (3399 MB free)
23:08:08,38.3,2230,70% (3389 MB free)
23:08:09,38.6,2193,70% (3384 MB free)
23:08:10,38.6,2230,70% (3379 MB free)
23:08:11,38.6,2207,70% (3379 MB free)
23:08:12,38.6,2207,70% (3375 MB free)
23:08:13,38.6,2181,70% (3375 MB free)
23:08:14,38.6,2214,70% (3371 MB free)
23:08:15,38.6,2107,70% (3369 MB free)
23:08:16,38.7,2224,70% (3367 MB free)
23:08:18,38.7,2183,70% (3365 MB free)
23:08:19,38.7,2211,70% (3365 MB free)
23:08:20,38.7,2214,70% (3366 MB free)
23:08:21,38.7,2254,70% (3367 MB free)
23:08:22,38.7,2160,70% (3393 MB free)
23:08:23,38.7,2171,70% (3390 MB free)
23:08:24,38.7,2174,70% (3387 MB free)
23:08:25,38.7,2192,70% (3387 MB free)
23:08:26,38.7,2492,70% (3384 MB free)
23:08:27,38.7,2281,70% (3378 MB free)
23:08:28,38.7,2252,70% (3378 MB free)
23:08:29,38.7,2196,70% (3374 MB free)
23:08:30,38.7,2204,70% (3375 MB free)
23:08:31,38.7,2257,70% (3376 MB free)
23:08:32,38.7,2176,70% (3375 MB free)
23:08:33,38.7,2104,70% (3372 MB free)
23:08:34,38.7,2048,70% (3366 MB free)
23:08:35,38.7,2039,70% (3402 MB free)
23:08:36,38.7,2104,70% (3398 MB free)
23:08:37,38.7,2152,70% (3390 MB free)
23:08:38,38.7,2147,70% (3389 MB free)
23:08:39,38.7,2177,70% (3386 MB free)
23:08:40,38.7,2174,70% (3385 MB free)
23:08:41,38.7,2215,70% (3369 MB free)
23:08:42,38.7,2042,70% (3362 MB free)
23:08:43,38.7,2166,70% (3360 MB free)
23:08:44,38.7,2882,70% (3357 MB free)
23:08:45,38.7,2267,70% (3389 MB free)
23:08:46,38.7,2711,70% (3387 MB free)
23:08:47,38.7,2255,70% (3383 MB free)
23:08:48,38.7,2172,70% (3381 MB free)
23:08:49,38.7,2165,70% (3379 MB free)
23:08:50,38.7,2183,70% (3378 MB free)
23:08:51,38.7,2190,69% (3442 MB free)
23:08:52,38.7,2062,69% (3440 MB free)
23:08:53,38.7,2093,69% (3441 MB free)
23:08:54,38.8,1951,69% (3440 MB free)
23:08:55,38.8,2113,69% (3439 MB free)
23:08:56,38.8,2111,69% (3438 MB free)
23:08:57,38.8,2164,69% (3437 MB free)
23:08:58,38.8,2105,69% (3439 MB free)
23:08:59,38.8,2179,69% (3443 MB free)
23:09:00,38.8,2077,69% (3444 MB free)
23:09:01,38.8,2125,69% (3442 MB free)
23:09:02,38.8,2133,69% (3440 MB free)
23:09:03,38.8,2212,69% (3440 MB free)
23:09:04,38.8,2225,69% (3438 MB free)
23:09:05,38.8,2193,69% (3436 MB free)
23:09:06,38.8,2134,69% (3435 MB free)
23:09:07,38.8,2159,69% (3434 MB free)
23:09:09,38.8,2214,69% (3434 MB free)
23:09:10,38.8,2237,69% (3436 MB free)
23:09:11,38.8,2224,69% (3435 MB free)
23:09:12,38.8,2250,69% (3434 MB free)
23:09:13,38.8,2354,69% (3429 MB free)
23:09:14,38.8,2374,69% (3451 MB free)
23:09:15,39.1,1927,69% (3443 MB free)
23:09:16,39.1,2090,69% (3441 MB free)
23:09:17,39.1,2100,69% (3438 MB free)
23:09:18,39.1,2100,69% (3435 MB free)
23:09:19,39.1,2137,69% (3443 MB free)
23:09:20,39.1,2135,69% (3439 MB free)
23:09:21,39.1,2182,69% (3437 MB free)
23:09:22,39.1,2194,69% (3437 MB free)
23:09:23,39.1,2231,69% (3434 MB free)
23:09:24,39.1,2194,69% (3433 MB free)
23:09:25,39.1,2187,69% (3431 MB free)
23:09:26,39.1,2194,69% (3430 MB free)
23:09:27,39.1,2239,69% (3425 MB free)
23:09:28,39.1,2254,69% (3425 MB free)
23:09:29,39.1,2283,69% (3426 MB free)
23:09:30,39.1,2225,70% (3401 MB free)
23:09:31,39.1,2324,70% (3401 MB free)
23:09:32,39.1,2302,70% (3398 MB free)
23:09:33,39.1,2180,70% (3393 MB free)
23:09:34,39.1,2057,70% (3391 MB free)
23:09:35,39.2,2164,70% (3388 MB free)
23:09:36,39.2,2144,70% (3384 MB free)
23:09:37,39.2,2158,70% (3381 MB free)
23:09:38,39.3,2132,70% (3378 MB free)
23:09:39,39.3,2131,70% (3374 MB free)
23:09:40,39.3,2096,70% (3372 MB free)
23:09:41,39.3,2043,70% (3396 MB free)
23:09:42,39.3,2103,70% (3400 MB free)
23:09:43,39.3,2143,70% (3399 MB free)
23:09:44,39.3,2192,70% (3397 MB free)
23:09:45,39.3,2216,70% (3395 MB free)
23:09:46,39.3,2190,70% (3394 MB free)
23:09:47,39.3,2227,70% (3391 MB free)
23:09:48,39.3,2144,70% (3389 MB free)
23:09:49,39.3,2129,70% (3387 MB free)
23:09:50,39.3,2139,70% (3384 MB free)
23:09:51,39.3,2137,70% (3382 MB free)
23:09:52,39.3,2142,70% (3381 MB free)
23:09:53,39.3,2160,70% (3379 MB free)
23:09:54,39.4,2158,70% (3376 MB free)
23:09:55,39.4,2043,70% (3373 MB free)
23:09:56,39.4,2121,70% (3372 MB free)
23:09:57,39.4,2125,70% (3370 MB free)
23:09:58,39.4,2220,70% (3369 MB free)
23:09:59,39.4,2259,70% (3368 MB free)
23:10:00,39.4,2253,70% (3367 MB free)
23:10:01,39.4,2196,70% (3365 MB free)
23:10:03,39.4,2151,70% (3363 MB free)
23:10:04,39.4,2157,69% (3429 MB free)
23:10:05,39.4,2163,69% (3427 MB free)
23:10:06,39.4,2185,69% (3424 MB free)
23:10:07,39.4,2175,69% (3422 MB free)
23:10:08,39.4,2160,69% (3419 MB free)
23:10:09,39.4,2177,69% (3418 MB free)
23:10:10,39.4,2111,69% (3416 MB free)
23:10:11,39.4,2242,69% (3415 MB free)
23:10:12,39.4,2168,69% (3415 MB free)
23:10:13,39.4,2193,69% (3413 MB free)
23:10:14,39.4,2088,69% (3412 MB free)
23:10:15,39.4,2109,69% (3411 MB free)
23:10:16,39.4,2156,69% (3409 MB free)
23:10:17,39.4,2210,69% (3410 MB free)
23:10:18,39.4,2192,69% (3408 MB free)
23:10:19,39.4,2234,69% (3410 MB free)
23:10:20,39.4,2266,70% (3407 MB free)
23:10:21,39.4,2325,70% (3402 MB free)
23:10:22,39.4,2445,70% (3402 MB free)
23:10:23,39.4,2484,70% (3400 MB free)
23:10:24,39.4,2497,70% (3400 MB free)
23:10:25,39.4,2539,70% (3399 MB free)
23:10:26,39.4,2450,70% (3397 MB free)
23:10:27,39.4,2411,70% (3378 MB free)
23:10:28,39.4,2110,70% (3377 MB free)
23:10:29,39.4,2285,70% (3381 MB free)
23:10:30,39.4,2227,70% (3380 MB free)
23:10:31,39.4,2294,70% (3380 MB free)
23:10:32,39.4,2325,70% (3379 MB free)
23:10:33,39.4,2190,70% (3379 MB free)
23:10:34,39.4,2272,70% (3379 MB free)
23:10:35,39.4,2245,70% (3379 MB free)
23:10:36,39.4,2295,70% (3377 MB free)
23:10:37,39.4,2397,70% (3369 MB free)
23:10:38,39.4,2375,70% (3400 MB free)
23:10:39,39.4,2376,70% (3399 MB free)
23:10:40,39.4,2408,70% (3397 MB free)
23:10:41,39.4,2450,70% (3394 MB free)
23:10:42,39.4,2638,70% (3396 MB free)
23:10:43,39.4,2404,70% (3395 MB free)
23:10:44,39.4,2406,70% (3399 MB free)
23:10:45,39.4,2344,70% (3402 MB free)
23:10:46,39.4,2335,70% (3401 MB free)
23:10:47,39.4,2301,70% (3401 MB free)
23:10:48,39.4,2305,70% (3400 MB free)
23:10:49,39.4,2275,70% (3401 MB free)
23:10:50,39.6,2341,70% (3399 MB free)
23:10:51,39.6,2304,70% (3398 MB free)
23:10:52,39.6,2355,70% (3397 MB free)
23:10:53,39.6,2364,70% (3396 MB free)
23:10:54,39.6,2322,70% (3395 MB free)
23:10:55,39.6,2361,70% (3394 MB free)
23:10:56,39.6,2354,70% (3393 MB free)
23:10:57,39.6,2287,70% (3392 MB free)
23:10:58,39.6,2309,70% (3392 MB free)
23:10:59,39.6,2302,70% (3391 MB free)
23:11:00,39.6,2306,70% (3390 MB free)
23:11:02,39.6,2309,70% (3389 MB free)
23:11:03,39.6,2352,70% (3388 MB free)
23:11:04,39.6,2341,70% (3385 MB free)
23:11:05,39.6,2337,70% (3384 MB free)
23:11:06,39.6,2467,70% (3379 MB free)
23:11:07,39.6,2446,70% (3378 MB free)
23:11:08,39.6,2326,70% (3376 MB free)
23:11:09,39.6,2279,70% (3375 MB free)
23:11:10,39.6,2359,70% (3372 MB free)
23:11:11,39.6,2365,70% (3365 MB free)
23:11:12,39.6,2172,70% (3368 MB free)
23:11:13,39.6,2349,70% (3365 MB free)
23:11:14,39.6,2012,70% (3375 MB free)
23:11:15,39.6,2119,70% (3373 MB free)
23:11:16,39.6,2221,70% (3369 MB free)
23:11:17,39.6,2130,70% (3370 MB free)
23:11:18,39.6,2295,70% (3370 MB free)
23:11:19,39.6,2312,70% (3399 MB free)
23:11:20,39.6,2299,70% (3390 MB free)
23:11:21,39.6,2351,70% (3388 MB free)
23:11:22,39.6,2265,70% (3387 MB free)
23:11:23,39.6,2301,70% (3382 MB free)
23:11:24,39.6,2286,70% (3381 MB free)
23:11:25,39.6,2230,70% (3380 MB free)
23:11:26,39.6,2304,70% (3381 MB free)
23:11:27,39.6,2286,70% (3380 MB free)
23:11:28,39.6,2287,70% (3380 MB free)
23:11:29,39.6,2279,70% (3375 MB free)
23:11:30,39.6,2283,70% (3374 MB free)
23:11:31,39.6,2185,70% (3373 MB free)
23:11:32,39.6,2263,70% (3373 MB free)
23:11:33,39.6,2233,70% (3370 MB free)
23:11:34,39.6,2286,70% (3369 MB free)
23:11:35,39.6,2306,70% (3369 MB free)
23:11:36,39.6,2316,70% (3369 MB free)
23:11:37,39.6,2296,70% (3370 MB free)
23:11:38,39.6,2295,70% (3369 MB free)
23:11:39,39.6,2325,70% (3369 MB free)
23:11:40,39.6,2290,70% (3368 MB free)
23:11:41,39.6,2324,70% (3368 MB free)
23:11:42,39.6,2208,70% (3361 MB free)
23:11:43,39.6,2331,70% (3361 MB free)
23:11:44,39.6,2253,70% (3360 MB free)
23:11:45,39.6,2285,70% (3378 MB free)
23:11:46,39.6,2139,70% (3378 MB free)
23:11:47,39.6,2323,70% (3377 MB free)
23:11:48,39.6,2297,70% (3375 MB free)
23:11:49,39.6,2218,70% (3376 MB free)
23:11:50,39.6,2293,70% (3376 MB free)
23:11:51,39.6,2303,70% (3378 MB free)
23:11:52,39.6,2329,70% (3378 MB free)
23:11:53,39.6,2226,70% (3376 MB free)
23:11:54,39.8,2266,70% (3376 MB free)
23:11:55,39.8,2196,70% (3375 MB free)
23:11:56,39.8,2235,70% (3375 MB free)
23:11:57,39.8,2152,70% (3374 MB free)
23:11:58,39.8,2217,70% (3370 MB free)
23:11:59,39.8,2233,70% (3370 MB free)
23:12:00,39.8,2237,70% (3370 MB free)
23:12:01,39.8,2405,69% (3420 MB free)
23:12:02,39.8,2208,69% (3412 MB free)
23:12:03,39.8,2325,70% (3405 MB free)
23:12:04,39.8,2140,70% (3404 MB free)
23:12:06,39.8,2261,70% (3403 MB free)
23:12:07,39.8,2336,70% (3400 MB free)
23:12:08,39.8,2326,69% (3412 MB free)
23:12:09,39.8,2274,70% (3388 MB free)
23:12:10,39.8,2054,70% (3386 MB free)
23:12:11,39.9,2227,70% (3379 MB free)
23:12:12,39.8,2291,70% (3378 MB free)
23:12:13,39.8,2332,70% (3374 MB free)
23:12:14,39.8,2229,70% (3373 MB free)
23:12:15,39.8,2277,70% (3370 MB free)
23:12:16,39.8,2277,70% (3367 MB free)
23:12:17,39.8,2323,70% (3367 MB free)
23:12:18,39.8,2281,70% (3365 MB free)
23:12:19,39.8,2310,70% (3365 MB free)
23:12:20,39.8,2268,70% (3363 MB free)
23:12:21,39.8,2295,69% (3414 MB free)
23:12:22,39.8,2150,69% (3412 MB free)
23:12:23,39.8,2305,69% (3410 MB free)
23:12:24,39.8,2258,70% (3406 MB free)
23:12:25,39.8,2193,70% (3404 MB free)
23:12:26,39.8,2287,70% (3403 MB free)
23:12:27,39.8,2317,70% (3401 MB free)
23:12:28,39.8,2348,70% (3399 MB free)
23:12:29,39.8,2411,70% (3399 MB free)
23:12:30,39.8,2249,70% (3397 MB free)
23:12:31,40.1,2237,70% (3396 MB free)
23:12:32,40.1,2303,70% (3395 MB free)
23:12:33,40.1,2313,70% (3395 MB free)
23:12:34,40.1,2304,70% (3394 MB free)
23:12:35,40.1,2272,70% (3393 MB free)
23:12:36,40.1,2263,70% (3393 MB free)
23:12:37,40.1,2310,70% (3392 MB free)
23:12:38,40.1,2301,70% (3385 MB free)
23:12:39,40.1,2332,70% (3384 MB free)
23:12:40,40.1,2255,70% (3385 MB free)
23:12:41,40.1,2273,70% (3384 MB free)
23:12:42,40.1,2304,70% (3384 MB free)
23:12:43,40.1,2394,70% (3383 MB free)
23:12:44,40.1,2333,70% (3385 MB free)
23:12:45,40.1,2299,70% (3384 MB free)
23:12:46,40.1,2379,70% (3378 MB free)
23:12:47,40.1,2324,70% (3333 MB free)
23:12:48,40.1,2333,73% (2978 MB free)
23:12:49,40.1,2193,73% (2974 MB free)
23:12:50,40.1,2324,73% (2973 MB free)
23:12:51,40.1,2215,73% (2973 MB free)
23:12:52,40.1,1947,73% (2974 MB free)
23:12:53,40.1,2332,73% (2975 MB free)
23:12:54,40.1,2312,73% (2974 MB free)
23:12:55,40.1,2261,73% (2975 MB free)
23:12:56,40.1,2290,73% (2974 MB free)
23:12:57,40.1,2301,73% (2971 MB free)
23:12:58,40.1,2325,73% (2957 MB free)
23:12:59,40.1,2208,73% (2977 MB free)
23:13:00,40.1,2329,73% (2978 MB free)
23:13:01,40.1,2101,73% (2973 MB free)
23:13:02,40.1,2177,73% (2988 MB free)
23:13:03,40.1,2287,73% (2983 MB free)
23:13:04,40.1,2255,73% (2979 MB free)
23:13:05,40.1,2279,73% (2976 MB free)
23:13:06,40.1,2274,73% (2978 MB free)
23:13:07,40.1,2205,73% (2977 MB free)
23:13:08,40.1,2329,73% (2977 MB free)
23:13:09,40.1,2201,73% (2970 MB free)
23:13:11,40.1,2301,73% (2969 MB free)
23:13:12,40.1,2309,73% (2968 MB free)
23:13:13,40.1,2316,73% (2969 MB free)
23:13:14,40.1,2206,73% (2969 MB free)
23:13:15,40.1,2230,73% (2968 MB free)
23:13:16,40.1,2322,73% (2965 MB free)
23:13:17,40.1,2273,73% (2965 MB free)
23:13:18,40.1,2328,73% (2965 MB free)
23:13:19,40.1,2243,73% (2978 MB free)
23:13:20,40.1,2159,73% (3045 MB free)
23:13:21,40.1,2335,73% (3043 MB free)
23:13:22,40.1,2303,73% (3049 MB free)
23:13:23,40.1,2184,73% (3048 MB free)
23:13:24,40.1,2178,73% (3042 MB free)
23:13:25,40.1,2227,73% (3042 MB free)
23:13:26,40.3,2263,73% (3037 MB free)
23:13:27,40.3,2284,73% (3035 MB free)
23:13:28,40.3,2296,73% (3035 MB free)
23:13:29,40.3,2244,73% (3032 MB free)
23:13:30,40.3,2203,73% (3032 MB free)
23:13:31,40.3,2315,73% (3031 MB free)
23:13:32,40.3,2227,73% (3030 MB free)
23:13:33,40.3,2439,73% (3030 MB free)
23:13:34,40.4,2201,73% (3029 MB free)
23:13:35,40.4,2177,73% (3028 MB free)
23:13:36,40.4,2272,73% (3028 MB free)
23:13:37,40.4,2283,73% (3028 MB free)
23:13:38,40.4,2246,73% (3027 MB free)
23:13:39,40.4,2297,73% (3020 MB free)
23:13:40,40.4,2060,73% (3019 MB free)
23:13:41,40.4,2257,73% (3018 MB free)
23:13:42,40.4,2317,73% (3019 MB free)
23:13:43,40.4,2265,73% (3019 MB free)
23:13:44,40.4,2312,73% (3019 MB free)
23:13:45,40.4,2301,73% (3018 MB free)
23:13:46,40.4,2213,73% (3025 MB free)
23:13:47,40.4,2254,73% (3025 MB free)
23:13:48,40.4,2211,73% (3024 MB free)
23:13:49,40.4,2213,73% (3024 MB free)
23:13:50,40.4,2264,73% (3023 MB free)
23:13:51,40.4,2297,73% (3023 MB free)
23:13:52,40.4,2308,73% (3022 MB free)
23:13:53,40.4,2253,73% (3022 MB free)
23:13:54,40.5,2257,73% (3021 MB free)
23:13:55,40.5,2244,73% (3020 MB free)
23:13:56,40.5,2241,73% (3020 MB free)
23:13:57,40.5,2310,73% (3020 MB free)
23:13:58,40.5,2229,73% (3019 MB free)
23:13:59,40.5,2276,73% (3016 MB free)
23:14:00,40.5,2324,73% (3016 MB free)
23:14:01,40.5,2377,73% (3015 MB free)
23:14:02,40.5,2269,73% (3014 MB free)
23:14:03,40.5,2160,73% (3003 MB free)
23:14:04,40.5,2226,73% (2999 MB free)
23:14:05,40.5,2251,73% (2997 MB free)
23:14:06,40.5,2200,73% (2996 MB free)
23:14:07,40.5,2270,73% (2995 MB free)
23:14:08,40.5,2295,73% (2994 MB free)
23:14:09,40.5,2212,73% (2983 MB free)
23:14:10,40.5,1967,73% (2994 MB free)
23:14:11,40.5,2268,73% (2992 MB free)
23:14:12,40.5,2313,73% (2991 MB free)
23:14:14,40.5,2302,73% (2991 MB free)
23:14:15,40.5,2274,73% (3054 MB free)
23:14:16,40.5,2279,73% (3053 MB free)
23:14:17,40.5,2264,73% (3053 MB free)
23:14:18,40.5,2270,73% (3048 MB free)
23:14:19,40.5,2192,73% (3048 MB free)
23:14:20,40.5,2265,73% (3048 MB free)
23:14:21,40.5,2283,73% (3047 MB free)
23:14:22,40.5,2302,73% (3046 MB free)
23:14:23,40.5,2280,73% (3044 MB free)
23:14:24,40.5,2291,73% (3042 MB free)
23:14:25,40.5,2325,73% (3041 MB free)
23:14:26,40.5,2250,73% (3040 MB free)
23:14:27,40.5,2267,73% (3041 MB free)
23:14:28,40.5,2304,73% (3040 MB free)
23:14:29,40.5,2319,73% (3041 MB free)
23:14:30,40.5,2416,73% (3007 MB free)
23:14:31,40.5,2331,73% (3007 MB free)
23:14:32,40.5,2773,73% (3005 MB free)
23:14:33,40.5,2728,73% (3005 MB free)
23:14:34,40.5,2802,73% (3004 MB free)
23:14:35,40.5,2802,73% (3003 MB free)
23:14:36,40.5,2782,73% (3003 MB free)
23:14:37,40.5,2778,73% (3004 MB free)
23:14:38,40.5,2779,73% (3004 MB free)
23:14:39,40.5,2795,73% (3001 MB free)
23:14:40,40.5,2810,73% (2999 MB free)
23:14:41,40.6,2699,72% (3077 MB free)
23:14:42,40.6,2863,72% (3073 MB free)
23:14:43,40.6,2855,72% (3072 MB free)
23:14:44,40.6,2819,72% (3067 MB free)
23:14:45,40.6,2792,73% (3064 MB free)
23:14:46,40.6,2807,73% (3063 MB free)
23:14:47,40.6,2710,73% (3060 MB free)
23:14:48,40.6,2736,73% (3060 MB free)
23:14:49,40.6,2788,73% (3059 MB free)
23:14:50,40.6,2870,73% (3058 MB free)
23:14:51,40.6,2779,73% (3058 MB free)
23:14:52,40.6,2864,73% (3057 MB free)
23:14:53,40.6,2838,73% (3057 MB free)
23:14:54,40.6,2790,73% (3055 MB free)
23:14:55,40.6,2750,73% (3054 MB free)
23:14:56,40.6,2800,73% (3053 MB free)
23:14:57,40.6,2799,73% (3054 MB free)
23:14:58,40.6,2838,73% (3053 MB free)
23:14:59,40.6,2787,73% (3053 MB free)
23:15:00,40.6,2887,73% (3052 MB free)
23:15:01,40.6,2735,73% (3050 MB free)
23:15:02,40.6,2740,73% (3051 MB free)
23:15:03,40.6,2779,73% (3050 MB free)
23:15:04,40.6,2761,73% (3050 MB free)
23:15:05,40.6,2823,73% (3050 MB free)
23:15:06,40.6,2779,73% (3049 MB free)
23:15:07,40.6,2819,73% (3049 MB free)
23:15:08,40.6,2896,73% (3049 MB free)
23:15:09,40.6,2852,73% (3049 MB free)
23:15:10,40.6,2851,73% (3049 MB free)
23:15:11,40.6,2779,73% (3048 MB free)
23:15:12,40.6,2816,73% (3048 MB free)
23:15:13,40.6,2811,73% (3047 MB free)
23:15:14,40.6,2735,73% (3047 MB free)
23:15:15,40.6,2761,73% (3047 MB free)
23:15:16,40.6,2736,73% (3046 MB free)
23:15:17,40.6,2793,73% (3045 MB free)
23:15:18,40.6,2784,73% (3044 MB free)
23:15:19,40.6,2788,73% (3044 MB free)
23:15:20,40.6,2815,73% (3044 MB free)
23:15:21,40.6,2820,73% (3043 MB free)
23:15:22,40.6,2844,73% (3042 MB free)
23:15:23,40.6,2790,73% (3041 MB free)
23:15:24,40.6,2774,73% (3040 MB free)
23:15:25,40.6,2804,73% (3038 MB free)
23:15:27,40.6,2714,72% (3091 MB free)
23:15:28,40.6,2821,72% (3090 MB free)
23:15:29,40.6,2771,72% (3090 MB free)
23:15:30,40.6,2717,72% (3089 MB free)
23:15:31,40.6,2766,72% (3088 MB free)
23:15:32,40.6,2808,72% (3087 MB free)
23:15:33,40.6,2802,72% (3087 MB free)
23:15:34,40.6,2780,72% (3088 MB free)
23:15:35,40.6,2805,72% (3087 MB free)
23:15:36,40.6,2769,72% (3086 MB free)
23:15:37,40.6,2812,72% (3086 MB free)
23:15:38,40.6,2822,72% (3086 MB free)
23:15:39,40.6,2885,72% (3085 MB free)
23:15:40,40.6,2875,72% (3085 MB free)
23:15:41,40.6,2783,72% (3084 MB free)
23:15:42,40.6,2732,72% (3082 MB free)
23:15:43,40.6,2703,72% (3082 MB free)
23:15:44,40.6,2725,72% (3105 MB free)
23:15:45,40.6,2823,72% (3107 MB free)
23:15:46,40.6,2385,72% (3099 MB free)
23:15:47,40.3,2591,72% (3103 MB free)
23:15:48,40.3,2344,72% (3103 MB free)
23:15:49,40.3,2830,72% (3108 MB free)
23:15:50,40.3,2319,72% (3107 MB free)
23:15:51,40.3,2362,72% (3107 MB free)
23:15:52,40.3,2302,72% (3111 MB free)
23:15:53,40.3,2286,72% (3110 MB free)
23:15:54,40.3,2277,72% (3110 MB free)
23:15:55,40.3,2280,72% (3109 MB free)
23:15:56,40.3,2196,72% (3105 MB free)
23:15:57,40.3,2309,72% (3105 MB free)
23:15:58,40.3,2340,71% (3189 MB free)
23:15:59,40.3,2240,71% (3183 MB free)
23:16:00,40.3,2240,71% (3182 MB free)
23:16:01,40.3,2159,71% (3180 MB free)
23:16:02,40.3,2241,72% (3179 MB free)
23:16:03,40.3,2282,72% (3157 MB free)
23:16:04,40.3,2248,72% (3156 MB free)
23:16:05,40.3,2356,71% (3217 MB free)
23:16:06,40.3,2267,71% (3212 MB free)
23:16:07,40.3,2359,71% (3211 MB free)
23:16:08,40.3,2328,71% (3208 MB free)
23:16:09,40.3,2359,71% (3207 MB free)
23:16:10,40.3,2373,71% (3203 MB free)
23:16:11,40.3,2343,71% (3202 MB free)
23:16:12,40.3,2524,71% (3200 MB free)
23:16:13,40.3,2269,71% (3199 MB free)
23:16:14,40.3,2223,71% (3194 MB free)
23:16:15,40.3,2146,71% (3189 MB free)
23:16:16,40.3,2232,71% (3189 MB free)
23:16:17,40.3,2161,71% (3187 MB free)
23:16:18,40.3,2087,71% (3187 MB free)
23:16:19,40.3,2237,71% (3188 MB free)
23:16:20,40.3,2269,71% (3188 MB free)
23:16:21,40.3,2206,71% (3185 MB free)
23:16:22,40.3,2741,71% (3185 MB free)
23:16:23,40.3,2721,71% (3181 MB free)
23:16:24,40.3,2791,71% (3180 MB free)
23:16:25,40.3,2763,72% (3179 MB free)
23:16:26,40.3,2744,72% (3178 MB free)
23:16:27,40.3,2787,72% (3177 MB free)
23:16:28,40.3,2763,72% (3176 MB free)
23:16:29,40.3,2809,72% (3175 MB free)
23:16:30,40.3,2756,72% (3174 MB free)
23:16:31,40.3,2784,72% (3174 MB free)
23:16:32,40.3,2788,72% (3172 MB free)
23:16:33,40.3,2730,72% (3169 MB free)
23:16:35,40.3,2814,72% (3168 MB free)
23:16:36,40.3,2819,72% (3167 MB free)
23:16:37,40.3,2739,72% (3166 MB free)
23:16:38,40.3,2816,72% (3165 MB free)
23:16:39,40.3,2810,72% (3165 MB free)
23:16:40,40.3,2759,72% (3163 MB free)
23:16:41,40.3,2751,72% (3163 MB free)
23:16:42,40.3,2773,72% (3161 MB free)
23:16:43,40.3,2800,72% (3161 MB free)
23:16:44,40.3,2812,72% (3160 MB free)
23:16:45,40.3,2820,72% (3160 MB free)
23:16:46,40.3,2811,72% (3159 MB free)
23:16:47,40.3,2726,72% (3158 MB free)
23:16:48,40.3,2800,72% (3157 MB free)
23:16:49,40.3,2732,72% (3156 MB free)
23:16:50,40.3,2843,72% (3156 MB free)
23:16:51,40.3,2754,72% (3156 MB free)
23:16:52,40.3,2303,72% (3156 MB free)
23:16:53,40.3,2166,71% (3210 MB free)
23:16:54,40.3,2635,71% (3196 MB free)
23:16:55,40.3,2833,71% (3192 MB free)
23:16:56,40.3,2722,71% (3189 MB free)
23:16:57,40.3,2776,71% (3186 MB free)
23:16:58,40.3,2770,71% (3184 MB free)
23:16:59,40.3,2325,71% (3184 MB free)
23:17:00,40.3,2195,72% (3169 MB free)
23:17:01,40.3,2618,72% (3167 MB free)
23:17:02,40.3,2677,72% (3168 MB free)
23:17:03,40.3,2686,72% (3169 MB free)
23:17:04,40.3,2767,72% (3165 MB free)
23:17:05,40.3,2654,72% (3165 MB free)
23:17:06,40.3,2226,71% (3194 MB free)
23:17:07,40.3,2259,71% (3205 MB free)
23:17:08,40.3,2639,71% (3205 MB free)
23:17:09,40.3,2814,71% (3205 MB free)
23:17:10,40.3,2728,71% (3205 MB free)
23:17:11,40.3,2848,71% (3205 MB free)
23:17:12,40.3,2823,71% (3205 MB free)
23:17:13,40.3,2851,71% (3205 MB free)
23:17:14,40.3,2892,71% (3204 MB free)
23:17:15,40.3,2875,71% (3203 MB free)
23:17:16,40.3,2858,71% (3208 MB free)
23:17:17,40.3,2790,71% (3208 MB free)
23:17:18,40.3,2853,71% (3207 MB free)
23:17:19,40.3,2853,71% (3204 MB free)
23:17:20,40.3,2467,71% (3204 MB free)
23:17:21,40.3,2221,71% (3203 MB free)
23:17:22,40.3,2270,71% (3205 MB free)
23:17:23,40.3,2188,71% (3202 MB free)
23:17:24,40.3,2223,71% (3202 MB free)
23:17:25,40.3,2228,71% (3202 MB free)
23:17:26,40.3,2146,71% (3200 MB free)
23:17:27,40.3,2807,71% (3199 MB free)
23:17:28,40.3,2467,71% (3199 MB free)
23:17:29,40.3,2702,71% (3195 MB free)
23:17:30,40.3,2284,71% (3195 MB free)
23:17:31,40.3,2776,71% (3195 MB free)
23:17:32,40.3,2236,71% (3194 MB free)
23:17:33,40.3,2231,71% (3193 MB free)
23:17:34,40.3,2280,71% (3192 MB free)
23:17:35,40.3,2284,71% (3190 MB free)
23:17:36,40.3,2351,71% (3220 MB free)
23:17:37,40.3,2325,71% (3241 MB free)
23:17:38,40.3,2482,71% (3234 MB free)
23:17:39,40.3,2266,71% (3230 MB free)
23:17:41,40.3,2198,71% (3228 MB free)
23:17:42,40.3,2309,71% (3225 MB free)
23:17:43,40.3,2293,71% (3224 MB free)
23:17:44,40.3,2186,71% (3223 MB free)
23:17:45,40.3,2224,71% (3221 MB free)
23:17:46,40.3,2295,71% (3220 MB free)
23:17:47,40.3,2247,71% (3218 MB free)
23:17:48,40.3,2357,71% (3215 MB free)
23:17:49,40.3,2250,71% (3214 MB free)
23:17:50,40.3,2481,71% (3213 MB free)
23:17:51,40.3,2472,71% (3211 MB free)
23:17:52,40.3,2452,71% (3209 MB free)
23:17:53,40.3,2490,71% (3209 MB free)
23:17:54,40.3,2544,71% (3209 MB free)
23:17:55,40.3,2508,71% (3207 MB free)
23:17:56,40.3,2461,71% (3207 MB free)
23:17:57,40.3,2523,71% (3205 MB free)
23:17:58,40.3,2505,71% (3204 MB free)
23:17:59,40.3,2199,71% (3189 MB free)
23:18:00,40.3,2293,71% (3184 MB free)
23:18:01,40.3,2175,71% (3183 MB free)
23:18:02,40.3,2206,71% (3220 MB free)
23:18:03,40.3,2151,71% (3282 MB free)
23:18:04,40.3,2184,71% (3281 MB free)
23:18:05,40.3,2096,71% (3278 MB free)
23:18:06,40.3,2193,71% (3276 MB free)
23:18:07,40.3,2176,71% (3270 MB free)
23:18:08,40.3,2196,71% (3269 MB free)
23:18:09,40.3,2166,71% (3267 MB free)
23:18:10,40.3,2185,71% (3265 MB free)
23:18:11,40.3,2250,71% (3264 MB free)
23:18:12,40.3,2795,71% (3261 MB free)
23:18:13,40.3,2276,71% (3260 MB free)
23:18:14,40.3,2153,71% (3273 MB free)
23:18:15,40.3,2146,71% (3272 MB free)
23:18:16,40.3,2236,71% (3272 MB free)
23:18:17,40.3,2211,71% (3271 MB free)
23:18:18,40.3,2568,71% (3270 MB free)
23:18:19,40.3,2366,71% (3268 MB free)
23:18:20,40.3,2227,71% (3266 MB free)
23:18:21,40.3,2279,71% (3266 MB free)
23:18:22,40.3,2285,71% (3264 MB free)
23:18:23,40.3,2272,71% (3260 MB free)
23:18:24,40.3,2225,71% (3258 MB free)
23:18:25,40.3,2189,71% (3256 MB free)
23:18:26,40.3,2135,70% (3310 MB free)
23:18:27,40.3,2225,70% (3304 MB free)
23:18:28,40.3,2307,71% (3292 MB free)
23:18:29,40.3,2526,71% (3286 MB free)
23:18:30,40.3,2507,71% (3286 MB free)
23:18:31,40.3,2203,71% (3285 MB free)
23:18:32,40.3,2196,71% (3284 MB free)
23:18:33,40.3,2188,71% (3283 MB free)
23:18:34,40.3,2218,71% (3283 MB free)
23:18:35,40.3,2195,71% (3280 MB free)
23:18:37,40.3,2140,71% (3279 MB free)
23:18:38,40.3,2202,71% (3277 MB free)
23:18:39,40.3,2147,71% (3274 MB free)
23:18:40,40.3,2334,71% (3272 MB free)
23:18:41,40.3,2454,71% (3271 MB free)
23:18:42,40.3,2264,71% (3258 MB free)
23:18:43,40.3,2247,71% (3257 MB free)
23:18:44,40.3,2304,71% (3256 MB free)
23:18:45,40.3,2274,71% (3254 MB free)
23:18:46,40.3,2272,71% (3254 MB free)
23:18:47,40.3,2313,71% (3253 MB free)
23:18:48,40.3,2265,71% (3252 MB free)
23:18:49,40.3,2170,71% (3252 MB free)
23:18:50,40.3,2259,71% (3252 MB free)
23:18:51,40.3,2273,71% (3251 MB free)
23:18:52,40.3,2278,70% (3294 MB free)
23:18:53,40.3,2304,70% (3311 MB free)
23:18:54,40.3,2120,70% (3310 MB free)
23:18:55,40.5,2289,70% (3310 MB free)
23:18:56,40.5,2375,71% (3263 MB free)
23:18:57,40.5,2305,71% (3262 MB free)
23:18:58,40.5,2227,71% (3259 MB free)
23:18:59,40.5,2703,71% (3251 MB free)
23:19:00,40.5,2423,71% (3247 MB free)
23:19:01,40.5,2217,71% (3247 MB free)
23:19:02,40.5,2346,71% (3245 MB free)
23:19:03,40.5,2528,71% (3247 MB free)
23:19:04,40.5,2485,71% (3245 MB free)
23:19:05,40.5,2452,71% (3244 MB free)
23:19:06,40.5,2427,71% (3244 MB free)
23:19:07,40.5,2376,71% (3244 MB free)
23:19:08,40.5,2385,71% (3243 MB free)
23:19:09,40.5,2345,71% (3242 MB free)
23:19:10,40.5,2402,71% (3241 MB free)
23:19:11,40.5,2098,71% (3240 MB free)
23:19:12,40.5,2113,71% (3281 MB free)
23:19:13,40.5,2109,71% (3276 MB free)
23:19:14,40.5,2194,71% (3272 MB free)
23:19:15,40.5,2168,71% (3268 MB free)
23:19:16,40.5,2211,71% (3266 MB free)
23:19:17,40.5,2130,71% (3266 MB free)
23:19:18,40.5,2276,71% (3265 MB free)
23:19:19,40.5,2669,71% (3263 MB free)
23:19:20,40.5,2252,71% (3263 MB free)
23:19:21,40.5,2245,71% (3263 MB free)
23:19:22,40.6,2263,71% (3263 MB free)
23:19:23,40.6,2271,71% (3258 MB free)
23:19:24,40.6,2219,71% (3257 MB free)
23:19:25,40.6,2232,71% (3255 MB free)
23:19:26,40.6,2256,71% (3252 MB free)
23:19:27,40.6,2246,71% (3251 MB free)
23:19:28,40.6,2278,71% (3250 MB free)
23:19:29,40.6,2235,71% (3246 MB free)
23:19:30,40.6,2292,71% (3246 MB free)
23:19:31,40.6,2221,71% (3245 MB free)
23:19:32,40.8,2243,71% (3244 MB free)
23:19:33,40.8,2212,71% (3242 MB free)
23:19:34,40.8,2214,71% (3242 MB free)
23:19:35,40.8,2622,71% (3240 MB free)
23:19:36,40.8,2419,71% (3240 MB free)
23:19:37,40.8,2385,71% (3239 MB free)
23:19:38,40.8,2390,71% (3238 MB free)
23:19:39,40.8,2377,71% (3237 MB free)
23:19:40,40.8,2485,71% (3236 MB free)
23:19:42,40.8,2148,71% (3231 MB free)
23:19:43,40.8,2095,71% (3230 MB free)
23:19:44,40.8,2206,71% (3228 MB free)
23:19:45,40.8,2172,71% (3278 MB free)
23:19:46,40.8,2190,71% (3289 MB free)
23:19:47,40.8,2175,71% (3289 MB free)
23:19:48,40.8,2316,71% (3287 MB free)
23:19:49,40.8,2589,71% (3283 MB free)
23:19:50,40.8,2235,71% (3283 MB free)
23:19:51,40.8,2283,71% (3281 MB free)
23:19:52,40.8,2192,71% (3274 MB free)
23:19:53,40.8,2282,71% (3274 MB free)
23:19:54,40.8,2282,71% (3274 MB free)
23:19:55,40.7,2211,71% (3271 MB free)
23:19:56,40.7,2204,71% (3270 MB free)
23:19:57,40.7,2254,71% (3269 MB free)
23:19:58,40.7,2222,71% (3271 MB free)
23:19:59,40.7,2162,71% (3266 MB free)
23:20:00,40.7,2166,71% (3266 MB free)
23:20:01,40.7,2253,71% (3266 MB free)
23:20:02,40.7,2223,71% (3266 MB free)
23:20:03,40.7,2219,71% (3265 MB free)
23:20:04,40.7,2241,71% (3264 MB free)
23:20:05,40.7,2297,71% (3262 MB free)
23:20:06,40.7,2289,71% (3261 MB free)
23:20:07,40.7,2283,71% (3260 MB free)
23:20:08,40.7,2385,71% (3238 MB free)
23:20:09,40.7,2295,71% (3236 MB free)
23:20:10,40.7,2195,71% (3237 MB free)
23:20:11,40.7,2224,71% (3235 MB free)
23:20:12,40.7,2257,71% (3236 MB free)
23:20:13,40.7,2222,71% (3236 MB free)
23:20:14,40.7,2230,71% (3235 MB free)
23:20:15,40.7,2234,71% (3235 MB free)
23:20:16,40.7,2226,71% (3234 MB free)
23:20:17,40.7,2279,71% (3233 MB free)
23:20:18,40.7,2148,71% (3233 MB free)
23:20:19,40.7,2205,71% (3231 MB free)
23:20:20,40.7,2247,71% (3230 MB free)
23:20:21,40.7,2317,71% (3229 MB free)
23:20:22,40.7,2222,71% (3229 MB free)
23:20:23,40.7,2227,71% (3229 MB free)
23:20:24,40.7,2210,71% (3228 MB free)
23:20:25,40.7,2319,71% (3229 MB free)
23:20:26,40.7,2302,71% (3228 MB free)
23:20:27,40.7,2310,71% (3226 MB free)
23:20:28,40.7,2275,71% (3225 MB free)
23:20:29,40.7,2251,71% (3224 MB free)
23:20:30,40.7,2261,71% (3224 MB free)
23:20:31,40.7,2276,71% (3223 MB free)
23:20:32,40.7,2266,71% (3222 MB free)
23:20:33,40.7,2288,71% (3221 MB free)
23:20:34,40.7,2216,71% (3221 MB free)
23:20:35,40.7,2256,71% (3284 MB free)
23:20:36,40.7,2298,71% (3283 MB free)
23:20:37,40.7,2305,71% (3249 MB free)
23:20:38,41.1,2315,71% (3245 MB free)
23:20:39,41.1,2193,71% (3244 MB free)
23:20:40,41.1,2255,71% (3245 MB free)
23:20:41,41.1,2226,71% (3244 MB free)
23:20:42,41.1,2299,71% (3244 MB free)
23:20:43,41.1,2229,71% (3244 MB free)
23:20:45,41.1,2213,71% (3243 MB free)
23:20:46,41.1,2293,71% (3243 MB free)
23:20:47,41.1,2193,71% (3241 MB free)
23:20:48,41.1,2275,71% (3241 MB free)
23:20:49,41.1,2276,71% (3241 MB free)
23:20:50,41.1,2276,71% (3239 MB free)
23:20:51,41.1,2259,71% (3239 MB free)
23:20:52,41.1,2272,71% (3239 MB free)
23:20:53,41.1,2290,71% (3229 MB free)
23:20:54,41.1,2300,71% (3229 MB free)
23:20:55,41.1,2323,71% (3228 MB free)
23:20:56,41.1,2390,71% (3228 MB free)
23:20:57,41.1,2408,71% (3226 MB free)
23:20:58,41.1,2333,71% (3225 MB free)
23:20:59,41.1,2271,71% (3225 MB free)
23:21:00,41.1,2228,71% (3225 MB free)
23:21:01,41.1,2278,71% (3220 MB free)
23:21:02,41.1,2255,71% (3218 MB free)
23:21:03,41.1,2199,71% (3218 MB free)
23:21:04,41.1,2359,71% (3259 MB free)
23:21:05,41.1,1985,71% (3251 MB free)
23:21:06,41.1,2219,71% (3248 MB free)
23:21:07,41.1,2068,71% (3243 MB free)
23:21:08,41.1,2209,71% (3241 MB free)
23:21:09,41.1,2207,71% (3265 MB free)
23:21:10,41.1,2199,71% (3259 MB free)
23:21:11,41.1,2297,71% (3233 MB free)
23:21:12,41.1,2371,71% (3233 MB free)
23:21:13,41.1,2397,71% (3231 MB free)
23:21:14,41.1,2410,71% (3229 MB free)
23:21:15,41.1,2292,71% (3227 MB free)
23:21:16,41.1,2428,71% (3233 MB free)
23:21:17,41.1,2373,71% (3234 MB free)
23:21:18,41.1,2710,71% (3233 MB free)
23:21:19,41.1,2709,71% (3230 MB free)
23:21:20,41.1,2697,71% (3229 MB free)
23:21:21,41.1,2419,71% (3229 MB free)
23:21:22,41.1,2506,71% (3229 MB free)
23:21:23,41.1,2450,71% (3227 MB free)
23:21:24,41.1,2455,71% (3224 MB free)
23:21:25,41.1,2416,71% (3222 MB free)
23:21:26,41.1,2417,71% (3286 MB free)
23:21:27,41.1,2464,71% (3290 MB free)
23:21:28,41.1,2225,71% (3290 MB free)
23:21:29,41.1,2380,71% (3289 MB free)
23:21:30,41.1,2356,71% (3286 MB free)
23:21:31,41.1,2392,71% (3285 MB free)
23:21:32,41.1,2436,71% (3285 MB free)
23:21:33,41.1,2538,71% (3283 MB free)
23:21:34,41.1,2671,71% (3282 MB free)
23:21:35,41.1,2527,71% (3281 MB free)
23:21:36,41.1,2557,71% (3281 MB free)
23:21:37,41.1,2580,71% (3280 MB free)
23:21:38,41.1,2555,71% (3280 MB free)
23:21:39,41.1,2676,71% (3279 MB free)
23:21:40,41.1,2598,71% (3276 MB free)
23:21:41,41.1,2592,71% (3276 MB free)
23:21:42,41.1,2473,71% (3253 MB free)
23:21:43,41.1,2419,71% (3251 MB free)
23:21:44,41.1,2588,71% (3248 MB free)
23:21:45,41.1,2528,71% (3248 MB free)
23:21:46,41.1,2533,71% (3248 MB free)
23:21:47,41.1,2574,71% (3248 MB free)
23:21:48,41.1,2648,71% (3248 MB free)
23:21:49,41.1,2612,71% (3248 MB free)
23:21:50,41.1,2632,71% (3246 MB free)
23:21:51,41.1,2604,71% (3246 MB free)
23:21:52,41.1,2629,71% (3244 MB free)
23:21:54,41.3,2612,71% (3242 MB free)
23:21:55,41.3,2560,71% (3242 MB free)
23:21:56,41.3,2479,71% (3242 MB free)
23:21:57,41.3,2387,71% (3241 MB free)
23:21:58,41.3,2587,71% (3241 MB free)
23:21:59,41.3,2580,71% (3241 MB free)
23:22:00,41.3,2622,71% (3240 MB free)
23:22:01,41.3,2520,71% (3240 MB free)
23:22:02,41.3,2562,71% (3240 MB free)
23:22:03,41.3,2564,71% (3244 MB free)
23:22:04,41.3,2545,71% (3238 MB free)
23:22:05,41.3,2696,71% (3237 MB free)
23:22:06,41.3,2653,71% (3236 MB free)
23:22:07,41.3,2639,71% (3235 MB free)
23:22:08,41.3,2640,71% (3235 MB free)
23:22:09,41.3,2683,71% (3234 MB free)
23:22:10,41.3,2681,71% (3232 MB free)
23:22:11,41.3,2670,71% (3231 MB free)
23:22:12,41.3,2668,71% (3231 MB free)
23:22:13,41.3,2734,71% (3230 MB free)
23:22:14,41.3,2764,71% (3230 MB free)
23:22:15,41.3,2757,71% (3229 MB free)
23:22:16,41.3,2767,71% (3229 MB free)
23:22:17,41.3,2749,71% (3228 MB free)
23:22:18,41.3,2735,71% (3228 MB free)
23:22:19,41.3,2772,71% (3228 MB free)
23:22:20,41.3,2713,71% (3228 MB free)
23:22:21,41.3,2745,71% (3228 MB free)
23:22:22,41.3,2761,71% (3228 MB free)
23:22:23,41.3,2772,71% (3227 MB free)
23:22:24,41.3,2769,71% (3226 MB free)
23:22:25,41.3,2787,71% (3225 MB free)
23:22:26,41.3,3046,71% (3225 MB free)
23:22:27,41.3,3034,71% (3217 MB free)
23:22:28,41.3,2740,71% (3221 MB free)
23:22:29,41.3,2772,71% (3220 MB free)
23:22:30,41.3,2599,71% (3219 MB free)
23:22:31,41.3,2606,71% (3237 MB free)
23:22:32,41.3,2343,71% (3235 MB free)
23:22:33,41.3,2669,71% (3233 MB free)
23:22:34,41.3,2757,71% (3230 MB free)
23:22:35,41.3,2532,71% (3230 MB free)
23:22:36,41.3,2607,71% (3228 MB free)
23:22:37,41.3,2547,71% (3227 MB free)
23:22:38,41.3,2475,71% (3226 MB free)
23:22:39,41.3,2559,71% (3225 MB free)
23:22:40,41.3,2595,71% (3223 MB free)
23:22:41,41.3,2555,71% (3221 MB free)
23:22:42,41.3,2492,71% (3221 MB free)
23:22:43,41.3,2606,71% (3220 MB free)
23:22:44,41.3,2583,71% (3219 MB free)
23:22:45,41.3,2599,71% (3220 MB free)
23:22:46,41.3,2549,71% (3219 MB free)
23:22:47,41.3,2549,71% (3218 MB free)
23:22:48,40.9,2601,71% (3217 MB free)
23:22:49,40.9,2567,71% (3216 MB free)
23:22:50,40.9,2601,71% (3216 MB free)
23:22:51,40.9,2599,71% (3214 MB free)
23:22:52,40.9,2569,71% (3213 MB free)
23:22:53,40.9,2471,71% (3213 MB free)
23:22:54,40.9,2615,71% (3208 MB free)
23:22:55,40.9,2658,71% (3207 MB free)
23:22:56,40.9,2691,71% (3206 MB free)
23:22:57,40.9,2696,71% (3204 MB free)
23:22:58,40.9,2552,71% (3225 MB free)
23:22:59,40.9,2288,71% (3220 MB free)
23:23:00,40.9,2811,71% (3220 MB free)
23:23:01,40.9,2819,71% (3223 MB free)
23:23:03,40.9,2747,71% (3218 MB free)
23:23:04,41.1,2512,71% (3218 MB free)
23:23:05,41.1,2679,71% (3246 MB free)
23:23:06,41.1,2597,71% (3245 MB free)
23:23:07,41.1,2877,71% (3234 MB free)
23:23:08,40.8,2886,71% (3284 MB free)
23:23:09,40.9,2257,70% (3309 MB free)
23:23:10,40.9,2653,70% (3306 MB free)
23:23:11,40.9,2778,70% (3300 MB free)
23:23:12,40.9,2783,70% (3298 MB free)
23:23:13,40.9,2773,70% (3294 MB free)
23:23:14,40.9,2771,71% (3291 MB free)
23:23:15,40.9,2670,71% (3289 MB free)
23:23:16,40.9,2886,71% (3281 MB free)
23:23:17,40.9,2620,71% (3279 MB free)
23:23:18,40.9,2643,71% (3277 MB free)
23:23:19,40.9,2639,71% (3276 MB free)
23:23:20,40.9,2671,71% (3275 MB free)
23:23:21,40.9,2716,70% (3333 MB free)
23:23:22,40.9,2416,70% (3325 MB free)
23:23:23,40.9,2873,70% (3322 MB free)
23:23:24,40.9,2875,70% (3318 MB free)
23:23:25,40.9,2889,70% (3317 MB free)
23:23:26,40.9,2907,70% (3317 MB free)
23:23:27,40.9,2851,70% (3315 MB free)
23:23:28,40.9,2854,70% (3314 MB free)
23:23:29,40.9,2867,70% (3305 MB free)
23:23:30,40.9,2650,70% (3320 MB free)
23:23:31,40.9,2575,70% (3320 MB free)
23:23:32,40.9,2600,70% (3320 MB free)
23:23:33,40.9,2554,70% (3319 MB free)
23:23:34,40.9,2848,70% (3318 MB free)
23:23:35,40.9,2808,70% (3316 MB free)
23:23:36,40.9,2802,70% (3316 MB free)
23:23:37,40.9,2742,70% (3315 MB free)
23:23:38,40.9,2845,70% (3310 MB free)
23:23:39,40.9,2761,70% (3308 MB free)
23:23:40,40.9,2803,70% (3307 MB free)
23:23:41,40.9,2767,70% (3305 MB free)
23:23:42,40.9,2852,70% (3302 MB free)
23:23:43,40.9,2533,70% (3301 MB free)
23:23:44,40.9,2521,70% (3298 MB free)
23:23:45,40.9,2608,70% (3295 MB free)
23:23:46,40.9,2717,70% (3294 MB free)
23:23:47,40.9,2782,71% (3292 MB free)
23:23:48,40.9,2524,71% (3290 MB free)
23:23:49,40.9,2805,71% (3289 MB free)
23:23:50,40.9,2811,71% (3288 MB free)
23:23:51,40.9,2833,71% (3288 MB free)
23:23:52,40.9,2799,71% (3287 MB free)
23:23:53,40.9,2781,71% (3287 MB free)
23:23:54,40.7,2870,71% (3284 MB free)
23:23:55,40.7,2790,71% (3283 MB free)
23:23:56,40.7,2605,70% (3295 MB free)
23:23:57,40.7,2450,70% (3302 MB free)
23:23:58,40.7,2543,70% (3302 MB free)
23:23:59,40.7,2544,70% (3301 MB free)
23:24:00,40.7,2510,70% (3301 MB free)
23:24:01,40.7,2537,70% (3300 MB free)
23:24:02,40.7,2525,70% (3300 MB free)
23:24:03,40.7,2571,70% (3299 MB free)
23:24:04,40.7,2553,70% (3298 MB free)
23:24:05,40.7,2558,70% (3298 MB free)
23:24:06,40.7,2449,70% (3298 MB free)
23:24:07,40.7,2851,70% (3298 MB free)
23:24:08,40.7,2824,70% (3296 MB free)
23:24:10,40.7,2811,70% (3294 MB free)
23:24:11,40.7,2497,71% (3292 MB free)
23:24:12,40.7,2510,71% (3291 MB free)
23:24:13,40.7,2858,71% (3288 MB free)
23:24:14,40.7,2567,71% (3287 MB free)
23:24:15,40.7,2370,71% (3286 MB free)
23:24:16,40.7,2458,71% (3285 MB free)
23:24:17,40.7,2581,71% (3285 MB free)
23:24:18,40.7,2612,71% (3282 MB free)
23:24:19,40.7,2586,70% (3345 MB free)
23:24:20,40.7,2500,70% (3343 MB free)
23:24:21,40.7,2465,70% (3342 MB free)
23:24:22,40.7,2380,70% (3339 MB free)
23:24:23,40.7,2434,70% (3338 MB free)
23:24:24,40.7,2397,70% (3335 MB free)
23:24:25,40.7,2296,70% (3331 MB free)
23:24:26,40.7,2344,70% (3331 MB free)
23:24:27,40.7,2462,70% (3330 MB free)
23:24:28,40.7,2609,70% (3324 MB free)
23:24:29,40.7,2459,70% (3323 MB free)
23:24:30,40.7,2493,70% (3323 MB free)
23:24:31,40.7,2549,70% (3321 MB free)
23:24:32,40.7,2605,70% (3321 MB free)
23:24:33,40.7,2587,70% (3321 MB free)
23:24:34,40.7,2570,70% (3320 MB free)
23:24:35,40.7,2553,70% (3320 MB free)
23:24:36,40.7,2557,70% (3319 MB free)
23:24:37,40.7,2561,70% (3317 MB free)
23:24:38,40.7,2581,70% (3324 MB free)
23:24:39,40.7,2505,70% (3323 MB free)
23:24:40,40.7,2551,70% (3323 MB free)
23:24:41,40.7,2631,70% (3322 MB free)
23:24:42,40.7,2588,70% (3322 MB free)
23:24:43,40.7,2620,70% (3322 MB free)
23:24:44,40.7,2606,70% (3393 MB free)
23:24:45,40.7,2530,70% (3343 MB free)
23:24:46,40.7,2570,70% (3342 MB free)
23:24:47,40.7,2563,70% (3342 MB free)
23:24:48,40.7,2635,70% (3334 MB free)
23:24:49,40.7,2709,70% (3326 MB free)
23:24:50,40.7,2747,70% (3326 MB free)
23:24:51,40.7,2726,70% (3325 MB free)
23:24:52,40.7,2727,70% (3325 MB free)
23:24:53,40.7,2729,70% (3326 MB free)
23:24:54,40.6,2704,70% (3326 MB free)
23:24:55,40.6,2675,70% (3325 MB free)
23:24:56,40.6,2697,70% (3324 MB free)
23:24:57,40.6,2736,70% (3324 MB free)
23:24:58,40.6,2745,70% (3324 MB free)
23:24:59,40.6,2714,70% (3324 MB free)
23:25:00,40.6,2511,70% (3324 MB free)
23:25:01,40.6,2421,70% (3324 MB free)
23:25:02,40.6,2386,70% (3325 MB free)
23:25:03,40.6,2298,70% (3328 MB free)
23:25:04,40.6,2425,70% (3330 MB free)
23:25:05,40.6,2208,70% (3330 MB free)
23:25:06,40.6,2380,70% (3329 MB free)
23:25:07,40.6,2396,70% (3328 MB free)
23:25:08,40.6,2396,70% (3327 MB free)
23:25:09,40.6,2346,70% (3326 MB free)
23:25:11,40.6,2401,70% (3325 MB free)
23:25:12,40.6,2512,70% (3324 MB free)
23:25:13,40.6,2554,70% (3323 MB free)
23:25:14,40.6,2706,70% (3322 MB free)
23:25:15,40.6,2582,70% (3321 MB free)
23:25:16,40.6,2552,70% (3320 MB free)
23:25:17,40.6,2550,70% (3320 MB free)
23:25:18,40.6,2593,70% (3320 MB free)
23:25:19,40.6,2618,70% (3320 MB free)
23:25:20,40.6,2583,70% (3320 MB free)
23:25:21,40.7,2541,70% (3318 MB free)
23:25:22,40.7,2443,70% (3317 MB free)
23:25:23,40.7,2453,70% (3317 MB free)
23:25:24,40.7,2512,70% (3315 MB free)
23:25:25,40.7,2436,70% (3316 MB free)
23:25:26,40.7,2508,70% (3315 MB free)
23:25:27,40.7,2444,70% (3313 MB free)
23:25:28,40.7,2464,70% (3312 MB free)
23:25:29,40.7,2493,70% (3311 MB free)
23:25:30,40.7,2440,70% (3310 MB free)
23:25:31,40.7,2515,70% (3361 MB free)
23:25:32,40.7,2016,70% (3360 MB free)
23:25:33,40.7,2286,70% (3357 MB free)
23:25:34,40.7,2450,70% (3357 MB free)
23:25:35,40.7,2531,70% (3356 MB free)
23:25:36,40.7,2624,70% (3356 MB free)
23:25:37,40.7,2583,70% (3353 MB free)
23:25:38,40.7,2461,70% (3352 MB free)
23:25:39,40.7,2519,70% (3352 MB free)
23:25:40,40.7,2413,70% (3352 MB free)
23:25:41,40.7,2474,70% (3352 MB free)
23:25:42,40.7,2423,70% (3351 MB free)
23:25:43,40.7,2545,70% (3351 MB free)
23:25:44,40.7,2588,70% (3351 MB free)
23:25:45,40.7,2559,70% (3351 MB free)
23:25:46,40.7,2631,70% (3329 MB free)
23:25:47,40.7,2619,70% (3329 MB free)
23:25:48,40.7,2542,70% (3328 MB free)
23:25:49,40.7,2661,70% (3323 MB free)
23:25:50,40.7,2641,70% (3323 MB free)
23:25:51,40.7,2777,70% (3323 MB free)
23:25:52,40.7,2767,70% (3322 MB free)
23:25:53,40.7,2448,70% (3324 MB free)
23:25:54,40.7,2372,70% (3324 MB free)
23:25:55,40.7,2383,70% (3325 MB free)
23:25:56,40.7,2458,70% (3325 MB free)
23:25:57,40.7,2706,70% (3325 MB free)
23:25:58,40.7,2657,70% (3325 MB free)
23:25:59,40.7,2686,70% (3324 MB free)
23:26:00,40.7,2670,70% (3323 MB free)
23:26:01,40.7,2377,70% (3323 MB free)
23:26:02,40.7,2501,70% (3321 MB free)
23:26:03,40.7,2472,70% (3320 MB free)
23:26:04,40.7,2400,70% (3318 MB free)
23:26:05,40.7,2411,70% (3316 MB free)
23:26:06,40.7,2294,70% (3316 MB free)
23:26:07,40.7,2486,70% (3315 MB free)
23:26:08,40.7,2666,70% (3315 MB free)
23:26:09,40.7,2681,70% (3312 MB free)
23:26:10,40.7,2479,70% (3311 MB free)
23:26:11,40.7,2444,70% (3311 MB free)
23:26:12,40.7,2591,70% (3310 MB free)
23:26:13,40.7,2589,70% (3309 MB free)
23:26:14,40.7,2575,70% (3308 MB free)
23:26:15,40.7,2593,70% (3306 MB free)
23:26:16,40.7,2619,70% (3306 MB free)
23:26:17,40.7,2560,70% (3306 MB free)
23:26:19,40.7,2630,70% (3306 MB free)
23:26:20,40.7,2608,70% (3304 MB free)
23:26:21,40.7,2501,70% (3304 MB free)
23:26:22,40.7,2512,70% (3303 MB free)
23:26:23,40.7,2451,70% (3303 MB free)
23:26:24,40.7,2610,70% (3301 MB free)
23:26:25,40.7,2545,70% (3300 MB free)
23:26:26,40.7,2553,70% (3300 MB free)
23:26:27,40.7,2632,70% (3299 MB free)
23:26:28,40.7,2540,70% (3298 MB free)
23:26:29,40.7,2579,70% (3296 MB free)
23:26:30,40.7,2633,70% (3295 MB free)
23:26:31,40.7,2602,70% (3295 MB free)
23:26:32,40.7,2543,70% (3294 MB free)
23:26:33,40.7,2546,70% (3294 MB free)
23:26:34,40.7,2607,71% (3293 MB free)
23:26:35,40.7,2586,70% (3353 MB free)
23:26:36,40.7,2545,70% (3350 MB free)
23:26:37,40.7,2652,70% (3350 MB free)
23:26:38,40.7,2555,70% (3348 MB free)
23:26:39,40.7,2637,70% (3346 MB free)
23:26:40,40.7,2507,70% (3344 MB free)
23:26:41,40.7,2553,70% (3344 MB free)
23:26:42,40.7,2564,70% (3342 MB free)
23:26:43,40.7,2534,70% (3342 MB free)
23:26:44,40.7,2636,70% (3341 MB free)
23:26:45,40.7,2613,70% (3341 MB free)
23:26:46,40.7,2645,70% (3340 MB free)
23:26:47,40.7,2644,70% (3339 MB free)
23:26:48,40.7,2601,70% (3337 MB free)
23:26:49,40.7,2447,70% (3336 MB free)
23:26:50,40.7,2590,70% (3335 MB free)
23:26:51,40.7,2599,70% (3335 MB free)
23:26:52,40.7,2635,70% (3334 MB free)
23:26:53,40.7,2612,70% (3324 MB free)
23:26:54,40.7,2719,70% (3318 MB free)
23:26:55,40.7,2764,70% (3317 MB free)
23:26:56,40.7,2770,70% (3318 MB free)
23:26:57,40.7,2766,70% (3318 MB free)
23:26:58,40.7,2750,70% (3315 MB free)
23:26:59,40.7,2489,70% (3312 MB free)
23:27:00,40.7,2412,70% (3311 MB free)
23:27:01,40.7,2530,70% (3312 MB free)
23:27:02,40.7,2594,70% (3311 MB free)
23:27:03,40.7,2428,70% (3311 MB free)
23:27:04,40.7,2366,70% (3312 MB free)
23:27:05,40.7,2539,70% (3311 MB free)
23:27:06,40.7,2744,70% (3311 MB free)
23:27:07,40.7,2755,70% (3309 MB free)
23:27:08,40.7,2711,70% (3309 MB free)
23:27:09,40.7,2657,70% (3308 MB free)
23:27:10,40.7,2725,70% (3308 MB free)
23:27:11,40.7,2771,70% (3307 MB free)
23:27:12,40.7,2774,70% (3302 MB free)
23:27:13,40.7,2371,70% (3301 MB free)
23:27:14,40.7,2428,70% (3299 MB free)
23:27:15,40.7,2426,70% (3298 MB free)
23:27:16,40.7,2428,70% (3297 MB free)
23:27:17,40.7,2388,70% (3295 MB free)
23:27:18,40.7,2403,70% (3294 MB free)
23:27:19,40.7,2454,71% (3293 MB free)
23:27:20,40.7,2632,71% (3293 MB free)
23:27:21,40.7,2801,71% (3293 MB free)
23:27:22,40.7,2583,71% (3292 MB free)
23:27:23,40.7,2571,71% (3290 MB free)
23:27:24,40.7,2579,71% (3290 MB free)
23:27:25,40.7,2602,71% (3289 MB free)
23:27:26,40.7,2567,71% (3288 MB free)
23:27:28,40.7,2623,71% (3286 MB free)
23:27:29,40.7,2578,71% (3283 MB free)
23:27:30,40.7,2370,70% (3340 MB free)
23:27:31,40.7,2577,70% (3334 MB free)
23:27:32,40.7,2677,70% (3329 MB free)
23:27:33,40.7,2489,70% (3327 MB free)
23:27:34,40.7,2601,70% (3326 MB free)
23:27:35,40.7,2520,70% (3346 MB free)
23:27:36,40.7,2511,70% (3342 MB free)
23:27:37,40.7,2600,70% (3336 MB free)
23:27:38,40.7,2639,70% (3334 MB free)
23:27:39,40.7,2586,70% (3335 MB free)
23:27:40,40.7,2568,70% (3331 MB free)
23:27:41,40.7,2276,70% (3330 MB free)
23:27:42,40.7,2427,70% (3325 MB free)
23:27:43,40.7,2499,70% (3324 MB free)
23:27:44,40.7,2462,70% (3325 MB free)
23:27:45,40.7,2451,70% (3320 MB free)
23:27:46,40.7,2569,70% (3313 MB free)
23:27:47,40.7,2559,70% (3313 MB free)
23:27:48,40.7,2662,70% (3315 MB free)
23:27:49,40.7,2616,70% (3315 MB free)
23:27:50,40.7,2429,70% (3315 MB free)
23:27:51,40.7,2536,70% (3315 MB free)
23:27:52,40.7,2539,70% (3313 MB free)
23:27:53,40.7,2434,70% (3380 MB free)
23:27:54,40.7,2476,70% (3384 MB free)
23:27:55,40.7,2609,70% (3381 MB free)
23:27:56,40.7,2634,70% (3379 MB free)
23:27:57,40.7,2684,70% (3378 MB free)
23:27:58,40.7,2679,70% (3386 MB free)
23:27:59,40.7,2651,70% (3374 MB free)
23:28:00,40.7,2485,70% (3373 MB free)
23:28:01,40.7,2585,70% (3370 MB free)
23:28:02,40.7,2692,70% (3369 MB free)
23:28:03,40.7,2685,70% (3368 MB free)
23:28:04,40.7,2727,70% (3367 MB free)
23:28:05,40.7,2675,70% (3367 MB free)
23:28:06,40.7,2712,70% (3364 MB free)
23:28:07,40.7,2774,70% (3365 MB free)
23:28:08,40.7,2434,70% (3363 MB free)
23:28:09,40.7,2442,70% (3363 MB free)
23:28:10,40.7,2370,70% (3361 MB free)
23:28:11,40.7,2396,70% (3359 MB free)
23:28:12,40.7,2429,70% (3358 MB free)
23:28:13,40.7,2409,70% (3356 MB free)
23:28:14,40.7,2447,70% (3355 MB free)
23:28:15,40.7,2491,70% (3355 MB free)
23:28:16,40.7,2628,70% (3355 MB free)
23:28:17,40.7,2693,70% (3354 MB free)
23:28:18,40.7,2488,70% (3353 MB free)
23:28:19,40.7,2548,70% (3353 MB free)
23:28:20,40.7,2665,70% (3352 MB free)
23:28:21,40.7,2545,70% (3352 MB free)
23:28:22,40.7,2460,70% (3349 MB free)
23:28:23,40.7,2553,70% (3348 MB free)
23:28:24,40.7,2453,70% (3348 MB free)
23:28:25,40.7,2528,70% (3346 MB free)
23:28:26,40.7,2609,70% (3346 MB free)
23:28:27,40.7,2624,70% (3346 MB free)
23:28:28,40.7,2561,70% (3344 MB free)
23:28:29,40.7,2590,70% (3344 MB free)
23:28:30,40.7,2550,70% (3344 MB free)
23:28:31,40.7,2558,70% (3343 MB free)
23:28:32,40.7,2551,70% (3343 MB free)
23:28:33,40.7,2568,70% (3342 MB free)
23:28:34,40.7,2529,70% (3342 MB free)
23:28:36,40.7,2469,70% (3342 MB free)
23:28:37,40.7,2539,70% (3340 MB free)
23:28:38,40.7,2522,70% (3337 MB free)
23:28:39,40.7,2564,70% (3336 MB free)
23:28:40,40.7,2557,70% (3336 MB free)
23:28:41,40.7,2335,70% (3335 MB free)
23:28:42,40.7,2458,70% (3333 MB free)
23:28:43,40.7,2567,70% (3331 MB free)
23:28:44,40.7,2616,69% (3409 MB free)
23:28:45,40.8,2151,69% (3413 MB free)
23:28:46,40.8,2279,69% (3409 MB free)
23:28:47,40.8,2261,69% (3430 MB free)
23:28:48,40.8,2651,70% (3384 MB free)
23:28:49,40.8,2755,70% (3384 MB free)
23:28:50,40.8,2783,70% (3383 MB free)
23:28:51,40.8,2749,70% (3383 MB free)
23:28:52,40.8,2556,70% (3391 MB free)
23:28:53,40.8,2425,70% (3391 MB free)
23:28:54,40.8,2434,70% (3389 MB free)
23:28:55,40.9,2402,70% (3389 MB free)
23:28:56,40.9,2458,70% (3388 MB free)
23:28:57,40.9,2438,70% (3388 MB free)
23:28:58,40.9,2438,70% (3386 MB free)
23:28:59,40.9,2605,70% (3384 MB free)
23:29:00,40.9,2592,70% (3384 MB free)
23:29:01,40.9,2656,70% (3384 MB free)
23:29:02,40.9,2595,70% (3384 MB free)
23:29:03,40.9,2605,70% (3383 MB free)
23:29:04,40.9,2644,70% (3382 MB free)
23:29:05,40.9,2614,70% (3381 MB free)
23:29:06,40.9,2548,70% (3381 MB free)
23:29:07,40.9,2522,70% (3380 MB free)
23:29:08,40.9,2607,70% (3380 MB free)
23:29:09,40.9,2601,70% (3380 MB free)
23:29:10,40.9,2600,70% (3379 MB free)
23:29:11,40.9,2500,70% (3379 MB free)
23:29:12,40.9,2527,70% (3379 MB free)
23:29:13,40.9,2542,70% (3379 MB free)
23:29:14,40.9,2558,70% (3378 MB free)
23:29:15,40.9,2576,70% (3378 MB free)
23:29:16,40.9,2555,70% (3377 MB free)
23:29:17,40.9,2594,70% (3376 MB free)
23:29:18,40.9,2574,70% (3376 MB free)
23:29:19,40.9,2615,70% (3376 MB free)
23:29:20,40.9,2669,70% (3375 MB free)
23:29:21,40.9,2506,70% (3375 MB free)
23:29:22,40.9,2620,70% (3374 MB free)
23:29:23,40.9,2609,70% (3374 MB free)
23:29:24,40.9,2638,70% (3372 MB free)
23:29:25,40.9,2613,70% (3372 MB free)
23:29:26,40.9,2626,70% (3371 MB free)
23:29:27,40.9,2592,70% (3370 MB free)
23:29:28,40.9,2530,70% (3370 MB free)
23:29:29,40.9,2525,70% (3369 MB free)
23:29:30,40.9,2535,70% (3369 MB free)
23:29:31,40.9,2546,70% (3368 MB free)
23:29:32,40.9,2655,70% (3367 MB free)
23:29:33,40.9,2624,70% (3366 MB free)
23:29:34,40.9,2789,70% (3366 MB free)
23:29:35,40.9,2723,70% (3366 MB free)
23:29:36,40.9,2763,70% (3365 MB free)
23:29:37,40.9,2517,70% (3364 MB free)
23:29:38,40.9,2420,70% (3363 MB free)
23:29:39,40.9,2510,70% (3366 MB free)
23:29:40,40.9,2813,70% (3365 MB free)
23:29:41,40.9,2511,70% (3364 MB free)
23:29:42,40.9,2453,70% (3363 MB free)
23:29:43,40.9,2479,70% (3361 MB free)
23:29:44,40.9,2448,70% (3361 MB free)
23:29:46,40.9,2630,70% (3364 MB free)
23:29:47,40.9,2657,70% (3363 MB free)
23:29:48,40.9,2508,70% (3362 MB free)
23:29:49,40.9,2302,70% (3362 MB free)
23:29:50,40.9,2593,70% (3360 MB free)
23:29:51,40.8,2603,70% (3360 MB free)
23:29:52,40.8,2522,70% (3359 MB free)
23:29:53,40.8,2559,70% (3357 MB free)
23:29:54,40.8,2600,70% (3356 MB free)
23:29:55,40.8,2603,70% (3358 MB free)
23:29:56,40.8,2557,70% (3358 MB free)
23:29:57,40.8,2586,70% (3358 MB free)
23:29:58,40.8,2586,70% (3357 MB free)
23:29:59,40.8,2548,70% (3357 MB free)
23:30:00,40.8,2539,70% (3357 MB free)
23:30:01,40.8,2537,70% (3369 MB free)
23:30:02,40.8,2594,70% (3369 MB free)
23:30:03,40.8,2563,70% (3369 MB free)
23:30:04,40.8,2534,70% (3365 MB free)
23:30:05,40.8,2663,70% (3365 MB free)
23:30:06,40.8,2539,70% (3365 MB free)
23:30:07,40.8,2625,70% (3365 MB free)
23:30:08,40.8,2650,70% (3362 MB free)
23:30:09,40.8,2562,70% (3362 MB free)
23:30:10,40.8,2612,70% (3363 MB free)
23:30:11,40.8,2545,70% (3361 MB free)
23:30:12,40.8,2559,70% (3361 MB free)
23:30:13,40.8,2549,70% (3359 MB free)
23:30:14,40.8,2592,70% (3359 MB free)
23:30:15,40.8,2688,70% (3358 MB free)
23:30:16,40.8,2695,70% (3358 MB free)
23:30:17,40.8,2470,70% (3357 MB free)
23:30:18,40.8,2596,70% (3357 MB free)
23:30:19,40.8,2442,70% (3356 MB free)
23:30:20,40.8,2587,70% (3357 MB free)
23:30:21,40.8,2693,70% (3356 MB free)
23:30:22,40.8,2715,70% (3356 MB free)
23:30:23,40.8,2749,70% (3356 MB free)
23:30:24,40.8,2602,70% (3354 MB free)
23:30:25,40.8,2553,70% (3353 MB free)
23:30:26,40.8,2591,70% (3352 MB free)
23:30:27,40.8,2596,69% (3422 MB free)
23:30:28,40.8,2852,69% (3416 MB free)
23:30:29,40.8,2610,69% (3413 MB free)
23:30:30,40.8,2841,69% (3411 MB free)
23:30:31,40.8,2575,69% (3410 MB free)
23:30:32,40.8,2882,69% (3408 MB free)
23:30:33,40.8,2627,69% (3408 MB free)
23:30:34,40.8,2549,70% (3407 MB free)
23:30:35,40.8,2499,69% (3408 MB free)
23:30:36,40.8,2452,70% (3407 MB free)
23:30:37,40.8,2742,70% (3407 MB free)
23:30:38,40.8,2720,70% (3406 MB free)
23:30:39,40.8,2660,70% (3405 MB free)
23:30:40,40.8,2745,70% (3405 MB free)
23:30:41,40.8,2678,70% (3404 MB free)
23:30:42,40.8,2686,70% (3403 MB free)
23:30:43,40.8,2656,70% (3402 MB free)
23:30:44,40.8,2729,70% (3401 MB free)
23:30:45,40.8,2700,70% (3403 MB free)
23:30:46,40.8,2651,70% (3402 MB free)
23:30:47,40.8,2747,70% (3400 MB free)
23:30:48,40.8,2736,70% (3399 MB free)
23:30:49,40.8,2692,70% (3399 MB free)
23:30:50,40.8,2749,70% (3398 MB free)
23:30:51,40.8,2665,70% (3397 MB free)
23:30:52,40.8,2861,70% (3396 MB free)
23:30:53,40.8,2755,70% (3395 MB free)
23:30:54,40.8,2764,70% (3395 MB free)
23:30:55,40.8,2766,70% (3394 MB free)
23:30:56,40.8,2759,70% (3393 MB free)
23:30:57,40.8,2527,70% (3393 MB free)
23:30:59,40.8,2470,70% (3391 MB free)
23:31:00,40.8,2487,70% (3390 MB free)
23:31:01,40.8,2480,70% (3390 MB free)
23:31:02,40.8,2893,70% (3389 MB free)
23:31:03,40.8,2576,70% (3389 MB free)
23:31:04,40.8,2466,70% (3388 MB free)
23:31:05,40.8,2836,70% (3387 MB free)
23:31:06,40.8,2827,70% (3387 MB free)
23:31:07,40.8,2670,70% (3387 MB free)
23:31:08,40.8,2538,70% (3384 MB free)
23:31:09,40.8,2454,70% (3384 MB free)
23:31:10,40.8,2697,70% (3383 MB free)
23:31:11,40.8,2630,70% (3380 MB free)
23:31:12,40.8,2624,70% (3380 MB free)
23:31:13,40.8,2619,70% (3379 MB free)
23:31:14,40.8,2573,70% (3378 MB free)
23:31:15,40.8,2577,70% (3378 MB free)
23:31:16,40.8,2536,70% (3377 MB free)
23:31:17,40.8,2576,70% (3376 MB free)
23:31:18,40.8,2491,70% (3376 MB free)
23:31:19,40.8,2536,70% (3375 MB free)
23:31:20,40.8,2701,70% (3375 MB free)
23:31:21,40.8,2628,70% (3374 MB free)
23:31:22,40.8,2675,70% (3373 MB free)
23:31:23,40.8,2643,70% (3373 MB free)
23:31:24,40.8,2592,70% (3371 MB free)
23:31:25,40.8,2621,70% (3371 MB free)
23:31:26,40.8,2637,70% (3369 MB free)
23:31:27,40.8,2633,70% (3369 MB free)
23:31:28,40.8,2637,70% (3368 MB free)
23:31:29,40.8,2638,70% (3368 MB free)
23:31:30,40.8,2689,70% (3368 MB free)
23:31:31,40.8,2611,70% (3367 MB free)
23:31:32,40.8,2627,70% (3367 MB free)
23:31:33,40.8,2585,70% (3366 MB free)
23:31:34,40.8,2593,70% (3366 MB free)
23:31:35,40.8,2625,69% (3427 MB free)
23:31:36,40.8,2644,69% (3426 MB free)
23:31:37,40.8,2639,69% (3425 MB free)
23:31:38,40.8,2572,69% (3423 MB free)
23:31:39,40.8,2618,69% (3422 MB free)
23:31:40,40.8,2429,69% (3420 MB free)
23:31:41,40.8,2565,69% (3421 MB free)
23:31:42,40.8,2709,69% (3419 MB free)
23:31:43,40.8,2783,69% (3418 MB free)
23:31:44,40.8,2780,69% (3416 MB free)
23:31:45,40.8,2700,69% (3416 MB free)
23:31:46,40.8,2581,69% (3416 MB free)
23:31:47,40.8,2610,69% (3415 MB free)
23:31:48,40.8,2634,69% (3414 MB free)
23:31:49,40.8,2599,69% (3414 MB free)
23:31:50,40.8,2689,69% (3414 MB free)
23:31:51,40.8,2663,69% (3412 MB free)
23:31:52,40.8,2472,69% (3412 MB free)
23:31:53,40.8,2457,69% (3411 MB free)
23:31:54,40.8,2468,69% (3411 MB free)
23:31:55,40.8,2555,69% (3410 MB free)
23:31:56,40.8,2528,69% (3409 MB free)
23:31:57,40.8,2595,69% (3408 MB free)
23:31:58,40.8,2673,70% (3406 MB free)
23:31:59,40.8,2699,70% (3405 MB free)
23:32:01,40.8,2728,70% (3405 MB free)
23:32:02,40.8,2766,70% (3407 MB free)
23:32:03,40.8,2690,70% (3406 MB free)
23:32:04,40.8,2726,70% (3406 MB free)
23:32:05,40.8,2647,70% (3400 MB free)
23:32:06,40.8,2660,70% (3399 MB free)
23:32:07,40.8,2777,70% (3404 MB free)
23:32:08,40.8,2718,70% (3403 MB free)
23:32:09,40.8,2695,70% (3403 MB free)
23:32:10,40.7,2733,69% (3414 MB free)
23:32:11,40.7,2727,69% (3414 MB free)
23:32:12,40.7,2706,69% (3423 MB free)
23:32:13,40.7,2783,69% (3426 MB free)
23:32:14,40.7,2690,69% (3423 MB free)
23:32:15,40.7,2695,69% (3422 MB free)
23:32:16,40.7,2747,69% (3420 MB free)
23:32:17,40.7,2729,69% (3417 MB free)
23:32:18,40.7,2769,69% (3418 MB free)
23:32:19,40.7,2733,69% (3418 MB free)
23:32:20,40.7,2718,69% (3417 MB free)
23:32:21,40.7,2639,69% (3417 MB free)
23:32:22,40.7,2712,69% (3417 MB free)
23:32:23,40.7,2624,69% (3417 MB free)
23:32:24,40.7,2559,69% (3415 MB free)
23:32:25,40.7,2532,69% (3414 MB free)
23:32:26,40.7,2580,69% (3413 MB free)
23:32:27,40.7,2647,69% (3412 MB free)
23:32:28,40.7,2596,69% (3411 MB free)
23:32:29,40.7,2565,69% (3410 MB free)
23:32:30,40.7,2432,69% (3408 MB free)
23:32:31,40.7,2543,70% (3407 MB free)
23:32:32,40.7,2675,70% (3407 MB free)
23:32:33,40.7,2611,70% (3406 MB free)
23:32:34,40.7,2634,70% (3406 MB free)
23:32:35,40.7,2628,70% (3406 MB free)
23:32:36,40.7,2610,70% (3405 MB free)
23:32:37,40.7,2671,70% (3404 MB free)
23:32:38,40.7,2651,70% (3403 MB free)
23:32:39,40.7,2615,70% (3404 MB free)
23:32:40,40.7,2523,70% (3403 MB free)
23:32:41,40.7,2638,70% (3403 MB free)
23:32:42,40.7,2447,70% (3402 MB free)
23:32:43,40.7,2585,70% (3401 MB free)
23:32:44,40.7,2596,70% (3401 MB free)
23:32:45,40.7,2495,70% (3401 MB free)
23:32:46,40.7,2589,69% (3410 MB free)
23:32:47,40.7,2477,69% (3408 MB free)
23:32:48,40.7,2548,70% (3406 MB free)
23:32:49,40.7,2591,70% (3405 MB free)
23:32:50,40.7,2541,70% (3402 MB free)
23:32:51,40.7,2544,70% (3403 MB free)
23:32:52,40.7,2654,70% (3400 MB free)
23:32:53,40.7,2717,70% (3399 MB free)
23:32:54,40.7,2799,70% (3398 MB free)
23:32:55,40.7,2734,70% (3396 MB free)
23:32:56,40.7,2664,70% (3394 MB free)
23:32:57,40.7,2667,70% (3403 MB free)
23:32:58,40.7,2746,70% (3402 MB free)
23:32:59,40.7,2418,70% (3388 MB free)
23:33:00,40.7,2457,70% (3386 MB free)
23:33:01,40.7,2573,69% (3455 MB free)
23:33:02,40.7,2539,69% (3442 MB free)
23:33:04,40.7,2797,69% (3417 MB free)
23:33:05,40.7,2676,69% (3415 MB free)
23:33:06,40.7,2456,70% (3407 MB free)
23:33:07,40.7,2791,70% (3398 MB free)
23:33:08,40.7,2837,70% (3393 MB free)
23:33:09,40.7,2514,70% (3392 MB free)
23:33:10,40.7,2517,70% (3391 MB free)
23:33:11,40.7,2786,70% (3391 MB free)
23:33:12,40.7,2721,70% (3391 MB free)
23:33:13,40.7,2761,70% (3391 MB free)
23:33:14,40.7,2751,70% (3390 MB free)
23:33:15,40.7,2695,70% (3390 MB free)
23:33:16,40.7,2634,70% (3385 MB free)
23:33:17,40.7,2718,70% (3382 MB free)
23:33:18,40.7,2508,70% (3382 MB free)
23:33:19,40.7,2835,70% (3383 MB free)
23:33:20,40.7,2677,70% (3383 MB free)
23:33:21,40.7,2454,70% (3382 MB free)
23:33:22,40.7,2433,70% (3381 MB free)
23:33:23,40.7,2339,70% (3379 MB free)
23:33:24,40.7,2393,70% (3378 MB free)
23:33:25,40.7,2783,70% (3377 MB free)
23:33:26,40.7,2898,70% (3376 MB free)
23:33:27,40.7,2845,70% (3376 MB free)
23:33:28,40.7,2913,70% (3376 MB free)
23:33:29,40.7,2890,70% (3375 MB free)
23:33:30,40.7,2896,70% (3375 MB free)
23:33:31,40.7,2912,70% (3375 MB free)
23:33:32,40.7,2442,70% (3376 MB free)
23:33:33,40.7,2394,70% (3375 MB free)
23:33:34,40.7,2509,70% (3375 MB free)
23:33:35,40.7,2497,70% (3374 MB free)
23:33:36,40.7,2521,70% (3373 MB free)
23:33:37,40.7,2431,70% (3372 MB free)
23:33:38,40.7,2458,70% (3371 MB free)
23:33:39,40.7,2557,70% (3370 MB free)
23:33:40,40.7,2544,70% (3369 MB free)
23:33:41,40.7,2839,70% (3361 MB free)
23:33:42,40.7,2752,70% (3402 MB free)
23:33:43,40.7,2458,70% (3397 MB free)
23:33:44,40.7,2806,70% (3397 MB free)
23:33:45,40.7,2816,70% (3397 MB free)
23:33:46,40.7,2858,70% (3394 MB free)
23:33:47,40.7,2775,70% (3394 MB free)
23:33:48,40.7,2849,70% (3385 MB free)
23:33:49,40.7,2744,70% (3384 MB free)
23:33:50,40.7,2841,70% (3383 MB free)
23:33:51,40.7,2839,70% (3384 MB free)
23:33:52,40.7,2747,70% (3383 MB free)
23:33:53,40.7,2778,70% (3379 MB free)
23:33:54,40.7,2811,70% (3378 MB free)
23:33:55,40.7,2820,70% (3377 MB free)
23:33:56,40.7,2915,70% (3376 MB free)
23:33:57,40.7,2988,70% (3375 MB free)
23:33:58,40.7,2972,70% (3376 MB free)
23:33:59,40.7,2765,70% (3375 MB free)
23:34:00,40.7,2815,70% (3375 MB free)
23:34:01,40.7,2852,70% (3374 MB free)
23:34:02,40.7,2842,70% (3373 MB free)
23:34:03,40.7,2836,70% (3372 MB free)
23:34:04,40.7,2835,70% (3372 MB free)
23:34:05,40.7,2860,70% (3370 MB free)
23:34:06,40.7,2763,70% (3371 MB free)
23:34:07,40.7,2785,70% (3370 MB free)
23:34:08,40.7,2903,70% (3369 MB free)
23:34:09,40.7,2849,70% (3368 MB free)
23:34:10,40.7,2895,70% (3367 MB free)
23:34:12,40.6,2900,70% (3397 MB free)
23:34:13,40.6,2844,70% (3395 MB free)
23:34:14,40.6,3002,70% (3394 MB free)
23:34:15,40.6,2634,70% (3394 MB free)
23:34:16,40.6,2551,70% (3388 MB free)
23:34:17,40.6,2445,70% (3387 MB free)
23:34:18,40.6,2544,70% (3386 MB free)
23:34:19,40.6,2456,70% (3385 MB free)
23:34:20,40.6,2684,70% (3390 MB free)
23:34:21,40.6,2775,70% (3390 MB free)
23:34:22,40.6,2580,70% (3389 MB free)
23:34:23,40.6,2598,69% (3437 MB free)
23:34:24,40.6,2595,69% (3433 MB free)
23:34:25,40.6,2835,69% (3430 MB free)
23:34:26,40.6,2873,69% (3428 MB free)
23:34:27,40.6,2803,69% (3427 MB free)
23:34:28,40.6,2753,69% (3425 MB free)
23:34:29,40.6,2839,69% (3424 MB free)
23:34:30,40.6,2835,69% (3424 MB free)
23:34:31,40.6,2903,69% (3424 MB free)
23:34:32,40.6,2894,69% (3420 MB free)
23:34:33,40.6,2502,69% (3415 MB free)
23:34:34,40.6,2549,69% (3415 MB free)
23:34:35,40.6,2576,69% (3414 MB free)
23:34:36,40.6,2590,69% (3412 MB free)
23:34:37,40.6,2673,69% (3410 MB free)
23:34:38,40.6,2667,69% (3409 MB free)
23:34:39,40.6,2659,69% (3408 MB free)
23:34:40,40.6,2686,70% (3407 MB free)
23:34:41,40.6,2702,70% (3406 MB free)
23:34:42,40.6,2687,70% (3406 MB free)
23:34:43,40.6,2620,70% (3405 MB free)
23:34:44,40.6,2735,70% (3405 MB free)
23:34:45,40.6,2616,69% (3430 MB free)
23:34:46,40.6,2602,69% (3430 MB free)
23:34:47,40.6,2594,69% (3429 MB free)
23:34:48,40.6,2895,69% (3427 MB free)
23:34:49,40.6,2751,69% (3427 MB free)
23:34:50,40.6,2865,69% (3426 MB free)
23:34:51,40.6,2927,69% (3425 MB free)
23:34:52,40.6,2760,69% (3424 MB free)
23:34:53,40.6,2760,69% (3420 MB free)
23:34:54,40.5,2883,69% (3419 MB free)
23:34:55,40.5,2439,69% (3418 MB free)
23:34:56,40.5,2487,69% (3417 MB free)
23:34:57,40.5,2833,70% (3398 MB free)
23:34:58,40.5,2822,70% (3395 MB free)
23:34:59,40.5,2756,70% (3398 MB free)
23:35:00,40.5,2619,70% (3395 MB free)
23:35:01,40.5,2690,70% (3398 MB free)
23:35:02,40.5,2776,70% (3393 MB free)
23:35:03,40.5,2695,70% (3391 MB free)
23:35:04,40.5,2788,69% (3422 MB free)
23:35:05,40.5,2759,69% (3424 MB free)
23:35:06,40.5,2667,69% (3422 MB free)
23:35:07,40.5,2456,69% (3410 MB free)
23:35:08,40.5,2809,69% (3410 MB free)
23:35:09,40.5,2867,69% (3409 MB free)
23:35:10,40.5,2782,69% (3409 MB free)
23:35:11,40.5,2640,69% (3409 MB free)
23:35:12,40.5,2659,70% (3404 MB free)
23:35:13,40.5,2519,70% (3404 MB free)
23:35:14,40.5,2607,70% (3402 MB free)
23:35:15,40.5,2657,70% (3402 MB free)
23:35:16,40.5,2662,70% (3401 MB free)
23:35:17,40.5,2626,70% (3401 MB free)
23:35:18,40.5,2662,70% (3401 MB free)
23:35:19,40.5,2627,70% (3402 MB free)
23:35:20,40.5,2516,69% (3474 MB free)
23:35:22,40.5,2700,69% (3473 MB free)
23:35:23,40.5,2463,69% (3472 MB free)
23:35:24,40.5,2614,69% (3470 MB free)
23:35:25,40.5,2527,69% (3465 MB free)
23:35:26,40.5,2641,69% (3465 MB free)
23:35:27,40.5,2634,69% (3464 MB free)
23:35:28,40.5,2546,69% (3464 MB free)
23:35:29,40.5,2619,69% (3463 MB free)
23:35:30,40.5,2600,69% (3462 MB free)
23:35:31,40.5,2598,69% (3461 MB free)
23:35:32,40.5,2576,69% (3461 MB free)
23:35:33,40.5,2567,69% (3460 MB free)
23:35:34,40.5,2633,69% (3459 MB free)
23:35:35,40.5,2573,69% (3459 MB free)
23:35:36,40.5,2598,69% (3458 MB free)
23:35:37,40.5,2627,69% (3458 MB free)
23:35:38,40.5,2602,69% (3457 MB free)
23:35:39,40.5,2573,69% (3457 MB free)
23:35:40,40.5,2587,69% (3456 MB free)
23:35:41,40.5,2625,69% (3455 MB free)
23:35:42,40.5,2630,69% (3453 MB free)
23:35:43,40.5,2517,69% (3452 MB free)
23:35:44,40.5,2658,69% (3452 MB free)
23:35:45,40.5,2565,69% (3451 MB free)
23:35:46,40.5,2569,69% (3460 MB free)
23:35:47,40.5,2620,69% (3459 MB free)
23:35:48,40.5,2612,69% (3458 MB free)
23:35:49,40.5,2616,69% (3456 MB free)
23:35:50,40.5,2614,69% (3456 MB free)
23:35:51,40.5,2676,69% (3455 MB free)
23:35:52,40.5,2598,69% (3454 MB free)
23:35:53,40.5,2608,69% (3453 MB free)
23:35:54,40.5,2532,69% (3453 MB free)
23:35:55,40.5,2526,69% (3452 MB free)
23:35:56,40.5,2518,69% (3452 MB free)
23:35:57,40.5,2574,69% (3451 MB free)
23:35:58,40.5,2556,69% (3451 MB free)
23:35:59,40.5,2540,69% (3450 MB free)
23:36:00,40.5,2567,69% (3450 MB free)
23:36:01,40.5,2547,69% (3449 MB free)
23:36:02,40.5,2652,69% (3449 MB free)
23:36:03,40.5,2602,69% (3448 MB free)
23:36:04,40.5,2643,69% (3447 MB free)
23:36:05,40.5,2534,69% (3447 MB free)
23:36:06,40.5,2563,69% (3446 MB free)
23:36:07,40.5,2635,69% (3446 MB free)
23:36:08,40.5,2601,69% (3446 MB free)
23:36:09,40.5,2591,69% (3445 MB free)
23:36:10,40.5,2625,69% (3446 MB free)
23:36:11,40.5,2602,69% (3445 MB free)
23:36:12,40.5,2612,69% (3445 MB free)
23:36:13,40.5,2616,69% (3444 MB free)
23:36:14,40.5,2620,69% (3444 MB free)
23:36:15,40.5,2627,69% (3443 MB free)
23:36:16,40.5,2604,69% (3443 MB free)
23:36:17,40.5,2632,69% (3442 MB free)
23:36:18,40.5,2637,69% (3442 MB free)
23:36:19,40.5,2604,69% (3441 MB free)
23:36:20,40.5,2578,69% (3441 MB free)
23:36:21,40.5,2618,69% (3441 MB free)
23:36:22,40.5,2596,69% (3441 MB free)
23:36:23,40.5,2595,69% (3441 MB free)
23:36:24,40.5,2613,69% (3435 MB free)
23:36:25,40.5,2494,69% (3434 MB free)
23:36:26,40.5,2543,69% (3434 MB free)
23:36:27,40.5,2611,69% (3433 MB free)
23:36:28,40.5,2603,69% (3456 MB free)
23:36:30,40.5,2515,69% (3456 MB free)
23:36:31,40.5,2852,69% (3456 MB free)
23:36:32,40.5,2868,69% (3456 MB free)
23:36:33,40.5,2614,69% (3454 MB free)
23:36:34,40.5,2696,69% (3434 MB free)
23:36:35,40.5,2777,69% (3434 MB free)
23:36:36,40.5,2775,69% (3433 MB free)
23:36:37,40.5,2704,69% (3474 MB free)
23:36:38,40.5,2665,69% (3470 MB free)
23:36:39,40.5,2733,69% (3455 MB free)
23:36:40,40.5,2866,69% (3451 MB free)
23:36:41,40.5,2884,69% (3452 MB free)
23:36:42,40.5,2899,69% (3451 MB free)
23:36:43,40.5,2600,69% (3450 MB free)
23:36:44,40.5,2641,69% (3449 MB free)
23:36:45,40.5,2646,69% (3449 MB free)
23:36:46,40.5,2608,69% (3449 MB free)
23:36:47,40.5,2568,69% (3448 MB free)
23:36:48,40.5,2623,69% (3447 MB free)
23:36:49,40.5,2615,69% (3447 MB free)
23:36:50,40.5,2634,69% (3446 MB free)
23:36:51,40.5,2617,69% (3445 MB free)
23:36:52,40.5,2623,69% (3444 MB free)
23:36:53,40.5,2619,69% (3444 MB free)
23:36:54,40.5,2597,69% (3448 MB free)
23:36:55,40.5,2584,69% (3446 MB free)
23:36:56,40.5,2663,69% (3445 MB free)
23:36:57,40.5,2542,69% (3445 MB free)
23:36:58,40.5,2664,69% (3445 MB free)
23:36:59,40.5,2629,69% (3443 MB free)
23:37:00,40.5,2609,69% (3443 MB free)
23:37:01,40.5,2590,69% (3440 MB free)
23:37:02,40.5,2494,69% (3440 MB free)
23:37:03,40.5,2562,69% (3440 MB free)
23:37:04,40.5,2617,69% (3439 MB free)
23:37:05,40.5,2535,69% (3438 MB free)
23:37:06,40.5,2580,69% (3437 MB free)
23:37:07,40.5,2556,69% (3436 MB free)
23:37:08,40.5,2608,69% (3435 MB free)
23:37:09,40.5,2623,69% (3434 MB free)
23:37:10,40.5,2609,69% (3434 MB free)
23:37:11,40.5,2616,69% (3434 MB free)
23:37:12,40.5,2615,69% (3434 MB free)
23:37:13,40.5,2636,69% (3434 MB free)
23:37:14,40.5,2629,69% (3433 MB free)
23:37:15,40.5,2669,69% (3441 MB free)
23:37:16,40.5,2584,69% (3441 MB free)
23:37:17,40.5,2836,69% (3440 MB free)
23:37:18,40.5,2882,69% (3437 MB free)
23:37:19,40.5,2796,69% (3483 MB free)
23:37:20,40.5,2625,69% (3483 MB free)
23:37:21,40.5,2760,68% (3535 MB free)
23:37:22,40.5,2761,68% (3583 MB free)
23:37:23,40.5,2224,68% (3571 MB free)
23:37:24,40.5,2704,68% (3564 MB free)
23:37:25,40.5,2792,68% (3571 MB free)
23:37:26,40.5,2891,68% (3606 MB free)
23:37:27,40.5,2604,68% (3607 MB free)
23:37:28,40.5,2516,68% (3608 MB free)
23:37:29,40.5,2569,68% (3607 MB free)
23:37:30,40.5,2569,68% (3607 MB free)
23:37:31,40.5,2637,68% (3609 MB free)
23:37:32,40.5,2611,68% (3606 MB free)
23:37:33,40.5,2549,68% (3604 MB free)
23:37:34,40.5,2623,68% (3602 MB free)
23:37:35,40.5,2691,68% (3602 MB free)
23:37:36,40.5,2698,68% (3602 MB free)
23:37:37,40.5,2588,68% (3601 MB free)
23:37:38,40.5,2584,68% (3600 MB free)
23:37:39,40.5,2580,68% (3600 MB free)
23:37:41,40.5,2562,68% (3600 MB free)
23:37:42,40.5,2614,68% (3597 MB free)
23:37:43,40.5,2627,68% (3597 MB free)
23:37:44,40.5,2587,68% (3594 MB free)
23:37:45,40.5,2598,68% (3593 MB free)
23:37:46,40.5,2607,68% (3591 MB free)
23:37:47,40.5,2571,68% (3591 MB free)
23:37:48,40.5,2696,68% (3591 MB free)
23:37:49,40.5,2589,68% (3590 MB free)
23:37:50,40.5,2514,68% (3589 MB free)
23:37:51,40.5,2604,68% (3588 MB free)
23:37:52,40.5,2497,68% (3588 MB free)
23:37:53,40.5,2668,68% (3587 MB free)
23:37:54,40.5,2652,68% (3583 MB free)
23:37:55,40.5,2586,68% (3583 MB free)
23:37:56,40.5,2584,68% (3582 MB free)
23:37:57,40.5,2486,68% (3582 MB free)
23:37:58,40.5,2444,68% (3581 MB free)
23:37:59,40.5,2546,68% (3579 MB free)
23:38:00,40.5,2284,68% (3567 MB free)
23:38:01,40.5,2447,68% (3566 MB free)
23:38:02,40.5,2523,68% (3565 MB free)
23:38:03,40.5,2440,68% (3564 MB free)
23:38:04,40.5,2456,68% (3563 MB free)
23:38:05,40.5,2462,68% (3562 MB free)
23:38:06,40.5,2516,68% (3561 MB free)
23:38:07,40.5,2566,68% (3551 MB free)
23:38:08,40.5,2143,68% (3564 MB free)
23:38:09,40.5,2360,68% (3586 MB free)
23:38:10,40.5,2516,68% (3585 MB free)
23:38:11,40.5,2596,68% (3584 MB free)
23:38:12,40.5,2469,68% (3597 MB free)
23:38:13,40.5,2237,68% (3617 MB free)
23:38:14,40.5,2166,68% (3616 MB free)
23:38:15,40.5,2530,68% (3615 MB free)
23:38:16,40.5,2590,68% (3612 MB free)
23:38:17,40.5,2579,68% (3611 MB free)
23:38:18,40.5,2607,68% (3611 MB free)
23:38:19,40.5,2593,68% (3611 MB free)
23:38:20,40.5,2529,68% (3610 MB free)
23:38:21,40.5,2584,68% (3610 MB free)
23:38:22,40.5,2576,68% (3610 MB free)
23:38:23,40.5,2527,68% (3606 MB free)
23:38:24,40.5,2483,68% (3604 MB free)
23:38:25,40.5,2431,68% (3615 MB free)
23:38:26,40.5,2613,68% (3613 MB free)
23:38:27,40.5,2546,68% (3612 MB free)
23:38:28,40.5,2521,68% (3608 MB free)
23:38:29,40.5,2503,68% (3617 MB free)
23:38:30,40.5,2576,68% (3617 MB free)
23:38:31,40.5,2588,68% (3615 MB free)
23:38:32,40.5,2553,68% (3610 MB free)
23:38:33,40.5,2734,68% (3610 MB free)
23:38:34,40.5,2814,68% (3608 MB free)
23:38:35,40.5,2595,68% (3608 MB free)
23:38:36,40.5,2722,68% (3568 MB free)
23:38:37,40.5,2666,68% (3570 MB free)
23:38:38,40.5,2662,68% (3566 MB free)
23:38:39,40.5,2612,68% (3629 MB free)
23:38:40,40.5,2553,68% (3624 MB free)
23:38:41,40.5,2521,68% (3603 MB free)
23:38:42,40.5,2711,68% (3583 MB free)
23:38:43,40.5,2422,68% (3579 MB free)
23:38:44,40.5,2753,68% (3579 MB free)
23:38:45,40.5,2725,68% (3578 MB free)
23:38:46,40.5,2524,68% (3578 MB free)
23:38:47,40.5,2498,68% (3577 MB free)
23:38:49,40.5,2500,68% (3576 MB free)
23:38:50,40.5,2556,68% (3575 MB free)
23:38:51,40.5,2500,68% (3574 MB free)
23:38:52,40.5,2606,68% (3574 MB free)
23:38:53,40.5,2523,68% (3573 MB free)
23:38:54,40.5,2588,68% (3573 MB free)
23:38:55,40.5,2562,68% (3594 MB free)
23:38:56,40.5,2464,68% (3594 MB free)
23:38:57,40.5,2473,68% (3594 MB free)
23:38:58,40.5,2431,68% (3593 MB free)
23:38:59,40.5,2537,68% (3592 MB free)
23:39:00,40.5,2564,68% (3592 MB free)
23:39:01,40.5,2570,68% (3591 MB free)
23:39:02,40.5,2603,68% (3590 MB free)
23:39:03,40.5,2566,68% (3589 MB free)
23:39:04,40.5,2388,68% (3589 MB free)
23:39:05,40.5,2481,68% (3589 MB free)
23:39:06,40.5,2465,68% (3588 MB free)
23:39:07,40.5,2524,67% (3646 MB free)
23:39:08,40.5,2538,67% (3647 MB free)
23:39:09,40.5,2466,67% (3646 MB free)
23:39:10,40.5,2391,67% (3646 MB free)
23:39:11,40.5,2490,67% (3645 MB free)
23:39:12,40.5,2542,67% (3645 MB free)
23:39:13,40.5,2514,67% (3644 MB free)
23:39:14,40.5,2531,67% (3644 MB free)
23:39:15,40.5,2569,67% (3644 MB free)
23:39:16,40.5,2486,67% (3644 MB free)
23:39:17,40.5,2565,67% (3643 MB free)
23:39:18,40.5,2621,67% (3642 MB free)
23:39:19,40.5,2604,67% (3642 MB free)
23:39:20,40.5,2614,67% (3641 MB free)
23:39:21,40.5,2510,67% (3641 MB free)
23:39:22,40.5,2544,67% (3641 MB free)
23:39:23,40.5,2511,67% (3638 MB free)
23:39:24,40.5,2505,67% (3637 MB free)
23:39:25,40.5,2557,67% (3637 MB free)
23:39:26,40.5,2566,67% (3636 MB free)
23:39:27,40.5,2579,67% (3636 MB free)
23:39:28,40.5,2526,67% (3635 MB free)
23:39:29,40.5,2573,68% (3634 MB free)
23:39:30,40.5,2496,68% (3634 MB free)
23:39:31,40.5,2560,68% (3633 MB free)
23:39:32,40.5,2565,68% (3634 MB free)
23:39:33,40.5,2569,68% (3633 MB free)
23:39:34,40.5,2586,68% (3633 MB free)
23:39:35,40.5,2649,68% (3632 MB free)
23:39:36,40.5,2641,68% (3631 MB free)
23:39:37,40.5,2532,68% (3630 MB free)
23:39:38,40.5,2533,68% (3630 MB free)
23:39:39,40.5,2572,68% (3629 MB free)
23:39:40,40.5,2589,68% (3628 MB free)
23:39:41,40.5,2649,68% (3628 MB free)
23:39:42,40.5,2590,68% (3627 MB free)
23:39:43,40.5,2618,68% (3627 MB free)
23:39:44,40.5,2591,68% (3626 MB free)
23:39:45,40.5,2587,68% (3626 MB free)
23:39:46,40.5,2592,68% (3625 MB free)
23:39:47,40.5,2621,68% (3625 MB free)
23:39:48,40.6,2559,68% (3624 MB free)
23:39:49,40.6,2600,68% (3623 MB free)
23:39:50,40.6,2626,68% (3622 MB free)
23:39:51,40.6,2502,68% (3622 MB free)
23:39:52,40.6,2550,68% (3618 MB free)
23:39:54,40.6,2571,68% (3618 MB free)
23:39:55,40.6,2591,68% (3618 MB free)
23:39:56,40.6,2534,68% (3617 MB free)
23:39:57,40.6,2624,68% (3617 MB free)
23:39:58,40.6,2589,68% (3616 MB free)
23:39:59,40.6,2585,68% (3615 MB free)
23:40:00,40.6,2582,68% (3615 MB free)
23:40:01,40.6,2608,68% (3615 MB free)
23:40:02,40.6,2599,68% (3615 MB free)
23:40:03,40.6,2553,68% (3614 MB free)
23:40:04,40.6,2633,68% (3613 MB free)
23:40:05,40.6,2578,68% (3612 MB free)
23:40:06,40.6,2638,68% (3611 MB free)
23:40:07,40.6,2512,68% (3610 MB free)
23:40:08,40.6,2548,68% (3609 MB free)
23:40:09,40.6,2521,68% (3609 MB free)
23:40:10,40.6,2540,68% (3608 MB free)
23:40:11,40.6,2554,68% (3608 MB free)
23:40:12,40.6,2601,68% (3608 MB free)
23:40:13,40.6,2592,68% (3606 MB free)
23:40:14,40.6,2557,68% (3606 MB free)
23:40:15,40.6,2583,68% (3605 MB free)
23:40:16,40.6,2649,68% (3605 MB free)
23:40:17,40.6,2675,68% (3605 MB free)
23:40:18,40.6,2644,68% (3603 MB free)
23:40:19,40.6,2656,68% (3603 MB free)
23:40:20,40.6,2590,68% (3603 MB free)
23:40:21,40.6,2603,68% (3602 MB free)
23:40:22,40.6,2572,68% (3602 MB free)
23:40:23,40.6,2620,68% (3602 MB free)
23:40:24,40.6,2579,68% (3600 MB free)
23:40:25,40.6,2611,68% (3600 MB free)
23:40:26,40.6,2569,68% (3599 MB free)
23:40:27,40.6,2608,68% (3599 MB free)
23:40:28,40.6,2612,68% (3597 MB free)
23:40:29,40.6,2617,68% (3597 MB free)
23:40:30,40.6,2609,68% (3597 MB free)
23:40:31,40.6,2533,68% (3596 MB free)
23:40:32,40.6,2488,68% (3596 MB free)
23:40:33,40.6,2613,68% (3595 MB free)
23:40:34,40.6,2579,68% (3594 MB free)
23:40:35,40.6,2594,68% (3594 MB free)
23:40:36,40.6,2598,68% (3594 MB free)
23:40:37,40.6,2608,68% (3593 MB free)
23:40:38,40.6,2600,68% (3593 MB free)
23:40:39,40.6,2593,68% (3593 MB free)
23:40:40,40.6,2565,68% (3593 MB free)
23:40:41,40.6,2582,68% (3593 MB free)
23:40:42,40.6,2620,68% (3591 MB free)
23:40:43,40.6,2660,68% (3591 MB free)
23:40:44,40.6,2622,68% (3590 MB free)
23:40:45,40.6,2616,68% (3590 MB free)
23:40:46,40.6,2616,68% (3590 MB free)
23:40:47,40.6,2617,68% (3590 MB free)
23:40:48,40.6,2610,68% (3590 MB free)
23:40:49,40.6,2602,68% (3589 MB free)
23:40:50,40.6,2604,68% (3590 MB free)
23:40:51,40.6,2598,68% (3589 MB free)
23:40:52,40.6,2541,68% (3585 MB free)
23:40:53,40.6,2855,68% (3584 MB free)
23:40:54,40.7,2853,68% (3572 MB free)
23:40:55,40.7,2825,68% (3566 MB free)
23:40:56,40.7,2565,68% (3601 MB free)
23:40:57,40.7,2756,67% (3648 MB free)
23:40:58,40.8,2633,67% (3643 MB free)
23:40:59,40.8,2539,67% (3638 MB free)
23:41:00,40.8,2581,67% (3636 MB free)
23:41:01,40.8,2653,68% (3629 MB free)
23:41:03,40.7,2729,68% (3626 MB free)
23:41:04,40.7,2816,68% (3624 MB free)
23:41:05,40.7,2915,68% (3623 MB free)
23:41:06,40.7,2775,68% (3623 MB free)
23:41:07,40.7,2901,68% (3622 MB free)
23:41:08,40.7,2845,68% (3621 MB free)
23:41:09,40.7,2912,68% (3623 MB free)
23:41:10,40.7,2864,68% (3620 MB free)
23:41:11,40.7,2594,68% (3619 MB free)
23:41:12,40.7,2637,68% (3618 MB free)
23:41:13,40.7,2601,68% (3597 MB free)
23:41:14,40.7,2670,68% (3596 MB free)
23:41:15,40.7,2855,68% (3595 MB free)
23:41:16,40.7,2773,68% (3594 MB free)
23:41:17,40.7,2823,68% (3595 MB free)
23:41:18,40.7,2824,68% (3594 MB free)
23:41:19,40.7,2762,68% (3593 MB free)
23:41:20,40.7,2890,68% (3592 MB free)
23:41:21,40.7,2836,68% (3592 MB free)
23:41:22,40.7,2868,68% (3591 MB free)
23:41:23,40.7,2803,68% (3623 MB free)
23:41:24,40.7,2859,68% (3612 MB free)
23:41:25,40.7,2818,68% (3612 MB free)
23:41:26,40.7,2829,68% (3611 MB free)
23:41:27,40.7,2869,68% (3610 MB free)
23:41:28,40.7,2836,68% (3609 MB free)
23:41:29,40.7,2853,68% (3621 MB free)
23:41:30,40.7,2803,68% (3621 MB free)
23:41:31,40.7,2939,68% (3620 MB free)
23:41:32,40.7,2904,68% (3620 MB free)
23:41:33,40.7,2874,68% (3619 MB free)
23:41:34,40.7,2897,68% (3620 MB free)
23:41:35,40.7,2721,68% (3619 MB free)
23:41:36,40.7,2799,68% (3617 MB free)
23:41:37,40.7,2801,68% (3616 MB free)
23:41:38,40.7,2875,68% (3615 MB free)
23:41:39,40.7,2792,68% (3612 MB free)
23:41:40,40.7,2801,68% (3611 MB free)
23:41:41,40.7,2782,68% (3612 MB free)
23:41:42,40.7,2793,68% (3610 MB free)
23:41:43,40.7,2840,68% (3609 MB free)
23:41:44,40.7,2802,68% (3609 MB free)
23:41:45,40.7,2866,68% (3607 MB free)
23:41:46,40.7,2916,68% (3607 MB free)
23:41:47,40.7,2633,68% (3604 MB free)
23:41:48,40.7,2612,68% (3602 MB free)
23:41:49,40.7,2817,68% (3600 MB free)
23:41:50,40.7,2660,68% (3600 MB free)
23:41:51,40.7,2628,68% (3599 MB free)
23:41:52,40.7,2667,68% (3599 MB free)
23:41:53,40.7,2638,68% (3596 MB free)
23:41:54,40.6,2664,68% (3596 MB free)
23:41:55,40.6,2519,68% (3596 MB free)
23:41:56,40.6,2765,68% (3596 MB free)
23:41:57,40.6,2810,68% (3596 MB free)
23:41:58,40.6,2796,68% (3595 MB free)
23:41:59,40.6,2655,68% (3592 MB free)
23:42:00,40.6,2723,68% (3592 MB free)
23:42:01,40.6,2799,68% (3592 MB free)
23:42:02,40.6,2743,68% (3591 MB free)
23:42:04,40.6,2374,68% (3586 MB free)
23:42:05,40.6,2468,68% (3585 MB free)
23:42:06,40.6,2526,68% (3584 MB free)
23:42:07,40.6,2571,68% (3583 MB free)
23:42:08,40.6,2568,68% (3582 MB free)
23:42:09,40.6,2857,68% (3581 MB free)
23:42:10,40.6,2558,68% (3580 MB free)
23:42:11,40.6,2466,68% (3580 MB free)
23:42:12,40.6,2554,68% (3572 MB free)
23:42:13,40.6,2787,68% (3553 MB free)
23:42:14,40.6,2580,68% (3552 MB free)
23:42:15,40.6,2566,68% (3550 MB free)
23:42:16,40.6,2477,68% (3549 MB free)
23:42:17,40.6,2519,68% (3548 MB free)
23:42:18,40.6,2626,68% (3552 MB free)
23:42:19,40.6,2712,68% (3551 MB free)
23:42:20,40.6,2539,68% (3552 MB free)
23:42:21,40.6,2625,68% (3551 MB free)
23:42:22,40.6,2617,68% (3550 MB free)
23:42:23,40.6,2532,68% (3550 MB free)
23:42:24,40.6,2535,68% (3614 MB free)
23:42:25,40.6,2540,68% (3609 MB free)
23:42:26,40.6,2624,68% (3605 MB free)
23:42:27,40.6,2770,68% (3602 MB free)
23:42:28,40.6,2477,68% (3600 MB free)
23:42:29,40.6,2526,68% (3599 MB free)
23:42:30,40.6,2602,68% (3598 MB free)
23:42:31,40.6,2758,68% (3596 MB free)
23:42:32,40.6,2759,68% (3596 MB free)
23:42:33,40.6,2702,68% (3594 MB free)
23:42:34,40.6,2728,68% (3590 MB free)
23:42:35,40.6,2811,68% (3587 MB free)
23:42:36,40.6,2755,68% (3584 MB free)
23:42:37,40.6,2523,68% (3582 MB free)
23:42:38,40.6,2581,68% (3581 MB free)
23:42:39,40.6,2821,68% (3595 MB free)
23:42:40,40.6,2755,68% (3593 MB free)
23:42:41,40.6,2732,68% (3593 MB free)
23:42:42,40.6,2918,68% (3589 MB free)
23:42:43,40.6,2786,68% (3588 MB free)
23:42:44,40.6,2738,68% (3587 MB free)
23:42:45,40.6,2917,68% (3586 MB free)
23:42:46,40.6,2817,68% (3583 MB free)
23:42:47,40.6,2650,68% (3582 MB free)
23:42:48,40.6,2544,68% (3579 MB free)
23:42:49,40.6,2497,68% (3577 MB free)
23:42:50,40.6,2581,68% (3575 MB free)
23:42:51,40.6,2616,68% (3574 MB free)
23:42:52,40.6,2574,68% (3573 MB free)
23:42:53,40.6,2528,68% (3585 MB free)
23:42:54,40.6,2497,68% (3597 MB free)
23:42:55,40.6,2229,68% (3596 MB free)
23:42:56,40.6,2586,68% (3595 MB free)
23:42:57,40.6,2767,68% (3592 MB free)
23:42:58,40.6,2588,68% (3592 MB free)
23:42:59,40.6,2600,68% (3579 MB free)
23:43:00,40.6,2158,68% (3611 MB free)
23:43:01,40.6,2510,68% (3621 MB free)
23:43:02,40.6,2278,68% (3619 MB free)
23:43:03,40.6,2612,67% (3732 MB free)
23:43:04,40.6,2409,67% (3735 MB free)
23:43:05,40.6,2584,67% (3728 MB free)
23:43:06,40.6,2467,67% (3727 MB free)
23:43:07,40.6,2526,67% (3725 MB free)
23:43:08,40.6,2557,67% (3723 MB free)
23:43:09,40.6,2565,67% (3712 MB free)
23:43:10,40.6,2471,67% (3711 MB free)
23:43:11,40.6,2507,67% (3709 MB free)
23:43:13,40.6,2533,67% (3703 MB free)
23:43:14,40.6,2516,67% (3703 MB free)
23:43:15,40.6,2504,67% (3703 MB free)
23:43:16,40.7,2586,67% (3703 MB free)
23:43:17,40.7,2568,67% (3702 MB free)
23:43:18,40.7,2554,67% (3701 MB free)
23:43:19,40.7,2541,67% (3700 MB free)
23:43:20,40.7,2626,67% (3700 MB free)
23:43:21,40.7,2618,67% (3698 MB free)
23:43:22,40.7,2477,67% (3698 MB free)
23:43:23,40.7,2550,67% (3697 MB free)
23:43:24,40.7,2494,67% (3688 MB free)
23:43:25,40.7,2502,67% (3670 MB free)
23:43:26,40.7,2613,67% (3713 MB free)
23:43:27,40.7,2535,67% (3708 MB free)
23:43:28,40.7,2492,67% (3705 MB free)
23:43:29,40.7,2503,67% (3702 MB free)
23:43:30,40.7,2557,67% (3698 MB free)
23:43:31,40.7,2591,67% (3697 MB free)
23:43:32,40.7,2621,67% (3696 MB free)
23:43:33,40.7,2629,67% (3695 MB free)
23:43:34,40.7,2619,67% (3692 MB free)
23:43:35,40.7,2615,67% (3691 MB free)
23:43:36,40.7,2571,67% (3687 MB free)
23:43:37,40.7,2594,67% (3686 MB free)
23:43:38,40.7,2554,67% (3686 MB free)
23:43:39,40.7,2640,67% (3685 MB free)
23:43:40,40.7,2647,67% (3684 MB free)
23:43:41,40.7,2637,67% (3683 MB free)
23:43:42,40.7,2639,67% (3678 MB free)
23:43:43,40.7,2613,67% (3677 MB free)
23:43:44,40.7,2640,67% (3677 MB free)
23:43:45,40.7,2631,67% (3676 MB free)
23:43:46,40.7,2585,67% (3676 MB free)
23:43:47,40.7,2617,67% (3675 MB free)
23:43:48,40.7,2640,67% (3675 MB free)
23:43:49,40.7,2573,67% (3674 MB free)
23:43:50,40.7,2640,67% (3674 MB free)
23:43:51,40.7,2633,67% (3673 MB free)
23:43:52,40.7,2599,67% (3673 MB free)
23:43:53,40.7,2543,67% (3672 MB free)
23:43:54,40.8,2638,67% (3671 MB free)
23:43:55,40.8,2635,67% (3671 MB free)
23:43:56,40.8,2638,67% (3689 MB free)
23:43:57,40.8,2578,67% (3701 MB free)
23:43:58,40.8,2654,67% (3701 MB free)
23:43:59,40.8,2651,67% (3701 MB free)
23:44:00,40.8,2657,67% (3700 MB free)
23:44:01,40.8,2636,67% (3699 MB free)
23:44:02,40.8,2778,67% (3697 MB free)
23:44:03,40.8,2639,67% (3691 MB free)
23:44:04,40.8,2558,67% (3685 MB free)
23:44:05,40.8,2635,67% (3685 MB free)
23:44:06,40.8,2603,67% (3684 MB free)
23:44:07,40.8,2907,67% (3683 MB free)
23:44:08,40.8,2661,67% (3683 MB free)
23:44:09,40.8,2859,67% (3682 MB free)
23:44:10,40.8,2784,67% (3681 MB free)
23:44:11,40.8,2609,67% (3681 MB free)
23:44:12,40.8,2641,67% (3680 MB free)
23:44:13,40.8,2607,67% (3680 MB free)
23:44:14,40.8,2785,67% (3676 MB free)
23:44:15,40.8,2837,67% (3675 MB free)
23:44:17,40.7,2819,67% (3674 MB free)
23:44:18,40.7,2634,67% (3672 MB free)
23:44:19,40.7,2632,67% (3671 MB free)
23:44:20,40.7,2668,67% (3669 MB free)
23:44:21,40.7,2634,67% (3667 MB free)
23:44:22,40.7,2856,67% (3666 MB free)
23:44:23,40.7,2878,67% (3666 MB free)
23:44:24,40.7,2648,67% (3665 MB free)
23:44:25,40.7,2477,67% (3662 MB free)
23:44:26,40.7,2547,67% (3660 MB free)
23:44:27,40.7,2609,67% (3659 MB free)
23:44:28,40.7,2611,67% (3659 MB free)
23:44:29,40.7,2858,67% (3657 MB free)
23:44:30,40.7,2630,68% (3624 MB free)
23:44:31,40.7,2850,68% (3622 MB free)
23:44:32,40.7,2905,68% (3622 MB free)
23:44:33,40.7,2926,68% (3622 MB free)
23:44:34,40.7,2873,67% (3672 MB free)
23:44:35,40.7,2809,67% (3666 MB free)
23:44:36,40.7,2883,67% (3665 MB free)
23:44:37,40.7,2848,67% (3661 MB free)
23:44:38,40.7,2907,67% (3650 MB free)
23:44:39,40.7,2822,67% (3671 MB free)
23:44:40,40.7,2836,67% (3657 MB free)
23:44:41,40.7,2807,67% (3655 MB free)
23:44:42,40.7,2893,67% (3652 MB free)
23:44:43,40.7,2954,67% (3649 MB free)
23:44:44,40.7,2929,67% (3648 MB free)
23:44:45,40.7,2877,67% (3648 MB free)
23:44:46,40.7,2879,67% (3645 MB free)
23:44:47,40.7,2918,67% (3644 MB free)
23:44:48,40.7,2919,67% (3644 MB free)
23:44:49,40.7,2910,67% (3642 MB free)
23:44:50,40.7,2902,67% (3641 MB free)
23:44:51,40.7,2876,67% (3640 MB free)
23:44:52,40.7,2921,67% (3639 MB free)
23:44:53,40.7,2876,67% (3638 MB free)
23:44:54,40.7,2905,67% (3638 MB free)
23:44:55,40.7,2824,67% (3637 MB free)
23:44:56,40.7,2861,67% (3637 MB free)
23:44:57,40.7,2866,67% (3636 MB free)
23:44:58,40.7,2834,67% (3635 MB free)
23:44:59,40.7,2885,68% (3634 MB free)
23:45:00,40.7,2896,68% (3633 MB free)
23:45:01,40.7,2872,68% (3633 MB free)
23:45:02,40.7,2881,68% (3632 MB free)
23:45:03,40.7,2910,68% (3625 MB free)
23:45:04,40.7,2885,67% (3658 MB free)
23:45:05,40.7,2964,67% (3656 MB free)
23:45:06,40.7,2599,67% (3655 MB free)
23:45:07,40.7,2635,67% (3652 MB free)
23:45:08,40.7,2637,67% (3651 MB free)
23:45:09,40.7,2663,67% (3650 MB free)
23:45:10,40.7,2577,67% (3649 MB free)
23:45:11,40.7,2484,67% (3649 MB free)
23:45:12,40.7,2647,67% (3644 MB free)
23:45:13,40.7,2881,68% (3612 MB free)
23:45:14,40.7,2817,68% (3611 MB free)
23:45:15,40.6,2813,68% (3604 MB free)
23:45:16,40.6,2603,67% (3655 MB free)
23:45:17,40.6,2885,67% (3653 MB free)
23:45:18,40.6,2753,67% (3646 MB free)
23:45:19,40.6,2838,67% (3644 MB free)
23:45:20,40.6,2849,67% (3644 MB free)
23:45:21,40.6,2845,67% (3641 MB free)
23:45:22,40.6,2838,67% (3641 MB free)
23:45:23,40.6,2873,67% (3640 MB free)
23:45:24,40.6,2876,67% (3635 MB free)
23:45:25,40.6,2848,67% (3636 MB free)
23:45:26,40.6,2882,68% (3634 MB free)
23:45:27,40.6,2806,68% (3633 MB free)
23:45:28,40.6,2911,68% (3632 MB free)
23:45:30,40.6,2865,68% (3631 MB free)
23:45:31,40.6,2884,68% (3631 MB free)
23:45:32,40.6,2819,68% (3630 MB free)
23:45:33,40.6,2851,68% (3630 MB free)
23:45:34,40.6,2912,68% (3627 MB free)
23:45:35,40.6,2936,68% (3627 MB free)
23:45:36,40.6,2903,68% (3627 MB free)
23:45:37,40.6,2975,68% (3626 MB free)
23:45:38,40.6,2929,68% (3624 MB free)
23:45:39,40.6,2753,68% (3623 MB free)
23:45:40,40.6,2834,68% (3623 MB free)
23:45:41,40.6,2830,68% (3622 MB free)
23:45:42,40.6,2809,68% (3621 MB free)
23:45:43,40.6,2938,68% (3621 MB free)
23:45:44,40.6,2890,68% (3620 MB free)
23:45:45,40.6,2922,68% (3619 MB free)
23:45:46,40.6,2892,68% (3618 MB free)
23:45:47,40.6,2902,68% (3618 MB free)
23:45:48,40.6,3042,67% (3643 MB free)
23:45:49,40.6,3009,67% (3642 MB free)
23:45:50,40.6,2650,67% (3641 MB free)
23:45:51,40.6,2897,67% (3639 MB free)
23:45:52,40.6,2622,67% (3636 MB free)
23:45:53,40.6,2543,67% (3636 MB free)
23:45:54,40.6,2636,67% (3635 MB free)
23:45:55,40.5,2659,67% (3635 MB free)
23:45:56,40.5,2489,68% (3633 MB free)
23:45:57,40.5,2587,68% (3632 MB free)
23:45:58,40.5,2594,68% (3629 MB free)
23:45:59,40.5,2411,68% (3628 MB free)
23:46:00,40.5,2550,68% (3626 MB free)
23:46:01,40.5,2494,68% (3626 MB free)
23:46:02,40.5,2546,68% (3624 MB free)
23:46:03,40.5,2535,68% (3624 MB free)
23:46:04,40.5,2573,68% (3623 MB free)
23:46:05,40.5,2560,67% (3746 MB free)
23:46:06,40.5,2474,67% (3745 MB free)
23:46:07,40.5,2492,67% (3743 MB free)
23:46:08,40.5,2465,67% (3741 MB free)
23:46:09,40.5,2395,67% (3737 MB free)
23:46:10,40.5,2535,67% (3734 MB free)
23:46:11,40.5,2888,67% (3732 MB free)
23:46:12,40.5,2804,67% (3730 MB free)
23:46:13,40.5,2633,67% (3727 MB free)
23:46:14,40.5,2815,67% (3727 MB free)
23:46:15,40.5,2968,67% (3727 MB free)
23:46:16,40.5,2976,67% (3721 MB free)
23:46:17,40.5,2790,67% (3718 MB free)
23:46:18,40.5,2457,67% (3716 MB free)
23:46:19,40.5,2604,67% (3713 MB free)
23:46:20,40.5,2814,67% (3711 MB free)
23:46:21,40.5,2559,67% (3710 MB free)
23:46:22,40.5,2871,67% (3709 MB free)
23:46:23,40.5,2878,67% (3702 MB free)
23:46:24,40.5,2690,67% (3698 MB free)
23:46:25,40.5,2604,67% (3698 MB free)
23:46:26,40.5,2465,67% (3697 MB free)
23:46:27,40.5,2442,67% (3698 MB free)
23:46:28,40.5,2515,67% (3697 MB free)
23:46:29,40.5,2547,67% (3696 MB free)
23:46:30,40.5,2691,67% (3693 MB free)
23:46:31,40.5,2510,67% (3693 MB free)
23:46:32,40.5,2683,67% (3694 MB free)
23:46:33,40.5,2680,67% (3693 MB free)
23:46:34,40.5,2536,67% (3692 MB free)
23:46:35,40.5,2631,67% (3691 MB free)
23:46:36,40.5,2751,67% (3690 MB free)
23:46:37,40.5,2688,67% (3688 MB free)
23:46:38,40.5,2766,67% (3683 MB free)
23:46:39,40.5,2801,67% (3653 MB free)
23:46:41,40.5,2568,67% (3680 MB free)
23:46:42,40.5,2464,67% (3685 MB free)
23:46:43,40.5,2443,67% (3685 MB free)
23:46:44,40.5,2370,67% (3684 MB free)
23:46:45,40.5,2332,67% (3682 MB free)
23:46:46,40.5,2300,67% (3678 MB free)
23:46:47,40.5,2729,67% (3678 MB free)
23:46:48,40.5,2388,67% (3676 MB free)
23:46:49,40.5,2410,67% (3675 MB free)
23:46:50,40.5,2383,67% (3674 MB free)
23:46:51,40.5,2481,67% (3673 MB free)
23:46:52,40.5,2453,67% (3674 MB free)
23:46:53,40.5,2475,67% (3674 MB free)
23:46:54,40.5,2611,67% (3675 MB free)
23:46:55,40.5,2800,67% (3673 MB free)
23:46:56,40.5,2563,67% (3673 MB free)
23:46:57,40.5,2677,67% (3673 MB free)
23:46:58,40.5,2740,67% (3674 MB free)
23:46:59,40.5,2673,67% (3674 MB free)
23:47:00,40.5,2686,67% (3675 MB free)
23:47:01,40.5,2710,67% (3676 MB free)
23:47:02,40.5,2666,67% (3676 MB free)
23:47:03,40.5,2691,67% (3676 MB free)
23:47:04,40.5,2723,67% (3675 MB free)
23:47:05,40.5,2756,67% (3674 MB free)
23:47:06,40.5,2682,67% (3673 MB free)
23:47:07,40.5,2681,67% (3673 MB free)
23:47:08,40.5,2772,67% (3663 MB free)
23:47:09,40.5,2630,67% (3663 MB free)
23:47:10,40.5,2635,67% (3661 MB free)
23:47:11,40.5,2629,67% (3660 MB free)
23:47:12,40.5,2636,67% (3659 MB free)
23:47:13,40.5,2625,67% (3658 MB free)
23:47:14,40.5,2687,67% (3656 MB free)
23:47:15,40.5,2758,67% (3656 MB free)
23:47:16,40.5,2720,67% (3655 MB free)
23:47:17,40.5,2727,67% (3654 MB free)
23:47:18,40.5,2830,67% (3653 MB free)
23:47:19,40.5,2780,67% (3653 MB free)
23:47:20,40.5,2716,67% (3651 MB free)
23:47:21,40.5,2736,67% (3652 MB free)
23:47:22,40.5,2738,67% (3652 MB free)
23:47:23,40.5,2750,67% (3651 MB free)
23:47:24,40.5,2635,67% (3648 MB free)
23:47:25,40.6,2432,67% (3662 MB free)
23:47:26,40.6,2307,67% (3653 MB free)
23:47:27,40.6,2369,67% (3651 MB free)
23:47:28,40.6,2419,67% (3650 MB free)
23:47:29,40.6,2385,67% (3649 MB free)
23:47:30,40.6,2337,67% (3647 MB free)
23:47:31,40.5,2332,67% (3645 MB free)
23:47:32,40.5,2322,67% (3644 MB free)
23:47:33,40.5,2386,67% (3642 MB free)
23:47:34,40.5,2423,67% (3640 MB free)
23:47:35,40.5,2374,67% (3638 MB free)
23:47:36,40.5,2390,67% (3639 MB free)
23:47:37,40.5,2481,67% (3638 MB free)
23:47:38,40.5,2509,67% (3637 MB free)
23:47:39,40.5,2608,67% (3636 MB free)
23:47:40,40.5,2559,68% (3634 MB free)
23:47:41,40.5,2570,68% (3633 MB free)
23:47:42,40.5,2476,68% (3631 MB free)
23:47:43,40.5,2474,67% (3636 MB free)
23:47:45,40.5,2507,67% (3636 MB free)
23:47:46,40.5,2481,67% (3635 MB free)
23:47:47,40.5,2500,68% (3634 MB free)
23:47:48,40.5,2440,68% (3634 MB free)
23:47:49,40.5,2532,68% (3633 MB free)
23:47:50,40.5,2564,68% (3633 MB free)
23:47:51,40.5,2569,68% (3632 MB free)
23:47:52,40.5,2565,68% (3631 MB free)
23:47:53,40.5,2550,68% (3631 MB free)
23:47:54,40.5,2551,68% (3630 MB free)
23:47:55,40.6,2556,68% (3629 MB free)
23:47:56,40.6,2478,68% (3629 MB free)
23:47:57,40.6,2370,68% (3627 MB free)
23:47:58,40.6,2280,68% (3627 MB free)
23:47:59,40.6,2333,68% (3626 MB free)
23:48:00,40.6,2651,68% (3613 MB free)
23:48:01,40.6,2592,68% (3600 MB free)
23:48:02,40.6,2695,68% (3603 MB free)
23:48:03,40.6,2526,68% (3605 MB free)
23:48:04,40.6,2676,68% (3604 MB free)
23:48:05,40.6,2352,68% (3603 MB free)
23:48:06,40.6,2307,68% (3601 MB free)
23:48:07,40.6,2419,68% (3600 MB free)
23:48:08,40.6,2293,68% (3597 MB free)
23:48:09,40.6,2401,68% (3597 MB free)
23:48:10,40.6,2445,68% (3596 MB free)
23:48:11,40.6,2470,68% (3596 MB free)
23:48:12,40.6,2621,68% (3594 MB free)
23:48:13,40.6,2469,68% (3593 MB free)
23:48:14,40.6,2472,68% (3593 MB free)
23:48:15,40.6,2490,68% (3592 MB free)
23:48:16,40.6,2522,68% (3590 MB free)
23:48:17,40.6,2443,68% (3588 MB free)
23:48:18,40.6,2439,68% (3588 MB free)
23:48:19,40.6,2463,68% (3587 MB free)
23:48:20,40.6,2422,68% (3587 MB free)
23:48:21,40.6,2401,68% (3588 MB free)
23:48:22,40.6,2374,68% (3587 MB free)
23:48:23,40.6,2405,68% (3585 MB free)
23:48:24,40.6,2419,68% (3576 MB free)
23:48:25,40.6,2163,68% (3575 MB free)
23:48:26,40.6,2459,68% (3629 MB free)
23:48:27,40.6,2456,68% (3627 MB free)
23:48:28,40.6,2512,68% (3625 MB free)
23:48:29,40.6,2531,68% (3618 MB free)
23:48:30,40.6,2530,68% (3618 MB free)
23:48:31,40.6,2527,68% (3617 MB free)
23:48:32,40.6,2443,68% (3615 MB free)
23:48:33,40.6,2400,68% (3614 MB free)
23:48:34,40.6,2424,68% (3612 MB free)
23:48:35,40.6,2417,68% (3610 MB free)
23:48:36,40.6,2402,67% (3674 MB free)
23:48:37,40.6,2490,67% (3673 MB free)
23:48:38,40.6,2512,67% (3669 MB free)
23:48:39,40.6,2399,67% (3669 MB free)
23:48:40,40.7,2573,67% (3667 MB free)
23:48:41,40.7,2556,67% (3663 MB free)
23:48:42,40.7,2589,67% (3657 MB free)
23:48:43,40.7,2565,67% (3657 MB free)
23:48:44,40.7,2583,67% (3654 MB free)
23:48:45,40.7,2633,67% (3654 MB free)
23:48:46,40.7,2597,67% (3654 MB free)
23:48:47,40.7,2455,67% (3652 MB free)
23:48:49,40.7,2459,67% (3652 MB free)
23:48:50,40.7,2587,67% (3649 MB free)
23:48:51,40.7,2597,67% (3648 MB free)
23:48:52,40.7,2588,67% (3647 MB free)
23:48:53,40.7,2566,67% (3646 MB free)
23:48:54,40.7,2590,67% (3646 MB free)
23:48:55,40.8,2536,67% (3645 MB free)
23:48:56,40.8,2559,67% (3643 MB free)
23:48:57,40.8,2533,67% (3642 MB free)
23:48:58,40.8,2489,67% (3641 MB free)
23:48:59,40.8,2590,67% (3640 MB free)
23:49:00,40.8,2565,67% (3639 MB free)
23:49:01,40.8,2511,67% (3639 MB free)
23:49:02,40.8,2608,67% (3638 MB free)
23:49:03,40.8,2464,67% (3638 MB free)
23:49:04,40.8,2609,67% (3637 MB free)
23:49:05,40.8,2635,67% (3636 MB free)
23:49:06,40.8,2619,67% (3635 MB free)
23:49:07,40.8,2608,67% (3635 MB free)
23:49:08,40.8,2542,68% (3634 MB free)
23:49:09,40.8,2580,68% (3633 MB free)
23:49:10,40.8,2658,68% (3633 MB free)
23:49:11,40.8,2721,68% (3630 MB free)
23:49:12,40.8,2486,68% (3630 MB free)
23:49:13,40.8,2546,68% (3630 MB free)
23:49:14,40.8,2892,68% (3627 MB free)
23:49:15,40.8,2776,68% (3626 MB free)
23:49:16,40.8,2485,68% (3624 MB free)
23:49:17,40.8,2514,68% (3623 MB free)
23:49:18,40.8,2357,68% (3627 MB free)
23:49:19,40.8,2470,68% (3626 MB free)
23:49:20,40.8,2482,68% (3624 MB free)
23:49:21,40.8,2458,68% (3623 MB free)
23:49:22,40.8,2476,68% (3622 MB free)
23:49:23,40.8,2480,68% (3621 MB free)
23:49:24,40.8,2484,68% (3619 MB free)
23:49:25,40.8,2429,68% (3617 MB free)
23:49:26,40.8,2516,68% (3617 MB free)
23:49:27,40.8,2454,68% (3616 MB free)
23:49:28,40.8,2503,68% (3615 MB free)
23:49:29,40.8,2502,68% (3614 MB free)
23:49:30,40.8,2459,68% (3612 MB free)
23:49:31,40.8,2495,68% (3610 MB free)
23:49:32,40.8,2475,68% (3609 MB free)
23:49:33,40.8,2371,68% (3608 MB free)
23:49:34,40.8,2451,68% (3606 MB free)
23:49:35,40.8,2436,68% (3605 MB free)
23:49:36,40.8,2436,68% (3604 MB free)
23:49:37,40.8,2392,68% (3602 MB free)
23:49:38,40.8,2392,68% (3601 MB free)
23:49:39,40.8,2452,68% (3600 MB free)
23:49:40,40.8,2442,68% (3598 MB free)
23:49:41,40.8,2523,68% (3596 MB free)
23:49:42,40.8,2827,68% (3595 MB free)
23:49:43,40.8,2860,68% (3595 MB free)
23:49:44,40.8,2870,68% (3592 MB free)
23:49:45,40.8,2704,68% (3590 MB free)
23:49:46,40.9,2471,68% (3587 MB free)
23:49:47,40.9,2521,68% (3585 MB free)
23:49:48,40.9,2658,68% (3585 MB free)
23:49:49,40.9,2751,68% (3583 MB free)
23:49:50,40.9,2807,68% (3583 MB free)
23:49:51,40.9,2751,68% (3582 MB free)
23:49:52,40.9,2812,68% (3582 MB free)
23:49:53,40.9,2807,68% (3581 MB free)
23:49:54,40.9,2839,68% (3582 MB free)
23:49:55,40.9,2919,68% (3581 MB free)
23:49:57,40.9,2537,68% (3581 MB free)
23:49:58,40.9,2397,68% (3579 MB free)
23:49:59,40.9,2463,68% (3579 MB free)
23:50:00,40.9,2505,68% (3577 MB free)
23:50:01,40.9,2378,68% (3576 MB free)
23:50:02,40.9,2467,68% (3597 MB free)
23:50:03,40.9,2453,68% (3596 MB free)
23:50:04,40.9,2605,68% (3596 MB free)
23:50:05,40.9,2707,68% (3595 MB free)
23:50:06,40.9,2786,68% (3595 MB free)
23:50:07,40.9,2638,68% (3594 MB free)
23:50:08,40.9,2563,68% (3592 MB free)
23:50:09,40.9,2633,68% (3592 MB free)
23:50:10,40.9,2701,68% (3591 MB free)
23:50:11,40.9,2695,68% (3590 MB free)
23:50:12,40.9,2686,68% (3590 MB free)
23:50:13,40.9,2653,68% (3589 MB free)
23:50:14,40.9,2658,68% (3589 MB free)
23:50:15,40.9,2644,68% (3589 MB free)
23:50:16,40.9,2589,68% (3588 MB free)
23:50:17,40.9,2640,68% (3588 MB free)
23:50:18,40.9,2648,68% (3588 MB free)
23:50:19,40.9,2631,68% (3588 MB free)
23:50:20,40.9,2579,68% (3588 MB free)
23:50:21,40.9,2696,68% (3587 MB free)
23:50:22,40.9,2659,68% (3586 MB free)
23:50:23,40.9,2736,68% (3585 MB free)
23:50:24,40.9,2611,68% (3585 MB free)
23:50:25,40.9,2647,68% (3583 MB free)
23:50:26,40.9,2639,68% (3582 MB free)
23:50:27,40.9,2614,68% (3582 MB free)
23:50:28,40.9,2627,68% (3582 MB free)
23:50:29,40.9,2626,68% (3581 MB free)
23:50:30,40.9,2635,68% (3580 MB free)
23:50:31,40.9,2612,68% (3580 MB free)
23:50:32,40.9,2635,68% (3579 MB free)
23:50:33,40.9,2553,68% (3579 MB free)
23:50:34,40.9,2542,68% (3572 MB free)
23:50:35,40.9,2640,68% (3571 MB free)
23:50:36,40.9,2615,68% (3570 MB free)
23:50:37,40.9,2606,68% (3569 MB free)
23:50:38,40.9,2630,68% (3569 MB free)
23:50:39,40.9,2636,68% (3569 MB free)
23:50:40,40.9,2678,68% (3568 MB free)
23:50:41,41.1,2663,68% (3568 MB free)
23:50:42,41.1,2643,68% (3568 MB free)
23:50:43,41.1,2634,68% (3567 MB free)
23:50:44,41.1,2620,68% (3567 MB free)
23:50:45,41.1,2664,68% (3567 MB free)
23:50:46,40.9,2621,68% (3566 MB free)
23:50:47,40.9,2634,68% (3566 MB free)
23:50:48,40.9,2512,68% (3566 MB free)
23:50:49,40.9,2679,68% (3564 MB free)
23:50:50,40.9,2602,68% (3564 MB free)
23:50:51,41.1,2620,68% (3564 MB free)
23:50:52,41.1,2626,68% (3563 MB free)
23:50:53,41.1,2548,68% (3563 MB free)
23:50:54,40.9,2572,68% (3562 MB free)
23:50:55,40.9,2494,68% (3562 MB free)
23:50:56,40.9,2680,68% (3562 MB free)
23:50:57,40.9,2554,68% (3561 MB free)
23:50:58,40.9,2589,68% (3561 MB free)
23:50:59,40.9,2529,68% (3561 MB free)
23:51:00,40.9,2546,68% (3560 MB free)
23:51:01,40.9,2655,68% (3561 MB free)
23:51:02,40.9,2538,68% (3561 MB free)
23:51:03,40.9,2601,68% (3561 MB free)
23:51:05,40.9,2606,68% (3561 MB free)
23:51:06,40.9,2572,68% (3560 MB free)
23:51:07,41.1,2592,68% (3559 MB free)
23:51:08,41.1,2577,68% (3558 MB free)
23:51:09,41.1,2610,68% (3558 MB free)
23:51:10,41.1,2670,68% (3567 MB free)
23:51:11,41.1,2702,68% (3576 MB free)
23:51:12,41.1,2626,67% (3640 MB free)
23:51:13,41.1,2523,67% (3641 MB free)
23:51:14,41.1,2576,67% (3639 MB free)
23:51:15,41.1,2610,67% (3639 MB free)
23:51:16,41.1,2647,67% (3638 MB free)
23:51:17,41.1,2599,67% (3637 MB free)
23:51:18,41.1,2566,67% (3637 MB free)
23:51:19,41.1,2596,67% (3637 MB free)
23:51:20,41.1,2651,67% (3637 MB free)
23:51:21,41.1,2485,67% (3637 MB free)
23:51:22,41.1,2502,67% (3636 MB free)
23:51:23,41.1,2667,67% (3636 MB free)
23:51:24,41.1,2622,67% (3635 MB free)
23:51:25,41.1,2604,67% (3635 MB free)
23:51:26,41.1,2607,68% (3634 MB free)
23:51:27,41.1,2690,68% (3634 MB free)
23:51:28,41.1,2639,68% (3632 MB free)
23:51:29,41.1,2681,68% (3632 MB free)
23:51:30,41.1,2681,68% (3631 MB free)
23:51:31,41.1,2683,68% (3631 MB free)
23:51:32,41.1,2738,68% (3628 MB free)
23:51:33,41.1,2458,68% (3628 MB free)
23:51:34,41.1,2562,68% (3628 MB free)
23:51:35,41.1,2875,68% (3628 MB free)
23:51:36,41.1,2587,68% (3627 MB free)
23:51:37,40.9,2585,68% (3627 MB free)
23:51:38,40.9,2591,68% (3626 MB free)
23:51:39,40.9,2462,68% (3627 MB free)
23:51:40,40.9,2592,68% (3627 MB free)
23:51:41,40.9,2587,68% (3625 MB free)
23:51:42,41.1,2562,68% (3618 MB free)
23:51:43,41.1,2520,68% (3624 MB free)
23:51:44,41.1,2555,68% (3623 MB free)
23:51:45,41.1,2497,68% (3622 MB free)
23:51:46,41.1,2507,68% (3632 MB free)
23:51:47,41.1,2476,68% (3632 MB free)
23:51:48,41.1,2451,68% (3629 MB free)
23:51:49,41.1,2537,68% (3627 MB free)
23:51:50,41.1,2510,68% (3626 MB free)
23:51:51,41.1,2485,68% (3624 MB free)
23:51:52,41.1,2472,67% (3694 MB free)
23:51:53,41.1,2365,67% (3691 MB free)
23:51:54,41.1,2493,67% (3690 MB free)
23:51:55,41.1,2546,67% (3688 MB free)
23:51:56,41.1,2606,67% (3684 MB free)
23:51:57,41.1,2561,67% (3677 MB free)
23:51:58,41.1,2475,67% (3675 MB free)
23:51:59,41.1,2511,67% (3669 MB free)
23:52:00,41.1,2461,67% (3667 MB free)
23:52:01,41.1,2507,67% (3663 MB free)
23:52:02,41.1,2475,67% (3661 MB free)
23:52:03,41.1,2505,67% (3658 MB free)
23:52:04,41.1,2468,67% (3657 MB free)
23:52:05,41.1,2546,67% (3655 MB free)
23:52:06,41.1,2555,67% (3654 MB free)
23:52:08,41.1,2549,67% (3653 MB free)
23:52:09,41.2,2536,67% (3652 MB free)
23:52:10,41.2,2544,67% (3651 MB free)
23:52:11,41.2,2599,67% (3650 MB free)
23:52:12,41.2,2567,67% (3650 MB free)
23:52:13,41.2,2507,67% (3648 MB free)
23:52:14,41.2,2519,67% (3647 MB free)
23:52:15,41.2,2408,67% (3647 MB free)
23:52:16,41.2,2456,67% (3646 MB free)
23:52:17,41.2,2549,67% (3645 MB free)
23:52:18,41.2,2484,67% (3643 MB free)
23:52:19,41.2,2568,67% (3643 MB free)
23:52:20,41.2,2570,67% (3642 MB free)
23:52:21,41.2,2594,67% (3642 MB free)
23:52:22,41.2,2565,67% (3641 MB free)
23:52:23,41.2,2477,67% (3639 MB free)
23:52:24,41.2,2471,67% (3638 MB free)
23:52:25,41.2,2405,68% (3634 MB free)
23:52:26,41.2,2445,68% (3632 MB free)
23:52:27,41.2,2432,68% (3632 MB free)
23:52:28,41.2,2556,68% (3629 MB free)
23:52:29,41.2,2597,68% (3634 MB free)
23:52:30,41.2,2898,68% (3632 MB free)
23:52:31,41.2,2900,68% (3631 MB free)
23:52:32,41.2,2465,68% (3629 MB free)
23:52:33,41.2,2435,68% (3627 MB free)
23:52:34,41.2,2376,68% (3627 MB free)
23:52:35,41.2,2352,68% (3625 MB free)
23:52:36,41.2,2407,68% (3625 MB free)
23:52:37,41.2,2371,68% (3624 MB free)
23:52:38,41.2,2417,68% (3616 MB free)
23:52:39,41.2,2270,68% (3614 MB free)
23:52:40,41.2,2254,67% (3655 MB free)
23:52:41,41.2,2082,68% (3615 MB free)
23:52:42,41.2,2219,68% (3596 MB free)
23:52:43,41.2,2231,68% (3592 MB free)
23:52:44,41.2,2446,68% (3590 MB free)
23:52:45,41.2,2422,68% (3588 MB free)
23:52:46,41.2,2413,68% (3587 MB free)
23:52:47,41.2,2363,68% (3585 MB free)
23:52:48,41.2,2347,68% (3583 MB free)
23:52:49,41.2,2429,68% (3580 MB free)
23:52:50,41.2,2396,68% (3579 MB free)
23:52:51,41.2,2466,68% (3578 MB free)
23:52:52,41.2,2525,68% (3576 MB free)
23:52:53,41.2,2770,68% (3576 MB free)
23:52:54,41.2,2876,68% (3574 MB free)
23:52:55,41.2,2727,68% (3572 MB free)
23:52:56,41.2,2457,68% (3615 MB free)
23:52:57,41.2,2677,68% (3615 MB free)
23:52:58,41.2,2594,68% (3611 MB free)
23:52:59,41.2,2785,68% (3601 MB free)
23:53:00,41.2,2409,68% (3576 MB free)
23:53:01,41.2,2776,68% (3571 MB free)
23:53:02,41.2,2481,68% (3570 MB free)
23:53:03,41.2,2436,68% (3568 MB free)
23:53:04,41.2,2313,68% (3567 MB free)
23:53:05,41.2,2454,68% (3565 MB free)
23:53:06,41.2,2426,68% (3561 MB free)
23:53:07,41.2,2566,68% (3558 MB free)
23:53:09,41.2,2583,68% (3557 MB free)
23:53:10,41.2,2649,68% (3601 MB free)
23:53:11,41.2,2587,68% (3598 MB free)
23:53:12,41.2,2631,68% (3595 MB free)
23:53:13,41.3,2500,67% (3649 MB free)
23:53:14,41.3,2644,67% (3647 MB free)
23:53:15,41.3,2691,67% (3647 MB free)
23:53:16,41.3,2712,67% (3644 MB free)
23:53:17,41.3,2650,67% (3643 MB free)
23:53:18,41.3,2512,67% (3642 MB free)
23:53:19,41.3,2438,67% (3639 MB free)
23:53:20,41.3,2571,67% (3638 MB free)
23:53:21,41.3,2596,67% (3638 MB free)
23:53:22,41.3,2517,67% (3637 MB free)
23:53:23,41.3,2359,67% (3636 MB free)
23:53:24,41.3,2536,68% (3634 MB free)
23:53:25,41.3,2370,68% (3630 MB free)
23:53:26,41.3,2417,68% (3626 MB free)
23:53:27,41.3,2366,68% (3588 MB free)
23:53:28,41.3,2879,68% (3585 MB free)
23:53:29,41.3,2898,68% (3584 MB free)
23:53:30,41.3,2934,68% (3579 MB free)
23:53:31,41.3,2551,68% (3579 MB free)
23:53:32,41.3,2363,68% (3599 MB free)
23:53:33,41.3,2559,68% (3599 MB free)
23:53:34,41.3,2793,68% (3598 MB free)
23:53:35,41.3,2804,68% (3598 MB free)
23:53:36,41.3,2767,68% (3597 MB free)
23:53:37,41.3,2734,68% (3598 MB free)
23:53:38,41.3,2776,68% (3597 MB free)
23:53:39,41.3,2671,68% (3595 MB free)
23:53:40,41.3,2509,68% (3607 MB free)
23:53:41,41.3,2375,68% (3606 MB free)
23:53:42,41.3,2459,68% (3606 MB free)
23:53:43,41.3,2520,68% (3605 MB free)
23:53:44,41.3,2570,68% (3621 MB free)
23:53:45,41.3,2872,68% (3620 MB free)
23:53:46,41.3,2889,68% (3621 MB free)
23:53:47,41.3,2608,68% (3621 MB free)
23:53:48,41.3,2833,68% (3619 MB free)
23:53:49,41.3,2751,68% (3619 MB free)
23:53:50,41.3,2787,68% (3617 MB free)
23:53:51,41.3,2818,68% (3617 MB free)
23:53:52,41.3,2718,68% (3616 MB free)
23:53:53,41.3,2742,68% (3615 MB free)
23:53:54,41.3,2738,68% (3615 MB free)
23:53:55,41.3,2754,68% (3615 MB free)
23:53:56,41.3,2800,68% (3617 MB free)
23:53:57,41.3,2444,68% (3616 MB free)
23:53:58,41.3,2545,68% (3615 MB free)
23:53:59,41.3,2807,68% (3613 MB free)
23:54:00,41.3,2673,68% (3613 MB free)
23:54:01,41.3,2561,68% (3609 MB free)
23:54:02,41.3,2410,68% (3609 MB free)
23:54:03,41.3,2840,68% (3607 MB free)
23:54:04,41.3,2837,68% (3606 MB free)
23:54:05,41.3,2738,68% (3605 MB free)
23:54:06,41.3,2742,68% (3605 MB free)
23:54:07,41.3,2749,68% (3604 MB free)
23:54:08,41.3,2719,68% (3606 MB free)
23:54:09,41.3,2848,68% (3577 MB free)
23:54:10,41.3,2775,68% (3576 MB free)
23:54:11,41.3,2782,68% (3575 MB free)
23:54:12,41.3,2752,68% (3575 MB free)
23:54:13,41.3,2811,68% (3572 MB free)
23:54:14,41.3,2697,68% (3570 MB free)
23:54:15,41.3,2796,68% (3569 MB free)
23:54:16,41.3,2723,68% (3567 MB free)
23:54:17,41.3,2786,68% (3565 MB free)
23:54:19,41.3,2767,68% (3564 MB free)
23:54:20,41.3,2822,68% (3563 MB free)
23:54:21,41.3,2769,68% (3562 MB free)
23:54:22,41.3,2759,68% (3562 MB free)
23:54:23,41.2,2725,68% (3552 MB free)
23:54:24,41.2,2681,68% (3551 MB free)
23:54:25,41.2,2725,68% (3548 MB free)
23:54:26,41.2,2840,68% (3548 MB free)
23:54:27,41.2,2764,68% (3547 MB free)
23:54:28,41.2,2869,68% (3547 MB free)
23:54:29,41.2,2762,68% (3546 MB free)
23:54:30,41.2,2790,68% (3545 MB free)
23:54:31,41.2,2876,68% (3544 MB free)
23:54:32,41.2,2752,68% (3543 MB free)
23:54:33,41.2,2882,68% (3542 MB free)
23:54:34,41.2,2887,68% (3541 MB free)
23:54:35,41.2,2796,68% (3541 MB free)
23:54:36,41.2,2568,68% (3541 MB free)
23:54:37,41.2,2539,68% (3539 MB free)
23:54:38,41.2,2631,68% (3539 MB free)
23:54:39,41.2,2651,68% (3539 MB free)
23:54:40,41.2,2657,68% (3538 MB free)
23:54:41,41.2,2511,68% (3537 MB free)
23:54:42,41.2,2506,68% (3534 MB free)
23:54:43,41.2,2507,68% (3532 MB free)
23:54:44,41.2,2529,68% (3531 MB free)
23:54:45,41.2,2467,68% (3530 MB free)
23:54:46,41.2,2582,68% (3530 MB free)
23:54:47,41.2,2582,68% (3529 MB free)
23:54:48,41.2,2623,68% (3537 MB free)
23:54:49,41.2,2664,68% (3525 MB free)
23:54:50,41.2,2829,68% (3523 MB free)
23:54:51,41.2,2825,68% (3522 MB free)
23:54:52,41.2,2830,69% (3517 MB free)
23:54:53,41.2,2785,68% (3572 MB free)
23:54:54,41.1,2596,68% (3567 MB free)
23:54:55,41.1,2508,68% (3560 MB free)
23:54:56,41.1,2528,68% (3558 MB free)
23:54:57,41.1,2625,68% (3557 MB free)
23:54:58,41.1,2641,68% (3555 MB free)
23:54:59,41.1,2653,68% (3554 MB free)
23:55:00,41.1,2641,68% (3553 MB free)
23:55:01,41.1,2620,68% (3552 MB free)
23:55:02,41.1,2660,68% (3551 MB free)
23:55:03,41.1,2640,68% (3550 MB free)
23:55:04,41.1,2592,68% (3549 MB free)
23:55:05,41.1,2530,68% (3548 MB free)
23:55:06,41.1,2751,68% (3547 MB free)
23:55:07,41.1,2808,68% (3547 MB free)
23:55:08,41.1,2837,68% (3546 MB free)
23:55:09,41.1,2784,68% (3537 MB free)
23:55:10,41.1,2891,68% (3532 MB free)
23:55:11,41.1,2587,68% (3532 MB free)
23:55:12,41.1,2559,68% (3533 MB free)
23:55:13,41.1,2496,68% (3533 MB free)
23:55:14,41.1,2523,68% (3532 MB free)
23:55:15,41.1,2588,68% (3529 MB free)
23:55:16,41.1,2496,68% (3528 MB free)
23:55:17,41.1,2443,68% (3526 MB free)
23:55:18,41.1,2479,68% (3525 MB free)
23:55:19,41.1,2517,68% (3524 MB free)
23:55:20,41.1,2330,68% (3522 MB free)
23:55:21,41.1,2478,69% (3520 MB free)
23:55:22,41.1,2504,69% (3519 MB free)
23:55:23,41.1,2373,69% (3519 MB free)
23:55:24,41.1,2829,69% (3517 MB free)
23:55:25,41.1,2883,69% (3513 MB free)
23:55:26,41.1,2545,69% (3512 MB free)
23:55:27,41.1,2469,69% (3510 MB free)
23:55:29,41.1,2380,69% (3509 MB free)
23:55:30,41.1,2497,69% (3507 MB free)
23:55:31,41.1,2436,69% (3506 MB free)
23:55:32,41.1,2459,69% (3504 MB free)
23:55:33,41.1,2504,69% (3503 MB free)
23:55:34,41.1,2472,68% (3570 MB free)
23:55:35,41.1,2275,68% (3569 MB free)
23:55:36,41.1,2518,68% (3568 MB free)
23:55:37,41.1,2429,68% (3566 MB free)
23:55:38,40.9,2469,68% (3565 MB free)
23:55:39,40.9,2410,68% (3566 MB free)
23:55:40,40.9,2448,68% (3565 MB free)
23:55:41,40.9,2479,68% (3563 MB free)
23:55:42,40.9,2450,68% (3564 MB free)
23:55:43,41.1,2426,68% (3562 MB free)
23:55:44,41.1,2498,68% (3559 MB free)
23:55:45,41.1,2489,68% (3579 MB free)
23:55:46,41.1,2492,68% (3577 MB free)
23:55:47,41.1,2618,68% (3576 MB free)
23:55:48,41.1,2430,68% (3575 MB free)
23:55:49,41.1,2507,68% (3574 MB free)
23:55:50,41.1,2594,68% (3569 MB free)
23:55:51,41.1,2622,68% (3621 MB free)
23:55:52,41.1,2567,68% (3619 MB free)
23:55:53,41.1,2587,68% (3613 MB free)
23:55:54,41.1,2412,68% (3611 MB free)
23:55:55,41.1,2527,68% (3611 MB free)
23:55:56,41.1,2606,68% (3607 MB free)
23:55:57,41.1,2630,68% (3606 MB free)
23:55:58,41.1,2609,68% (3605 MB free)
23:55:59,41.1,2554,68% (3604 MB free)
23:56:00,41.1,2643,68% (3603 MB free)
23:56:01,41.1,2711,68% (3599 MB free)
23:56:02,41.1,2724,68% (3597 MB free)
23:56:03,41.1,2530,68% (3597 MB free)
23:56:04,41.1,2494,68% (3595 MB free)
23:56:05,41.1,2453,68% (3593 MB free)
23:56:06,41.1,2460,68% (3591 MB free)
23:56:07,41.1,2493,68% (3589 MB free)
23:56:08,41.1,2500,68% (3587 MB free)
23:56:09,41.1,2499,68% (3584 MB free)
23:56:10,41.1,2475,68% (3582 MB free)
23:56:11,41.1,2484,68% (3580 MB free)
23:56:12,41.1,2472,68% (3576 MB free)
23:56:13,41.1,2497,68% (3575 MB free)
23:56:14,41.1,2507,68% (3572 MB free)
23:56:15,41.1,2519,68% (3572 MB free)
23:56:16,41.1,2495,68% (3569 MB free)
23:56:17,41.1,2483,68% (3567 MB free)
23:56:18,41.1,2472,68% (3565 MB free)
23:56:19,41.1,2485,68% (3563 MB free)
23:56:20,41.1,2513,68% (3562 MB free)
23:56:21,41.1,2462,68% (3560 MB free)
23:56:22,41.1,2476,68% (3559 MB free)
23:56:23,41.1,2461,68% (3558 MB free)
23:56:24,41.1,2536,68% (3554 MB free)
23:56:25,41.1,2524,68% (3553 MB free)
23:56:26,41.1,2905,68% (3553 MB free)
23:56:27,41.1,2895,68% (3551 MB free)
23:56:28,41.1,2488,68% (3550 MB free)
23:56:30,41.1,2472,68% (3548 MB free)
23:56:31,41.1,2466,68% (3546 MB free)
23:56:32,41.1,2461,68% (3544 MB free)
23:56:33,41.2,2477,68% (3543 MB free)
23:56:34,41.2,2505,68% (3538 MB free)
23:56:35,41.2,2437,69% (3511 MB free)
23:56:36,41.2,2405,69% (3510 MB free)
23:56:37,41.2,2457,69% (3508 MB free)
23:56:38,41.2,2394,69% (3507 MB free)
23:56:39,41.2,2538,69% (3505 MB free)
23:56:40,41.2,2565,69% (3504 MB free)
23:56:41,41.2,2480,69% (3503 MB free)
23:56:42,41.2,2550,69% (3503 MB free)
23:56:43,41.2,2490,68% (3559 MB free)
23:56:44,41.2,2548,68% (3554 MB free)
23:56:45,41.2,2623,68% (3553 MB free)
23:56:46,41.2,2770,68% (3537 MB free)
23:56:47,41.2,2694,68% (3537 MB free)
23:56:48,41.2,2731,68% (3532 MB free)
23:56:49,41.2,2432,68% (3529 MB free)
23:56:50,41.2,2392,68% (3527 MB free)
23:56:51,41.2,2398,68% (3527 MB free)
23:56:52,41.2,2508,68% (3522 MB free)
23:56:53,41.2,2520,68% (3521 MB free)
23:56:54,41.3,2810,69% (3520 MB free)
23:56:55,41.3,2559,69% (3519 MB free)
23:56:56,41.3,2508,69% (3515 MB free)
23:56:57,41.3,2532,69% (3515 MB free)
23:56:58,41.3,2534,69% (3514 MB free)
23:56:59,41.3,2484,69% (3513 MB free)
23:57:00,41.3,2793,69% (3513 MB free)
23:57:01,41.3,2797,69% (3512 MB free)
23:57:02,41.3,2797,69% (3509 MB free)
23:57:03,41.3,2819,69% (3508 MB free)
23:57:04,41.3,2762,69% (3510 MB free)
23:57:05,41.3,2481,69% (3508 MB free)
23:57:06,41.3,2470,69% (3507 MB free)
23:57:07,41.3,2490,69% (3506 MB free)
23:57:08,41.3,2494,69% (3506 MB free)
23:57:09,41.3,2567,69% (3505 MB free)
23:57:10,41.3,2552,69% (3504 MB free)
23:57:11,41.3,2579,69% (3503 MB free)
23:57:12,41.3,2449,69% (3501 MB free)
23:57:13,41.3,2461,69% (3500 MB free)
23:57:14,41.3,2578,69% (3500 MB free)
23:57:15,41.3,2900,69% (3499 MB free)
23:57:16,41.3,2905,69% (3497 MB free)
23:57:17,41.3,2511,68% (3560 MB free)
23:57:18,41.3,2366,68% (3560 MB free)
23:57:19,41.3,2525,68% (3559 MB free)
23:57:20,41.3,2589,68% (3557 MB free)
23:57:21,41.3,2502,68% (3556 MB free)
23:57:22,41.3,2370,68% (3559 MB free)
23:57:23,41.3,2727,68% (3559 MB free)
23:57:24,41.3,2505,68% (3558 MB free)
23:57:25,41.3,2493,68% (3558 MB free)
23:57:26,41.3,2763,68% (3557 MB free)
23:57:27,41.3,2954,68% (3557 MB free)
23:57:28,41.3,2825,68% (3556 MB free)
23:57:29,41.3,2521,68% (3554 MB free)
23:57:31,41.3,2461,68% (3557 MB free)
23:57:32,41.3,2513,68% (3557 MB free)
23:57:33,41.3,2516,68% (3556 MB free)
23:57:34,41.3,2573,68% (3556 MB free)
23:57:35,41.3,2728,68% (3555 MB free)
23:57:36,41.3,2578,68% (3554 MB free)
23:57:37,41.3,2513,68% (3554 MB free)
23:57:38,41.3,2569,68% (3553 MB free)
23:57:39,41.3,2511,68% (3551 MB free)
23:57:40,41.3,2540,68% (3550 MB free)
23:57:41,41.3,2444,68% (3548 MB free)
23:57:42,41.3,2529,68% (3546 MB free)
23:57:43,41.3,2588,68% (3545 MB free)
23:57:44,41.3,2497,68% (3543 MB free)
23:57:45,41.3,2617,68% (3543 MB free)
23:57:46,41.3,2511,68% (3556 MB free)
23:57:47,41.3,2418,68% (3554 MB free)
23:57:48,41.3,2493,68% (3551 MB free)
23:57:49,41.3,2530,68% (3550 MB free)
23:57:50,41.3,2524,68% (3548 MB free)
23:57:51,41.3,2522,68% (3547 MB free)
23:57:52,41.3,2884,68% (3547 MB free)
23:57:53,41.3,2961,68% (3546 MB free)
23:57:54,41.3,2953,68% (3545 MB free)
23:57:55,41.4,2646,68% (3544 MB free)
23:57:56,41.4,2401,68% (3542 MB free)
23:57:57,41.4,2551,68% (3541 MB free)
23:57:58,41.4,2800,68% (3541 MB free)
23:57:59,41.4,2782,68% (3542 MB free)
23:58:00,41.4,2813,68% (3535 MB free)
23:58:01,41.4,2554,68% (3533 MB free)
23:58:02,41.4,2359,68% (3532 MB free)
23:58:03,41.4,2515,68% (3530 MB free)
23:58:04,41.4,2485,68% (3530 MB free)
23:58:05,41.4,2860,68% (3530 MB free)
23:58:06,41.4,2593,68% (3529 MB free)
23:58:07,41.4,2491,68% (3528 MB free)
23:58:08,41.4,2870,68% (3521 MB free)
23:58:09,41.4,2511,68% (3521 MB free)
23:58:10,41.4,2544,69% (3520 MB free)
23:58:11,41.4,2593,68% (3529 MB free)
23:58:12,41.4,2866,68% (3531 MB free)
23:58:13,41.4,2596,68% (3532 MB free)
23:58:14,41.4,2821,68% (3529 MB free)
23:58:15,41.4,2820,68% (3529 MB free)
23:58:16,41.4,2773,68% (3527 MB free)
23:58:17,41.4,2710,68% (3526 MB free)
23:58:18,41.4,2750,68% (3526 MB free)
23:58:19,41.4,2539,68% (3533 MB free)
23:58:20,41.4,2612,68% (3533 MB free)
23:58:21,41.4,2669,68% (3530 MB free)
23:58:22,41.4,2644,68% (3530 MB free)
23:58:23,41.4,2523,68% (3529 MB free)
23:58:24,41.4,2690,68% (3548 MB free)
23:58:25,41.4,2564,68% (3547 MB free)
23:58:26,41.4,2722,68% (3546 MB free)
23:58:27,41.4,2695,68% (3546 MB free)
23:58:28,41.4,2728,68% (3545 MB free)
23:58:29,41.4,2729,68% (3545 MB free)
23:58:30,41.4,2722,68% (3544 MB free)
23:58:31,41.4,2717,68% (3543 MB free)
23:58:32,41.4,2656,68% (3543 MB free)
23:58:33,41.4,2650,68% (3543 MB free)
23:58:34,41.4,2700,68% (3542 MB free)
23:58:35,41.4,2671,68% (3541 MB free)
23:58:36,41.4,2675,68% (3540 MB free)
23:58:37,41.4,2699,68% (3539 MB free)
23:58:38,41.4,2662,68% (3539 MB free)
23:58:39,41.4,2718,68% (3538 MB free)
23:58:41,41.4,2719,68% (3537 MB free)
23:58:42,41.4,2736,68% (3526 MB free)
23:58:43,41.4,2719,68% (3526 MB free)
23:58:44,41.4,2733,68% (3526 MB free)
23:58:45,41.4,2668,68% (3526 MB free)
23:58:46,41.4,2560,68% (3572 MB free)
23:58:47,41.4,2429,68% (3570 MB free)
23:58:48,41.4,2618,68% (3567 MB free)
23:58:49,41.4,2572,68% (3557 MB free)
23:58:50,41.4,2296,68% (3552 MB free)
23:58:51,41.4,2564,68% (3543 MB free)
23:58:52,41.4,2702,68% (3542 MB free)
23:58:53,41.4,2661,68% (3557 MB free)
23:58:54,41.4,2696,68% (3561 MB free)
23:58:55,41.4,2597,68% (3559 MB free)
23:58:56,41.4,2490,68% (3549 MB free)
23:58:57,41.4,2802,68% (3547 MB free)
23:58:58,41.3,2604,68% (3546 MB free)
23:58:59,41.3,2880,68% (3541 MB free)
23:59:00,41.3,2803,68% (3539 MB free)
23:59:01,41.3,2812,68% (3537 MB free)
23:59:02,41.3,2597,68% (3532 MB free)
23:59:03,41.3,2668,68% (3532 MB free)
23:59:04,41.3,2826,68% (3532 MB free)
23:59:05,41.3,2786,68% (3531 MB free)
23:59:06,41.3,2667,68% (3530 MB free)
23:59:07,41.3,2738,68% (3530 MB free)
23:59:08,41.3,2883,68% (3529 MB free)
23:59:09,41.3,2785,68% (3528 MB free)
23:59:10,41.3,2792,68% (3526 MB free)
23:59:11,41.3,2739,68% (3528 MB free)
23:59:12,41.3,2785,68% (3522 MB free)
23:59:13,41.3,2612,68% (3521 MB free)
23:59:14,41.3,2612,69% (3519 MB free)
23:59:15,41.3,2872,69% (3518 MB free)
23:59:16,41.3,2831,69% (3518 MB free)
23:59:17,41.3,2932,69% (3518 MB free)
23:59:18,41.3,2901,69% (3517 MB free)
23:59:19,41.3,2870,69% (3517 MB free)
23:59:20,41.3,2906,69% (3515 MB free)
23:59:21,41.3,2942,69% (3515 MB free)
23:59:22,41.3,2554,69% (3514 MB free)
23:59:23,41.3,2636,69% (3510 MB free)
23:59:24,41.3,2584,69% (3511 MB free)
23:59:25,41.3,2819,69% (3508 MB free)
23:59:26,41.3,2728,69% (3508 MB free)
23:59:27,41.3,2918,69% (3508 MB free)
23:59:28,41.3,2732,69% (3508 MB free)
23:59:29,41.3,2647,69% (3506 MB free)
23:59:30,41.3,2664,69% (3505 MB free)
23:59:31,41.3,2673,69% (3506 MB free)
23:59:32,41.3,2588,69% (3506 MB free)
23:59:33,41.3,2617,69% (3505 MB free)
23:59:34,41.3,2437,68% (3537 MB free)
23:59:35,41.3,2841,68% (3545 MB free)
23:59:36,41.3,2948,68% (3544 MB free)
23:59:37,41.3,2919,68% (3543 MB free)
23:59:38,41.3,2957,69% (3499 MB free)
23:59:39,41.3,2883,69% (3490 MB free)
23:59:40,41.3,2650,69% (3490 MB free)
23:59:41,41.3,2750,69% (3487 MB free)
23:59:42,41.3,2665,69% (3482 MB free)
23:59:43,41.3,2571,69% (3482 MB free)
23:59:44,41.3,2685,69% (3481 MB free)
23:59:45,41.3,2814,69% (3479 MB free)
23:59:46,41.3,2904,68% (3550 MB free)
23:59:47,41.3,2892,68% (3548 MB free)
23:59:48,41.3,2813,68% (3542 MB free)
23:59:49,41.3,2815,68% (3540 MB free)
23:59:50,41.3,2837,68% (3539 MB free)
23:59:51,41.3,2672,69% (3501 MB free)
23:59:52,41.3,2789,69% (3500 MB free)
23:59:53,41.3,2843,69% (3498 MB free)
23:59:54,41.3,2703,69% (3490 MB free)
23:59:55,41.3,2784,69% (3489 MB free)
23:59:57,41.3,2848,69% (3489 MB free)
23:59:58,41.3,2819,69% (3487 MB free)
23:59:59,41.3,2853,69% (3481 MB free)
00:00:00,41.2,2778,68% (3529 MB free)
00:00:01,41.2,2352,68% (3586 MB free)
00:00:02,41.2,2380,68% (3583 MB free)
00:00:03,41.2,2488,68% (3620 MB free)
00:00:04,41.2,2455,68% (3606 MB free)
00:00:05,41.2,2527,68% (3602 MB free)
00:00:06,41.2,2681,68% (3599 MB free)
00:00:07,41.2,2834,68% (3598 MB free)
00:00:08,41.2,2865,68% (3572 MB free)
00:00:09,41.2,2722,68% (3573 MB free)
00:00:10,41.2,2604,68% (3570 MB free)
00:00:11,41.2,2657,68% (3569 MB free)
00:00:12,41.2,2634,68% (3572 MB free)
00:00:13,41.2,2574,68% (3569 MB free)
00:00:14,41.2,2650,68% (3569 MB free)
00:00:15,41.2,2614,68% (3595 MB free)
00:00:16,41.2,2585,68% (3585 MB free)
00:00:17,41.2,2531,68% (3565 MB free)
00:00:18,41.2,2547,68% (3564 MB free)
00:00:19,41.2,2529,68% (3549 MB free)
00:00:20,41.2,2756,68% (3548 MB free)
00:00:21,41.2,2752,68% (3548 MB free)
00:00:22,41.2,2894,68% (3559 MB free)
00:00:23,41.2,2414,70% (3399 MB free)
00:00:24,41.2,2095,70% (3368 MB free)
00:00:25,41.2,2292,70% (3362 MB free)
00:00:26,41.2,2573,70% (3399 MB free)
00:00:27,41.2,2808,69% (3410 MB free)
00:00:28,41.2,2430,69% (3411 MB free)
00:00:29,41.2,2726,69% (3409 MB free)
00:00:30,41.2,2818,70% (3393 MB free)
00:00:31,41.2,2813,69% (3420 MB free)
00:00:32,41.2,2613,69% (3419 MB free)
00:00:33,41.2,2605,69% (3420 MB free)
00:00:34,41.2,2610,69% (3426 MB free)
00:00:35,41.2,2459,69% (3426 MB free)
00:00:36,41.2,2690,69% (3425 MB free)
00:00:37,41.2,2782,69% (3425 MB free)
00:00:38,41.2,2789,69% (3441 MB free)
00:00:39,41.2,2584,69% (3448 MB free)
00:00:40,41.2,2535,69% (3446 MB free)
00:00:41,41.2,2544,69% (3454 MB free)
00:00:42,41.2,2639,69% (3453 MB free)
00:00:43,41.2,2638,69% (3452 MB free)
00:00:44,41.2,2643,69% (3449 MB free)
00:00:45,41.2,2656,69% (3449 MB free)
00:00:46,41.2,2652,69% (3450 MB free)
00:00:47,41.2,2704,69% (3446 MB free)
00:00:48,41.2,2899,69% (3446 MB free)
00:00:49,41.2,2813,69% (3440 MB free)
00:00:50,41.2,2772,69% (3435 MB free)
00:00:51,41.2,2851,69% (3441 MB free)
00:00:52,41.2,2844,69% (3438 MB free)
00:00:53,41.2,2781,69% (3431 MB free)
00:00:54,41.2,2914,69% (3437 MB free)
00:00:55,41.2,2824,69% (3430 MB free)
00:00:56,41.2,2957,69% (3430 MB free)
00:00:57,41.2,2912,69% (3429 MB free)
00:00:58,41.2,2906,69% (3428 MB free)
00:00:59,41.2,2802,69% (3442 MB free)
00:01:00,41.2,2629,69% (3453 MB free)
00:01:01,41.2,2847,69% (3451 MB free)
00:01:03,41.2,2791,69% (3460 MB free)
00:01:04,41.2,2841,69% (3474 MB free)
00:01:05,41.2,2772,69% (3463 MB free)
00:01:06,41.2,2744,69% (3463 MB free)
00:01:07,41.2,2868,69% (3468 MB free)
00:01:08,41.2,2899,69% (3460 MB free)
00:01:09,41.2,2921,69% (3460 MB free)
00:01:10,41.2,2915,69% (3468 MB free)
00:01:11,41.2,2884,69% (3469 MB free)
00:01:12,41.2,2931,69% (3471 MB free)
00:01:13,41.2,2929,69% (3468 MB free)
00:01:14,41.2,2768,69% (3486 MB free)
00:01:15,41.2,2700,69% (3485 MB free)
00:01:16,41.2,2582,69% (3480 MB free)
00:01:17,41.2,2573,69% (3482 MB free)
00:01:18,41.2,2669,69% (3480 MB free)
00:01:19,41.2,2865,69% (3479 MB free)
00:01:20,41.2,2893,69% (3476 MB free)
00:01:21,41.2,2644,69% (3476 MB free)
00:01:22,41.2,2645,69% (3468 MB free)
00:01:23,41.2,2632,69% (3466 MB free)
00:01:24,41.2,2714,69% (3465 MB free)
00:01:25,41.2,2920,69% (3470 MB free)
00:01:26,41.2,2753,69% (3467 MB free)
00:01:27,41.2,2747,69% (3466 MB free)
00:01:28,41.2,2802,69% (3464 MB free)
00:01:29,41.2,2895,69% (3464 MB free)
00:01:30,41.2,2869,69% (3463 MB free)
00:01:31,41.2,2797,69% (3465 MB free)
00:01:32,41.2,2697,69% (3463 MB free)
00:01:33,41.2,2908,69% (3468 MB free)
00:01:34,41.2,2928,69% (3467 MB free)
00:01:35,41.2,2789,69% (3465 MB free)
00:01:36,41.2,2773,69% (3464 MB free)
00:01:37,41.2,2864,69% (3453 MB free)
00:01:38,41.2,2717,69% (3451 MB free)
00:01:39,41.2,2712,69% (3451 MB free)
00:01:40,41.2,2620,69% (3452 MB free)
00:01:41,41.2,2379,69% (3451 MB free)
00:01:42,41.2,2552,69% (3448 MB free)
00:01:43,41.2,2460,69% (3454 MB free)
00:01:44,41.2,2534,69% (3453 MB free)
00:01:45,41.2,2560,69% (3452 MB free)
00:01:46,41.2,2571,69% (3453 MB free)
00:01:47,41.2,2686,69% (3452 MB free)
00:01:48,41.2,2639,69% (3451 MB free)
00:01:49,41.2,2649,69% (3451 MB free)
00:01:50,41.2,2630,69% (3450 MB free)
00:01:51,41.2,2671,69% (3449 MB free)
00:01:52,41.2,2664,69% (3448 MB free)
00:01:53,41.2,2658,69% (3448 MB free)
00:01:54,41.1,2665,69% (3447 MB free)
00:01:55,41.1,2652,69% (3446 MB free)
00:01:56,41.1,2653,69% (3446 MB free)
00:01:57,41.1,2663,69% (3448 MB free)
00:01:58,41.1,2565,69% (3448 MB free)
00:01:59,41.1,2830,69% (3448 MB free)
00:02:00,41.1,2526,69% (3451 MB free)
00:02:01,41.1,2593,69% (3455 MB free)
00:02:02,41.1,2764,69% (3452 MB free)
00:02:03,41.1,2920,69% (3451 MB free)
00:02:04,41.1,2907,69% (3447 MB free)
00:02:05,41.1,2884,69% (3446 MB free)
00:02:06,41.1,2926,69% (3444 MB free)
00:02:07,41.1,2446,69% (3443 MB free)
00:02:08,41.1,2563,69% (3440 MB free)
00:02:09,41.1,2507,69% (3442 MB free)
00:02:10,41.1,2451,69% (3439 MB free)
00:02:11,41.1,2427,69% (3437 MB free)
00:02:13,41.1,2488,69% (3493 MB free)
00:02:14,41.1,2512,69% (3491 MB free)
00:02:15,41.1,2583,69% (3490 MB free)
00:02:16,41.1,2509,69% (3491 MB free)
00:02:17,41.1,2446,69% (3488 MB free)
00:02:18,41.1,2564,69% (3488 MB free)
00:02:19,41.1,2958,69% (3499 MB free)
00:02:20,41.1,2607,69% (3496 MB free)
00:02:21,41.1,2874,69% (3502 MB free)
00:02:22,41.1,2914,69% (3499 MB free)
00:02:23,41.1,2640,69% (3497 MB free)
00:02:24,41.1,2882,69% (3497 MB free)
00:02:25,41.1,3015,69% (3495 MB free)
00:02:26,41.1,2616,69% (3493 MB free)
00:02:27,41.1,2456,69% (3493 MB free)
00:02:28,41.1,2570,69% (3492 MB free)
00:02:29,41.1,2479,69% (3490 MB free)
00:02:30,41.1,2513,69% (3487 MB free)
00:02:31,41.1,2388,69% (3485 MB free)
00:02:32,41.1,2418,69% (3481 MB free)
00:02:33,41.1,2366,69% (3468 MB free)
00:02:34,41.1,2485,69% (3467 MB free)
00:02:35,41.1,2455,69% (3464 MB free)
00:02:36,41.1,2512,69% (3461 MB free)
00:02:37,41.1,2438,69% (3458 MB free)
00:02:38,41.1,2403,69% (3455 MB free)
00:02:39,41.1,2415,69% (3455 MB free)
00:02:40,41.1,2420,69% (3454 MB free)
00:02:41,41.1,2497,69% (3451 MB free)
00:02:42,41.1,2495,69% (3449 MB free)
00:02:43,41.1,2493,69% (3454 MB free)
00:02:44,41.1,2841,69% (3451 MB free)
00:02:45,41.1,2520,69% (3452 MB free)
00:02:46,41.1,2576,69% (3449 MB free)
00:02:47,41.1,2727,69% (3448 MB free)
00:02:48,41.1,2712,69% (3470 MB free)
00:02:49,41.1,2641,69% (3465 MB free)
00:02:50,41.1,2638,69% (3463 MB free)
00:02:51,41.1,2687,69% (3462 MB free)
00:02:52,41.1,2672,69% (3461 MB free)
00:02:53,41.1,2744,69% (3460 MB free)
00:02:54,41.1,2672,69% (3459 MB free)
00:02:55,41.1,2502,69% (3458 MB free)
00:02:56,41.1,2595,69% (3457 MB free)
00:02:57,41.1,2645,69% (3455 MB free)
00:02:58,41.1,2606,69% (3455 MB free)
00:02:59,41.1,2628,69% (3454 MB free)
00:03:00,41.1,2654,69% (3440 MB free)
00:03:01,41.1,2474,69% (3474 MB free)
00:03:02,41.1,2563,69% (3472 MB free)
00:03:03,41.1,2585,69% (3469 MB free)
00:03:04,41.1,2592,69% (3468 MB free)
00:03:05,41.1,2624,69% (3466 MB free)
00:03:06,41.1,2631,69% (3464 MB free)
00:03:07,41.1,2649,69% (3467 MB free)
00:03:08,41.1,2675,69% (3465 MB free)
00:03:09,41.1,2596,69% (3464 MB free)
00:03:10,41.2,2643,69% (3458 MB free)
00:03:11,41.2,2699,69% (3449 MB free)
00:03:12,41.2,2897,69% (3447 MB free)
00:03:13,41.2,2698,69% (3445 MB free)
00:03:14,41.2,2694,69% (3443 MB free)
00:03:15,41.2,2720,69% (3440 MB free)
00:03:17,41.2,2648,69% (3463 MB free)
00:03:18,41.2,2710,69% (3461 MB free)
00:03:19,41.2,2701,69% (3461 MB free)
00:03:20,41.2,2688,69% (3460 MB free)
00:03:21,41.2,2712,69% (3459 MB free)
00:03:22,41.2,2734,69% (3458 MB free)
00:03:23,41.2,2747,69% (3456 MB free)
00:03:24,41.2,2733,69% (3455 MB free)
00:03:25,41.2,2743,69% (3448 MB free)
00:03:26,41.2,2582,69% (3446 MB free)
00:03:27,41.2,2727,69% (3446 MB free)
00:03:28,41.2,2720,69% (3445 MB free)
00:03:29,41.2,2731,69% (3444 MB free)
00:03:30,41.2,2718,69% (3445 MB free)
00:03:31,41.2,2717,69% (3443 MB free)
00:03:32,41.2,2720,69% (3443 MB free)
00:03:33,41.2,2728,69% (3443 MB free)
00:03:34,41.2,2633,69% (3442 MB free)
00:03:35,41.2,2701,69% (3442 MB free)
00:03:36,41.2,2597,69% (3442 MB free)
00:03:37,41.2,2624,69% (3441 MB free)
00:03:38,41.2,2679,69% (3440 MB free)
00:03:39,41.2,2603,69% (3441 MB free)
00:03:40,41.2,2661,69% (3440 MB free)
00:03:41,41.2,2534,69% (3440 MB free)
00:03:42,41.2,2670,69% (3438 MB free)
00:03:43,41.2,2597,69% (3437 MB free)
00:03:44,41.2,2605,69% (3437 MB free)
00:03:45,41.2,2681,69% (3437 MB free)
00:03:46,41.2,2568,69% (3436 MB free)
00:03:47,41.2,2679,69% (3436 MB free)
00:03:48,41.2,2662,69% (3435 MB free)
00:03:49,41.2,2637,69% (3434 MB free)
00:03:50,41.2,2675,69% (3433 MB free)
00:03:51,41.2,2656,69% (3432 MB free)
00:03:52,41.2,2705,69% (3440 MB free)
00:03:53,41.2,2649,69% (3439 MB free)
00:03:54,41.2,2626,69% (3438 MB free)
00:03:55,41.2,2669,69% (3438 MB free)
00:03:56,41.2,2591,69% (3470 MB free)
00:03:57,41.2,2580,69% (3468 MB free)
00:03:58,41.2,2645,69% (3468 MB free)
00:03:59,41.2,2580,69% (3466 MB free)
00:04:00,41.2,2656,69% (3465 MB free)
00:04:01,41.2,2537,69% (3463 MB free)
00:04:02,41.2,2608,69% (3463 MB free)
00:04:03,41.2,2544,69% (3461 MB free)
00:04:04,41.2,2606,69% (3462 MB free)
00:04:05,41.2,2502,69% (3461 MB free)
00:04:06,41.2,2567,69% (3461 MB free)
00:04:07,41.2,2468,69% (3462 MB free)
00:04:08,41.2,2423,69% (3460 MB free)
00:04:09,41.2,2609,69% (3460 MB free)
00:04:10,41.2,2378,69% (3465 MB free)
00:04:11,41.2,2523,69% (3464 MB free)
00:04:12,41.2,2593,69% (3463 MB free)
00:04:13,41.2,2615,69% (3460 MB free)
00:04:14,41.2,2517,69% (3459 MB free)
00:04:15,41.2,2518,69% (3458 MB free)
00:04:16,41.2,2512,69% (3457 MB free)
00:04:17,41.2,2507,69% (3453 MB free)
00:04:18,41.2,2567,69% (3452 MB free)
00:04:19,41.2,2558,69% (3452 MB free)
00:04:20,41.3,2544,69% (3446 MB free)
00:04:21,41.3,2578,69% (3446 MB free)
00:04:22,41.3,2495,69% (3445 MB free)
00:04:23,41.3,2565,69% (3445 MB free)
00:04:24,41.3,2548,69% (3442 MB free)
00:04:26,41.3,2542,69% (3441 MB free)
00:04:27,41.3,2605,69% (3440 MB free)
00:04:28,41.3,2557,69% (3439 MB free)
00:04:29,41.3,2606,69% (3460 MB free)
00:04:30,41.3,2668,69% (3455 MB free)
00:04:31,41.3,2767,69% (3448 MB free)
00:04:32,41.3,2592,69% (3444 MB free)
00:04:33,41.3,2780,69% (3443 MB free)
00:04:34,41.3,2579,69% (3455 MB free)
00:04:35,41.3,2567,69% (3451 MB free)
00:04:36,41.3,2583,69% (3449 MB free)
00:04:37,41.3,2577,69% (3448 MB free)
00:04:38,41.3,2576,69% (3446 MB free)
00:04:39,41.3,2610,69% (3446 MB free)
00:04:40,41.3,2622,69% (3446 MB free)
00:04:41,41.3,2684,69% (3445 MB free)
00:04:42,41.3,2682,69% (3445 MB free)
00:04:43,41.3,2685,69% (3444 MB free)
00:04:44,41.3,2669,69% (3444 MB free)
00:04:45,41.3,2693,69% (3443 MB free)
00:04:46,41.3,2681,69% (3443 MB free)
00:04:47,41.3,2684,69% (3442 MB free)
00:04:48,41.3,2677,69% (3429 MB free)
00:04:49,41.3,2739,69% (3467 MB free)
00:04:50,41.3,2367,69% (3463 MB free)
00:04:51,41.3,2724,69% (3460 MB free)
00:04:52,41.3,2434,69% (3460 MB free)
00:04:53,41.3,2644,69% (3461 MB free)
00:04:54,41.3,2802,69% (3461 MB free)
00:04:55,41.3,2413,69% (3460 MB free)
00:04:56,41.3,2442,69% (3474 MB free)
00:04:57,41.3,2446,69% (3483 MB free)
00:04:58,41.3,2315,69% (3481 MB free)
00:04:59,41.3,2429,69% (3481 MB free)
00:05:00,41.3,2450,69% (3481 MB free)
00:05:01,41.3,2352,69% (3481 MB free)
00:05:02,41.3,2341,69% (3479 MB free)
00:05:03,41.3,2430,69% (3479 MB free)
00:05:04,41.3,2405,69% (3478 MB free)
00:05:05,41.3,2385,69% (3477 MB free)
00:05:06,41.3,2437,69% (3479 MB free)
00:05:07,41.3,2510,69% (3476 MB free)
00:05:08,41.3,2405,69% (3474 MB free)
00:05:09,41.3,2435,69% (3472 MB free)
00:05:10,41.3,2379,69% (3471 MB free)
00:05:11,41.3,2471,69% (3469 MB free)
00:05:12,41.3,2388,69% (3468 MB free)
00:05:13,41.3,2372,69% (3466 MB free)
00:05:14,41.3,2408,69% (3466 MB free)
00:05:15,41.3,2493,69% (3465 MB free)
00:05:16,41.3,2498,69% (3465 MB free)
00:05:17,41.3,2512,69% (3464 MB free)
00:05:18,41.3,2485,69% (3463 MB free)
00:05:19,41.3,2473,69% (3463 MB free)
00:05:20,41.3,2482,69% (3463 MB free)
00:05:21,41.3,2449,69% (3463 MB free)
00:05:22,41.3,2462,69% (3462 MB free)
00:05:24,41.3,2421,69% (3462 MB free)
00:05:25,41.3,2478,69% (3461 MB free)
00:05:26,41.4,2473,69% (3452 MB free)
00:05:27,41.4,2391,68% (3532 MB free)
00:05:28,41.4,2309,68% (3530 MB free)
00:05:29,41.4,2433,68% (3529 MB free)
00:05:30,41.4,2406,68% (3528 MB free)
00:05:31,41.4,2533,68% (3540 MB free)
00:05:32,41.4,2581,68% (3537 MB free)
00:05:33,41.4,2586,68% (3530 MB free)
00:05:34,41.4,2824,68% (3522 MB free)
00:05:35,41.4,2823,68% (3540 MB free)
00:05:36,41.4,2796,68% (3552 MB free)
00:05:37,41.4,2906,68% (3550 MB free)
00:05:38,41.4,2690,68% (3544 MB free)
00:05:39,41.4,2909,68% (3529 MB free)
00:05:40,41.4,2797,68% (3532 MB free)
00:05:41,41.4,2817,68% (3529 MB free)
00:05:42,41.4,2730,68% (3529 MB free)
00:05:43,41.4,2629,68% (3528 MB free)
00:05:44,41.4,2598,68% (3527 MB free)
00:05:45,41.4,2836,68% (3527 MB free)
00:05:46,41.4,2454,68% (3526 MB free)
00:05:47,41.4,2444,68% (3526 MB free)
00:05:48,41.4,2471,68% (3525 MB free)
00:05:49,41.4,2471,68% (3524 MB free)
00:05:50,41.4,2420,68% (3523 MB free)
00:05:51,41.4,2419,68% (3522 MB free)
00:05:52,41.4,2464,69% (3520 MB free)
00:05:53,41.4,2394,69% (3519 MB free)
00:05:54,41.5,2357,69% (3520 MB free)
00:05:55,41.5,2863,69% (3518 MB free)
00:05:56,41.5,2859,68% (3531 MB free)
00:05:57,41.5,2418,68% (3530 MB free)
00:05:58,41.5,2431,68% (3530 MB free)
00:05:59,41.5,2407,68% (3529 MB free)
00:06:00,41.5,2469,68% (3528 MB free)
00:06:01,41.5,2384,68% (3533 MB free)
00:06:02,41.5,2526,68% (3533 MB free)
00:06:03,41.5,2472,68% (3533 MB free)
00:06:04,41.5,2501,68% (3533 MB free)
00:06:05,41.5,2554,68% (3530 MB free)
00:06:06,41.5,2884,68% (3530 MB free)
00:06:07,41.5,2865,68% (3530 MB free)
00:06:08,41.5,2886,68% (3530 MB free)
00:06:09,41.5,2907,68% (3529 MB free)
00:06:10,41.5,2944,68% (3528 MB free)
00:06:11,41.5,2911,68% (3527 MB free)
00:06:12,41.5,2896,68% (3526 MB free)
00:06:13,41.5,2880,68% (3525 MB free)
00:06:14,41.5,2896,68% (3524 MB free)
00:06:15,41.5,2944,68% (3523 MB free)
00:06:16,41.5,2885,68% (3523 MB free)
00:06:17,41.5,2839,68% (3522 MB free)
00:06:18,41.5,2888,68% (3522 MB free)
00:06:19,41.5,2614,68% (3521 MB free)
00:06:20,41.5,2389,69% (3519 MB free)
00:06:21,41.5,2431,69% (3518 MB free)
00:06:22,41.5,2404,69% (3517 MB free)
00:06:23,41.5,2440,69% (3518 MB free)
00:06:24,41.5,2412,69% (3516 MB free)
00:06:25,41.5,2478,69% (3514 MB free)
00:06:26,41.5,2490,69% (3500 MB free)
00:06:27,41.5,2846,69% (3499 MB free)
00:06:28,41.5,2538,69% (3499 MB free)
00:06:30,41.5,2712,69% (3496 MB free)
00:06:31,41.5,2560,69% (3493 MB free)
00:06:32,41.5,2481,69% (3492 MB free)
00:06:33,41.5,2722,69% (3506 MB free)
00:06:34,41.5,2718,68% (3555 MB free)
00:06:35,41.5,2568,68% (3547 MB free)
00:06:36,41.5,2566,68% (3540 MB free)
00:06:37,41.5,2393,68% (3538 MB free)
00:06:38,41.5,2569,68% (3536 MB free)
00:06:39,41.5,2558,68% (3532 MB free)
00:06:40,41.5,2628,68% (3531 MB free)
00:06:41,41.5,2642,68% (3528 MB free)
00:06:42,41.5,2898,68% (3523 MB free)
00:06:43,41.5,2616,68% (3521 MB free)
00:06:44,41.5,2579,69% (3505 MB free)
00:06:45,41.5,2838,69% (3510 MB free)
00:06:46,41.5,2826,69% (3505 MB free)
00:06:47,41.5,2451,69% (3504 MB free)
00:06:48,41.5,2419,69% (3503 MB free)
00:06:49,41.5,2500,69% (3502 MB free)
00:06:50,41.5,2260,69% (3500 MB free)
00:06:51,41.5,2734,69% (3498 MB free)
00:06:52,41.5,2641,69% (3515 MB free)
00:06:53,41.5,2599,69% (3514 MB free)
00:06:54,41.5,2598,69% (3512 MB free)
00:06:55,41.5,2548,69% (3511 MB free)
00:06:56,41.5,2623,69% (3511 MB free)
00:06:57,41.5,2696,69% (3506 MB free)
00:06:58,41.5,2891,69% (3506 MB free)
00:06:59,41.5,2921,69% (3505 MB free)
00:07:00,41.5,2887,69% (3504 MB free)
00:07:01,41.5,2862,69% (3504 MB free)
00:07:02,41.5,2915,69% (3503 MB free)
00:07:03,41.5,2861,69% (3503 MB free)
00:07:04,41.5,2895,69% (3502 MB free)
00:07:05,41.5,2900,69% (3502 MB free)
00:07:06,41.5,2891,69% (3502 MB free)
00:07:07,41.5,2957,69% (3497 MB free)
00:07:08,41.5,2615,69% (3495 MB free)
00:07:09,41.5,2588,69% (3495 MB free)
00:07:10,41.5,2693,69% (3493 MB free)
00:07:11,41.5,2656,69% (3492 MB free)
00:07:12,41.5,2654,69% (3488 MB free)
00:07:13,41.5,2675,69% (3488 MB free)
00:07:14,41.5,2666,69% (3487 MB free)
00:07:15,41.5,2465,69% (3486 MB free)
00:07:16,41.5,2544,69% (3473 MB free)
00:07:17,41.5,2796,69% (3477 MB free)
00:07:18,41.5,2849,69% (3477 MB free)
00:07:19,41.5,2402,69% (3475 MB free)
00:07:20,41.5,2451,69% (3473 MB free)
00:07:21,41.5,2356,69% (3470 MB free)
00:07:22,41.5,2391,69% (3517 MB free)
00:07:23,41.5,2385,69% (3511 MB free)
00:07:24,41.5,2399,69% (3508 MB free)
00:07:25,41.5,2453,69% (3506 MB free)
00:07:26,41.5,2477,69% (3505 MB free)
00:07:27,41.5,2336,69% (3501 MB free)
00:07:28,41.5,2430,69% (3500 MB free)
00:07:29,41.5,2402,69% (3501 MB free)
00:07:30,41.5,2351,69% (3499 MB free)
00:07:31,41.5,2459,69% (3498 MB free)
00:07:32,41.5,2495,69% (3497 MB free)
00:07:33,41.5,2503,69% (3492 MB free)
00:07:34,41.5,2856,69% (3489 MB free)
00:07:35,41.5,2712,69% (3489 MB free)
00:07:36,41.5,2591,69% (3489 MB free)
00:07:38,41.5,2551,69% (3487 MB free)
00:07:39,41.5,2511,69% (3484 MB free)
00:07:40,41.5,2492,69% (3483 MB free)
00:07:41,41.5,2527,69% (3482 MB free)
00:07:42,41.6,2560,69% (3476 MB free)
00:07:43,41.6,2466,69% (3469 MB free)
00:07:44,41.6,2603,69% (3466 MB free)
00:07:45,41.6,2820,69% (3466 MB free)
00:07:46,41.6,2849,69% (3464 MB free)
00:07:47,41.6,2790,68% (3526 MB free)
00:07:48,41.6,2746,69% (3518 MB free)
00:07:49,41.6,2664,69% (3507 MB free)
00:07:50,41.6,2639,69% (3470 MB free)
00:07:51,41.6,2199,69% (3482 MB free)
00:07:52,41.6,2271,69% (3465 MB free)
00:07:53,41.6,2335,69% (3439 MB free)
00:07:54,41.6,2389,70% (3364 MB free)
00:07:55,41.6,2543,70% (3355 MB free)
00:07:56,41.6,2452,70% (3324 MB free)
00:07:57,41.6,2495,70% (3319 MB free)
00:07:58,41.6,2547,70% (3305 MB free)
00:07:59,41.6,2643,70% (3296 MB free)
00:08:00,41.6,2574,71% (3289 MB free)
00:08:01,41.6,2538,71% (3291 MB free)
00:08:02,41.6,2601,70% (3294 MB free)
00:08:03,41.6,2619,71% (3293 MB free)
00:08:04,41.6,2634,70% (3294 MB free)
00:08:05,41.6,2640,71% (3292 MB free)
00:08:06,41.6,2616,70% (3296 MB free)
00:08:07,41.6,2618,71% (3286 MB free)
00:08:08,41.6,2374,71% (3280 MB free)
00:08:09,41.6,2616,71% (3264 MB free)
00:08:10,41.6,2469,71% (3252 MB free)
00:08:11,41.6,2592,71% (3241 MB free)
00:08:12,41.6,2560,71% (3232 MB free)
00:08:13,41.6,2594,71% (3224 MB free)
00:08:14,41.6,2615,71% (3213 MB free)
00:08:15,41.6,2592,71% (3239 MB free)
00:08:16,41.6,2550,71% (3224 MB free)
00:08:17,41.6,2565,71% (3218 MB free)
00:08:18,41.6,2585,71% (3214 MB free)
00:08:19,41.6,2584,71% (3228 MB free)
00:08:20,41.6,2589,71% (3225 MB free)
00:08:21,41.6,2588,71% (3213 MB free)
00:08:22,41.6,2411,71% (3200 MB free)
00:08:23,41.6,2602,71% (3198 MB free)
00:08:24,41.6,2589,71% (3196 MB free)
00:08:25,41.6,2455,71% (3214 MB free)
00:08:26,41.6,2526,71% (3209 MB free)
00:08:27,41.6,2585,71% (3205 MB free)
00:08:28,41.6,2599,71% (3206 MB free)
00:08:29,41.6,2599,71% (3204 MB free)
00:08:30,41.6,2604,71% (3217 MB free)
00:08:31,41.6,2600,71% (3204 MB free)
00:08:32,41.6,2593,71% (3200 MB free)
00:08:33,41.6,2597,71% (3199 MB free)
00:08:34,41.6,2602,71% (3199 MB free)
00:08:35,41.6,2591,71% (3198 MB free)
00:08:36,41.6,2605,71% (3207 MB free)
00:08:38,41.6,2561,71% (3202 MB free)
00:08:39,41.6,2614,71% (3192 MB free)
00:08:40,41.6,2599,71% (3189 MB free)
00:08:41,41.6,2608,71% (3189 MB free)
00:08:42,41.6,2611,72% (3177 MB free)
00:08:43,41.6,2593,72% (3174 MB free)
00:08:44,41.6,2607,72% (3170 MB free)
00:08:45,41.6,2607,72% (3170 MB free)
00:08:46,41.6,2618,72% (3167 MB free)
00:08:47,41.7,2614,72% (3164 MB free)
00:08:48,41.7,2438,71% (3185 MB free)
00:08:49,41.7,2588,71% (3191 MB free)
00:08:50,41.7,2603,71% (3184 MB free)
00:08:51,41.7,2602,71% (3183 MB free)
00:08:52,41.8,2602,71% (3182 MB free)
00:08:53,41.8,2560,72% (3179 MB free)
00:08:54,41.8,2622,72% (3177 MB free)
00:08:55,41.8,2618,72% (3175 MB free)
00:08:56,41.8,2596,72% (3175 MB free)
00:08:57,41.8,2601,72% (3172 MB free)
00:08:58,41.8,2605,72% (3171 MB free)
00:08:59,41.8,2618,72% (3170 MB free)
00:09:00,41.8,2563,71% (3184 MB free)
00:09:01,41.8,2540,72% (3176 MB free)
00:09:02,41.8,2582,72% (3173 MB free)
00:09:03,41.8,2403,72% (3170 MB free)
00:09:04,41.8,2503,72% (3166 MB free)
00:09:05,41.8,2533,72% (3165 MB free)
00:09:06,41.8,2522,72% (3164 MB free)
00:09:07,41.8,2534,72% (3158 MB free)
00:09:08,41.8,2494,72% (3150 MB free)
00:09:09,41.8,2499,72% (3173 MB free)
00:09:10,41.8,2568,72% (3177 MB free)
00:09:11,41.8,2573,72% (3175 MB free)
00:09:12,41.8,2581,72% (3173 MB free)
00:09:13,41.8,2568,72% (3172 MB free)
00:09:14,41.8,2557,72% (3168 MB free)
00:09:15,41.8,2573,72% (3168 MB free)
00:09:16,41.8,2545,72% (3168 MB free)
00:09:17,41.8,2572,72% (3167 MB free)
00:09:18,41.8,2561,72% (3166 MB free)
00:09:19,41.8,2581,72% (3162 MB free)
00:09:20,41.8,2600,72% (3162 MB free)
00:09:21,41.8,2591,72% (3162 MB free)
00:09:22,41.8,2591,72% (3161 MB free)
00:09:23,41.8,2591,72% (3159 MB free)
00:09:24,41.8,2579,72% (3158 MB free)
00:09:25,41.8,2578,72% (3154 MB free)
00:09:26,41.8,2558,72% (3152 MB free)
00:09:27,41.8,2577,72% (3151 MB free)
00:09:28,41.8,2580,72% (3151 MB free)
00:09:29,41.8,2593,72% (3163 MB free)
00:09:30,41.8,2604,72% (3163 MB free)
00:09:31,41.8,2604,72% (3173 MB free)
00:09:32,41.8,2592,70% (3391 MB free)
00:09:33,41.8,2405,70% (3391 MB free)
00:09:34,41.8,2652,70% (3330 MB free)
00:09:35,41.8,2342,70% (3294 MB free)
00:09:36,41.8,2450,71% (3245 MB free)
00:09:37,41.8,2418,71% (3187 MB free)
00:09:38,41.8,2198,71% (3195 MB free)
00:09:40,41.8,2472,72% (3143 MB free)
00:09:41,41.8,2568,72% (3109 MB free)
00:09:42,41.8,2373,72% (3106 MB free)
00:09:43,41.8,2518,73% (3054 MB free)
00:09:44,41.8,2433,73% (3047 MB free)
00:09:45,41.8,2568,73% (2959 MB free)
00:09:46,41.8,2385,74% (2942 MB free)
00:09:47,41.8,2518,74% (2918 MB free)
00:09:48,41.8,2545,74% (2913 MB free)
00:09:49,41.8,2555,74% (2900 MB free)
00:09:50,41.8,2579,74% (2905 MB free)
00:09:51,41.8,2583,74% (2901 MB free)
00:09:52,41.8,2421,75% (2824 MB free)
00:09:53,41.8,2517,75% (2824 MB free)
00:09:54,41.8,2516,75% (2818 MB free)
00:09:55,41.7,2475,75% (2808 MB free)
00:09:56,41.7,2522,75% (2798 MB free)
00:09:57,41.8,2310,75% (2790 MB free)
00:09:58,41.8,2581,75% (2790 MB free)
00:09:59,41.8,2573,75% (2792 MB free)
00:10:00,41.8,2505,75% (2789 MB free)
00:10:01,41.8,2589,75% (2789 MB free)
00:10:02,41.8,2578,75% (2785 MB free)
00:10:03,41.8,2564,75% (2775 MB free)
00:10:04,41.8,2540,75% (2782 MB free)
00:10:05,41.8,2498,75% (2770 MB free)
00:10:06,41.8,2491,75% (2776 MB free)
00:10:07,41.8,2603,75% (2776 MB free)
00:10:08,41.8,2613,75% (2771 MB free)
00:10:09,41.8,2562,75% (2764 MB free)
00:10:10,41.8,2591,75% (2769 MB free)
00:10:11,41.8,2589,75% (2768 MB free)
00:10:12,41.8,2610,75% (2755 MB free)
00:10:13,41.8,2609,75% (2774 MB free)
00:10:14,41.8,2610,75% (2760 MB free)
00:10:15,41.8,2605,75% (2758 MB free)
00:10:16,41.8,2607,75% (2753 MB free)
00:10:17,41.8,2629,73% (2987 MB free)
00:10:18,41.8,2499,73% (2984 MB free)
00:10:19,41.8,2654,73% (2993 MB free)
00:10:20,41.8,2550,73% (2992 MB free)
00:10:21,41.8,2674,73% (3014 MB free)
00:10:22,41.8,2642,73% (3012 MB free)
00:10:23,41.8,2855,73% (3021 MB free)
00:10:25,41.8,2739,73% (3021 MB free)
00:10:26,41.8,2748,73% (3016 MB free)
00:10:27,41.8,2960,73% (3016 MB free)
00:10:28,41.8,2855,72% (3071 MB free)
00:10:29,41.8,2859,72% (3075 MB free)
00:10:30,41.8,2940,72% (3074 MB free)
00:10:31,41.8,2908,72% (3072 MB free)
00:10:32,41.8,2929,72% (3071 MB free)
00:10:33,41.8,2957,72% (3071 MB free)
00:10:34,41.8,2892,72% (3082 MB free)
00:10:35,41.8,2916,72% (3081 MB free)
00:10:36,41.8,2841,72% (3079 MB free)
00:10:37,41.8,2782,72% (3077 MB free)
00:10:38,41.8,2880,72% (3077 MB free)
00:10:39,41.8,2855,72% (3076 MB free)
00:10:40,41.8,2921,72% (3075 MB free)
00:10:41,41.8,2864,72% (3091 MB free)
00:10:42,41.8,2677,72% (3090 MB free)
00:10:43,41.8,2562,72% (3087 MB free)
00:10:44,41.8,2555,72% (3085 MB free)
00:10:45,41.8,2707,72% (3081 MB free)
00:10:46,41.8,2640,72% (3080 MB free)
00:10:47,41.8,2875,72% (3080 MB free)
00:10:48,41.8,2927,72% (3078 MB free)
00:10:49,41.8,2788,72% (3083 MB free)
00:10:50,41.8,2878,72% (3083 MB free)
00:10:51,41.8,2504,72% (3082 MB free)
00:10:52,41.8,2569,72% (3106 MB free)
00:10:53,41.8,2583,72% (3105 MB free)
00:10:54,41.6,2892,72% (3103 MB free)
00:10:55,41.6,2823,72% (3116 MB free)
00:10:56,41.6,2851,72% (3113 MB free)
00:10:57,41.6,2889,72% (3113 MB free)
00:10:58,41.6,2855,72% (3118 MB free)
00:10:59,41.6,2819,72% (3116 MB free)
00:11:00,41.6,2843,72% (3115 MB free)
00:11:01,41.6,2479,72% (3119 MB free)
00:11:02,41.6,2569,72% (3108 MB free)
00:11:03,41.6,2545,72% (3105 MB free)
00:11:04,41.6,2579,72% (3099 MB free)
00:11:05,41.6,2550,72% (3087 MB free)
00:11:06,41.6,2422,72% (3077 MB free)
00:11:07,41.6,2423,72% (3083 MB free)
00:11:08,41.6,2732,72% (3081 MB free)
00:11:09,41.6,2787,72% (3081 MB free)
00:11:10,41.6,2801,72% (3081 MB free)
00:11:11,41.6,2814,72% (3080 MB free)
00:11:12,41.6,2752,72% (3079 MB free)
00:11:13,41.6,2818,72% (3084 MB free)
00:11:14,41.6,2844,72% (3083 MB free)
00:11:15,41.6,2848,72% (3084 MB free)
00:11:16,41.6,2832,72% (3083 MB free)
00:11:17,41.6,2805,72% (3082 MB free)
00:11:18,41.6,2843,72% (3083 MB free)
00:11:19,41.6,2831,72% (3082 MB free)
00:11:20,41.6,2977,72% (3082 MB free)
00:11:21,41.6,2797,72% (3081 MB free)
00:11:22,41.6,2822,72% (3092 MB free)
00:11:23,41.6,2498,72% (3091 MB free)
00:11:24,41.6,2550,72% (3089 MB free)
00:11:25,41.6,2616,72% (3084 MB free)
00:11:26,41.6,2617,72% (3081 MB free)
00:11:27,41.6,2637,72% (3080 MB free)
00:11:28,41.6,2618,72% (3080 MB free)
00:11:29,41.6,2678,72% (3078 MB free)
00:11:30,41.6,2687,72% (3078 MB free)
00:11:31,41.6,2601,72% (3075 MB free)
00:11:32,41.6,2592,72% (3074 MB free)
00:11:33,41.6,2660,72% (3074 MB free)
00:11:34,41.6,2683,72% (3072 MB free)
00:11:35,41.6,2689,72% (3070 MB free)
00:11:37,41.6,2803,72% (3069 MB free)
00:11:38,41.6,2921,72% (3073 MB free)
00:11:39,41.6,2680,72% (3071 MB free)
00:11:40,41.6,2641,72% (3071 MB free)
00:11:41,41.6,2671,72% (3070 MB free)
00:11:42,41.6,2579,72% (3069 MB free)
00:11:43,41.6,2659,72% (3069 MB free)
00:11:44,41.6,2674,72% (3072 MB free)
00:11:45,41.6,2720,72% (3071 MB free)
00:11:46,41.6,2749,72% (3070 MB free)
00:11:47,41.6,2810,72% (3068 MB free)
00:11:48,41.4,2723,72% (3081 MB free)
00:11:49,41.4,2689,72% (3078 MB free)
00:11:50,41.4,2679,73% (3050 MB free)
00:11:51,41.4,2432,73% (3044 MB free)
00:11:52,41.4,2721,73% (3042 MB free)
00:11:53,41.4,2903,73% (3041 MB free)
00:11:54,41.4,2825,73% (3039 MB free)
00:11:55,41.5,2917,73% (3038 MB free)
00:11:56,41.5,2791,73% (3034 MB free)
00:11:57,41.5,2832,73% (3034 MB free)
00:11:58,41.5,2837,73% (3032 MB free)
00:11:59,41.5,2898,73% (3037 MB free)
00:12:00,41.5,2890,73% (3033 MB free)
00:12:01,41.5,2930,73% (3032 MB free)
00:12:02,41.5,2761,73% (3028 MB free)
00:12:03,41.5,2871,73% (3025 MB free)
00:12:04,41.5,2819,73% (3022 MB free)
00:12:05,41.5,2870,73% (3022 MB free)
00:12:06,41.5,2931,73% (3021 MB free)
00:12:07,41.3,2912,73% (3020 MB free)
00:12:08,41.3,2849,73% (3023 MB free)
00:12:09,41.3,2656,73% (3022 MB free)
00:12:10,41.3,2752,73% (3021 MB free)
00:12:11,41.3,2736,73% (3023 MB free)
00:12:12,41.3,2889,73% (3021 MB free)
00:12:13,41.3,2667,73% (3020 MB free)
00:12:14,41.3,2750,73% (3020 MB free)
00:12:15,41.3,2717,73% (3003 MB free)
00:12:16,41.2,2557,73% (2999 MB free)
00:12:17,41.2,2528,73% (2999 MB free)
00:12:18,41.2,2663,73% (2998 MB free)
00:12:19,41.2,2700,73% (2997 MB free)
00:12:20,41.2,2711,73% (3022 MB free)
00:12:21,41.2,2744,73% (3007 MB free)
00:12:22,41.2,2693,73% (3003 MB free)
00:12:23,41.2,2710,73% (2998 MB free)
00:12:24,41.2,2720,73% (2998 MB free)
00:12:25,41.2,2671,73% (2995 MB free)
00:12:26,41.2,2700,73% (2990 MB free)
00:12:27,41.2,2552,73% (3001 MB free)
00:12:28,41.2,2724,73% (2997 MB free)
00:12:29,41.2,2698,73% (2994 MB free)
00:12:30,41.2,2773,73% (2994 MB free)
00:12:31,41.2,2692,73% (2994 MB free)
00:12:32,41.2,2690,73% (2994 MB free)
00:12:33,41.2,2686,73% (2994 MB free)
00:12:34,41.2,2710,73% (2992 MB free)
00:12:35,41.2,2726,73% (2991 MB free)
00:12:36,41.2,2712,73% (2991 MB free)
00:12:37,41.2,2680,73% (2991 MB free)
00:12:38,41.2,2746,73% (2990 MB free)
00:12:39,41.2,2765,73% (2989 MB free)
00:12:40,41.2,2689,73% (2989 MB free)
00:12:41,41.2,2723,73% (2988 MB free)
00:12:42,41.2,2622,73% (2987 MB free)
00:12:43,41.2,2669,73% (2987 MB free)
00:12:44,41.2,2716,73% (2987 MB free)
00:12:45,41.2,2752,73% (2987 MB free)
00:12:46,41.2,2784,73% (2987 MB free)
00:12:47,41.2,2726,73% (2986 MB free)
00:12:48,41.2,2744,73% (2986 MB free)
00:12:49,41.2,2710,73% (2986 MB free)
00:12:51,41.2,2721,73% (2984 MB free)
00:12:52,41.2,2773,73% (2983 MB free)
00:12:53,41.2,2610,73% (2981 MB free)
00:12:54,41.2,2714,73% (2980 MB free)
00:12:55,41.1,2607,73% (2977 MB free)
00:12:56,41.1,2668,73% (2977 MB free)
00:12:57,41.1,2693,73% (2976 MB free)
00:12:58,41.1,2708,73% (2974 MB free)
00:12:59,41.1,2771,73% (2973 MB free)
00:13:00,41.1,2784,73% (2973 MB free)
00:13:01,41.1,2683,73% (2966 MB free)
00:13:02,41.1,2744,73% (2999 MB free)
00:13:03,41.1,2623,73% (2998 MB free)
00:13:04,41.1,2708,73% (2997 MB free)
00:13:05,41.1,2772,73% (2995 MB free)
00:13:06,41.1,2678,73% (2992 MB free)
00:13:07,41.1,2711,73% (2991 MB free)
00:13:08,41.1,2433,73% (2990 MB free)
00:13:09,41.1,2691,73% (2989 MB free)
00:13:10,41.1,2648,73% (2992 MB free)
00:13:11,41.1,2587,72% (3092 MB free)
00:13:12,41.1,2346,72% (3092 MB free)
00:13:13,40.9,2685,72% (3086 MB free)
00:13:14,40.9,2572,72% (3080 MB free)
00:13:15,40.9,2625,72% (3077 MB free)
00:13:16,40.9,2697,72% (3067 MB free)
00:13:17,40.9,2535,73% (3065 MB free)
00:13:18,41.1,2720,73% (3064 MB free)
00:13:19,41.1,2628,73% (3064 MB free)
00:13:20,41.1,2796,72% (3118 MB free)
00:13:21,41.1,2596,72% (3118 MB free)
00:13:22,41.1,2675,72% (3118 MB free)
00:13:23,41.1,2718,72% (3119 MB free)
00:13:24,41.1,2754,72% (3119 MB free)
00:13:25,41.1,2727,72% (3116 MB free)
00:13:26,41.1,2695,72% (3114 MB free)
00:13:27,41.1,2732,72% (3113 MB free)
00:13:28,41.1,2689,72% (3113 MB free)
00:13:29,41.1,2771,72% (3111 MB free)
00:13:30,41.1,2603,72% (3111 MB free)
00:13:31,41.1,2704,72% (3110 MB free)
00:13:32,41.1,2693,72% (3110 MB free)
00:13:33,40.9,2786,72% (3110 MB free)
00:13:34,40.9,2742,72% (3110 MB free)
00:13:35,40.9,2710,72% (3109 MB free)
00:13:36,40.9,2714,72% (3107 MB free)
00:13:37,40.9,2804,72% (3107 MB free)
00:13:38,40.9,2728,72% (3107 MB free)
00:13:39,40.9,2759,72% (3104 MB free)
00:13:40,40.9,2630,72% (3102 MB free)
00:13:41,40.9,2689,72% (3100 MB free)
00:13:42,40.9,2732,72% (3099 MB free)
00:13:43,40.9,2676,72% (3098 MB free)
00:13:44,40.9,2682,72% (3096 MB free)
00:13:45,40.9,2725,72% (3095 MB free)
00:13:46,40.9,2776,72% (3094 MB free)
00:13:47,40.9,2732,72% (3093 MB free)
00:13:48,40.9,2581,72% (3092 MB free)
00:13:49,40.9,2716,72% (3092 MB free)
00:13:50,40.9,2742,72% (3090 MB free)
00:13:51,40.9,2720,72% (3089 MB free)
00:13:52,40.9,2735,72% (3089 MB free)
00:13:53,40.9,2674,72% (3088 MB free)
00:13:54,40.9,2778,72% (3085 MB free)
00:13:55,40.9,2785,72% (3085 MB free)
00:13:56,40.9,2678,72% (3084 MB free)
00:13:57,40.9,2720,72% (3084 MB free)
00:13:58,40.9,2644,72% (3082 MB free)
00:13:59,40.9,2677,72% (3082 MB free)
00:14:00,40.9,2685,72% (3081 MB free)
00:14:01,40.9,2696,72% (3081 MB free)
00:14:02,40.9,2625,72% (3080 MB free)
00:14:03,40.9,2767,71% (3215 MB free)
00:14:04,40.9,2664,71% (3210 MB free)
00:14:06,40.9,2636,71% (3198 MB free)
00:14:07,40.9,2721,71% (3196 MB free)
00:14:08,40.9,2692,71% (3184 MB free)
00:14:09,40.9,2749,72% (3179 MB free)
00:14:10,40.9,2716,72% (3178 MB free)
00:14:11,40.9,2751,72% (3172 MB free)
00:14:12,40.9,2825,72% (3170 MB free)
00:14:13,40.9,2695,72% (3170 MB free)
00:14:14,40.9,2705,72% (3169 MB free)
00:14:15,40.9,2765,72% (3168 MB free)
00:14:16,40.9,2782,72% (3168 MB free)
00:14:17,40.9,2763,72% (3167 MB free)
00:14:18,40.7,2731,72% (3169 MB free)
00:14:19,40.7,2703,71% (3180 MB free)
00:14:20,40.7,2710,72% (3179 MB free)
00:14:21,40.7,2754,72% (3178 MB free)
00:14:22,40.7,2698,72% (3178 MB free)
00:14:23,40.7,2747,72% (3178 MB free)
00:14:24,40.7,2697,72% (3177 MB free)
00:14:25,40.7,2774,72% (3176 MB free)
00:14:26,40.7,2696,72% (3175 MB free)
00:14:27,40.7,2803,72% (3174 MB free)
00:14:28,40.7,2754,72% (3172 MB free)
00:14:29,40.7,2807,72% (3172 MB free)
00:14:30,40.7,2738,72% (3171 MB free)
00:14:31,40.7,2762,72% (3171 MB free)
00:14:32,40.7,2694,72% (3170 MB free)
00:14:33,40.7,2738,72% (3169 MB free)
00:14:34,40.7,2652,72% (3169 MB free)
00:14:35,40.7,2678,72% (3168 MB free)
00:14:36,40.7,2730,71% (3218 MB free)
00:14:37,40.7,2638,71% (3211 MB free)
00:14:38,40.7,2761,71% (3209 MB free)
00:14:39,40.7,2696,71% (3204 MB free)
00:14:40,40.7,2684,71% (3200 MB free)
00:14:41,40.7,2661,71% (3199 MB free)
00:14:42,40.7,2773,71% (3206 MB free)
00:14:43,40.7,2758,71% (3204 MB free)
00:14:44,40.7,2787,71% (3203 MB free)
00:14:45,40.7,2705,71% (3200 MB free)
00:14:46,40.7,2743,71% (3198 MB free)
00:14:47,40.7,2740,71% (3196 MB free)
00:14:48,40.7,2716,71% (3193 MB free)
00:14:49,40.7,2649,71% (3191 MB free)
00:14:50,40.7,2700,71% (3190 MB free)
00:14:51,40.7,2719,71% (3188 MB free)
00:14:52,40.7,2737,71% (3187 MB free)
00:14:53,40.7,2721,71% (3186 MB free)
00:14:54,40.7,2716,71% (3185 MB free)
00:14:55,40.7,2741,71% (3185 MB free)
00:14:56,40.7,2714,71% (3184 MB free)
00:14:57,40.7,2695,71% (3183 MB free)
00:14:58,40.7,2760,71% (3182 MB free)
00:14:59,40.7,2707,71% (3181 MB free)
00:15:00,40.7,2734,72% (3178 MB free)
00:15:01,40.7,2720,72% (3178 MB free)
00:15:02,40.7,2656,72% (3177 MB free)
00:15:03,40.7,2689,72% (3177 MB free)
00:15:04,40.7,2744,72% (3168 MB free)
00:15:05,40.7,2702,72% (3168 MB free)
00:15:06,40.7,2661,72% (3167 MB free)
00:15:07,40.7,2727,72% (3173 MB free)
00:15:08,40.7,2570,72% (3172 MB free)
00:15:09,40.7,2765,72% (3172 MB free)
00:15:10,40.7,2710,72% (3172 MB free)
00:15:11,40.7,2753,72% (3170 MB free)
00:15:12,40.7,2758,72% (3165 MB free)
00:15:13,40.7,2724,72% (3164 MB free)
00:15:14,40.7,2770,72% (3164 MB free)
00:15:15,40.7,2795,72% (3163 MB free)
00:15:16,40.7,2771,72% (3163 MB free)
00:15:17,40.7,2680,72% (3163 MB free)
00:15:18,40.7,2767,72% (3162 MB free)
00:15:19,40.7,2786,72% (3161 MB free)
00:15:20,40.7,2784,72% (3161 MB free)
00:15:22,40.7,2822,72% (3160 MB free)
00:15:23,40.7,2693,72% (3160 MB free)
00:15:24,40.6,2788,72% (3159 MB free)
00:15:25,40.6,2761,72% (3158 MB free)
00:15:26,40.6,2774,72% (3156 MB free)
00:15:27,40.6,2803,72% (3156 MB free)
00:15:28,40.6,2748,72% (3156 MB free)
00:15:29,40.6,2785,71% (3264 MB free)
00:15:30,40.6,2199,71% (3253 MB free)
00:15:31,40.6,2608,71% (3248 MB free)
00:15:32,40.6,2600,71% (3241 MB free)
00:15:33,40.6,2562,71% (3236 MB free)
00:15:34,40.6,2670,70% (3298 MB free)
00:15:35,40.6,2455,71% (3292 MB free)
00:15:36,40.6,2667,71% (3289 MB free)
00:15:37,40.6,2678,71% (3278 MB free)
00:15:38,40.6,2623,71% (3258 MB free)
00:15:39,40.6,2498,71% (3253 MB free)
00:15:40,40.6,2608,71% (3252 MB free)
00:15:41,40.6,2739,71% (3252 MB free)
00:15:42,40.6,2758,71% (3253 MB free)
00:15:43,40.6,2737,71% (3250 MB free)
00:15:44,40.6,2675,71% (3251 MB free)
00:15:45,40.6,2696,71% (3251 MB free)
00:15:46,40.6,2612,71% (3250 MB free)
00:15:47,40.6,2658,71% (3266 MB free)
00:15:48,40.6,2622,71% (3265 MB free)
00:15:49,40.6,2667,71% (3265 MB free)
00:15:50,40.6,2669,71% (3265 MB free)
00:15:51,40.6,2706,71% (3264 MB free)
00:15:52,40.6,2720,71% (3264 MB free)
00:15:53,40.6,2715,71% (3271 MB free)
00:15:54,40.5,2697,71% (3270 MB free)
00:15:55,40.5,2693,71% (3269 MB free)
00:15:56,40.5,2747,71% (3268 MB free)
00:15:57,40.5,2785,71% (3268 MB free)
00:15:58,40.5,2715,71% (3266 MB free)
00:15:59,40.5,2663,70% (3325 MB free)
00:16:00,40.5,2621,70% (3316 MB free)
00:16:01,40.5,2674,70% (3314 MB free)
00:16:02,40.5,2745,70% (3313 MB free)
00:16:03,40.5,2696,70% (3310 MB free)
00:16:04,40.5,2664,70% (3310 MB free)
00:16:05,40.5,2694,70% (3310 MB free)
00:16:06,40.5,2740,70% (3309 MB free)
00:16:07,40.5,2695,70% (3309 MB free)
00:16:08,40.5,2731,70% (3306 MB free)
00:16:09,40.5,2752,70% (3305 MB free)
00:16:10,40.5,2615,70% (3305 MB free)
00:16:11,40.5,2742,70% (3301 MB free)
00:16:12,40.5,2714,70% (3301 MB free)
00:16:13,40.5,2773,70% (3300 MB free)
00:16:14,40.5,2683,70% (3300 MB free)
00:16:15,40.5,2781,70% (3298 MB free)
00:16:16,40.5,2743,70% (3298 MB free)
00:16:17,40.5,2764,70% (3297 MB free)
00:16:18,40.5,2755,70% (3296 MB free)
00:16:19,40.5,2697,70% (3296 MB free)
00:16:20,40.5,2666,70% (3295 MB free)
00:16:21,40.5,2672,70% (3295 MB free)
00:16:22,40.5,2687,70% (3294 MB free)
00:16:23,40.5,2751,70% (3294 MB free)
00:16:24,40.5,2747,71% (3293 MB free)
00:16:25,40.5,2786,71% (3290 MB free)
00:16:26,40.5,2736,71% (3290 MB free)
00:16:27,40.5,2809,71% (3288 MB free)
00:16:28,40.5,2714,70% (3305 MB free)
00:16:30,40.5,2747,70% (3302 MB free)
00:16:31,40.5,2682,70% (3300 MB free)
00:16:32,40.5,2695,70% (3298 MB free)
00:16:33,40.5,2640,70% (3294 MB free)
00:16:34,40.5,2652,71% (3293 MB free)
00:16:35,40.5,2719,71% (3292 MB free)
00:16:36,40.5,2770,71% (3291 MB free)
00:16:37,40.5,2636,71% (3280 MB free)
00:16:38,40.5,2660,71% (3280 MB free)
00:16:39,40.5,2730,71% (3275 MB free)
00:16:40,40.5,2726,71% (3272 MB free)
00:16:41,40.5,2688,71% (3275 MB free)
00:16:42,40.5,2750,71% (3275 MB free)
00:16:43,40.5,2712,71% (3275 MB free)
00:16:44,40.5,2713,71% (3275 MB free)
00:16:45,40.5,2676,71% (3275 MB free)
00:16:46,40.5,2702,71% (3276 MB free)
00:16:47,40.5,2683,71% (3276 MB free)
00:16:48,40.5,2712,71% (3275 MB free)
00:16:49,40.5,2731,71% (3275 MB free)
00:16:50,40.5,2774,71% (3275 MB free)
00:16:51,40.5,2737,71% (3274 MB free)
00:16:52,40.5,2774,71% (3274 MB free)
00:16:53,40.5,2724,71% (3273 MB free)
00:16:54,40.5,2743,71% (3272 MB free)
00:16:55,40.4,2653,71% (3271 MB free)
00:16:56,40.4,2721,71% (3270 MB free)
00:16:57,40.4,2737,71% (3269 MB free)
00:16:58,40.4,2718,71% (3269 MB free)
00:16:59,40.4,2683,71% (3269 MB free)
00:17:00,40.4,2799,71% (3268 MB free)
00:17:01,40.4,2710,71% (3268 MB free)
00:17:02,40.4,2727,71% (3267 MB free)
00:17:03,40.4,2695,71% (3267 MB free)
00:17:04,40.4,2713,71% (3266 MB free)
00:17:05,40.4,2695,71% (3266 MB free)
00:17:06,40.4,2663,71% (3265 MB free)
00:17:07,40.4,2631,71% (3265 MB free)
00:17:08,40.4,2687,71% (3264 MB free)
00:17:09,40.4,2680,71% (3264 MB free)
00:17:10,40.4,2704,71% (3263 MB free)
00:17:11,40.4,2702,71% (3263 MB free)
00:17:12,40.4,2641,71% (3263 MB free)
00:17:13,40.4,2688,71% (3262 MB free)
00:17:14,40.4,2712,71% (3262 MB free)
00:17:15,40.4,2680,71% (3262 MB free)
00:17:16,40.4,2698,71% (3259 MB free)
00:17:17,40.4,2614,71% (3258 MB free)
00:17:18,40.4,2740,71% (3258 MB free)
00:17:19,40.4,2771,71% (3258 MB free)
00:17:20,40.4,2757,71% (3257 MB free)
00:17:21,40.4,2813,71% (3257 MB free)
00:17:22,40.4,2759,71% (3257 MB free)
00:17:23,40.4,2719,71% (3257 MB free)
00:17:24,40.4,2677,71% (3256 MB free)
00:17:25,40.4,2729,71% (3256 MB free)
00:17:26,40.4,2693,71% (3254 MB free)
00:17:27,40.4,2721,71% (3254 MB free)
00:17:28,40.4,2740,71% (3250 MB free)
00:17:29,40.4,2693,71% (3251 MB free)
00:17:30,40.4,2791,71% (3251 MB free)
00:17:31,40.4,2691,71% (3251 MB free)
00:17:32,40.4,2745,71% (3250 MB free)
00:17:33,40.4,2738,71% (3249 MB free)
00:17:34,40.4,2672,71% (3248 MB free)
00:17:35,40.4,2761,71% (3248 MB free)
00:17:36,40.4,2664,70% (3313 MB free)
00:17:37,40.4,2664,70% (3364 MB free)
00:17:38,40.4,2732,70% (3363 MB free)
00:17:40,40.4,2717,70% (3363 MB free)
00:17:41,40.4,2696,70% (3360 MB free)
00:17:42,40.4,2777,70% (3359 MB free)
00:17:43,40.4,2745,70% (3358 MB free)
00:17:44,40.3,2673,70% (3353 MB free)
00:17:45,40.3,2677,70% (3352 MB free)
00:17:46,40.3,2795,70% (3351 MB free)
00:17:47,40.3,2777,70% (3348 MB free)
00:17:48,40.3,2806,70% (3347 MB free)
00:17:49,40.3,2743,70% (3347 MB free)
00:17:50,40.3,2687,70% (3346 MB free)
00:17:51,40.3,2729,70% (3345 MB free)
00:17:52,40.3,2698,70% (3343 MB free)
00:17:53,40.3,2677,70% (3343 MB free)
00:17:54,40.3,2707,70% (3342 MB free)
00:17:55,40.3,2746,70% (3341 MB free)
00:17:56,40.3,2585,70% (3340 MB free)
00:17:57,40.3,2720,70% (3339 MB free)
00:17:58,40.3,2738,70% (3337 MB free)
00:17:59,40.3,2667,70% (3337 MB free)
00:18:00,40.3,2687,70% (3336 MB free)
00:18:01,40.3,2724,70% (3331 MB free)
00:18:02,40.3,2681,70% (3320 MB free)
00:18:03,40.3,2765,70% (3319 MB free)
00:18:04,40.3,2727,70% (3319 MB free)
00:18:05,40.3,2711,70% (3319 MB free)
00:18:06,40.3,2696,70% (3318 MB free)
00:18:07,40.3,2664,70% (3317 MB free)
00:18:08,40.3,2740,70% (3316 MB free)
00:18:09,40.3,2722,70% (3315 MB free)
00:18:10,40.3,2701,70% (3315 MB free)
00:18:11,40.3,2807,70% (3315 MB free)
00:18:12,40.3,2732,70% (3314 MB free)
00:18:13,40.3,2712,70% (3314 MB free)
00:18:14,40.3,2675,70% (3313 MB free)
00:18:15,40.3,2755,70% (3312 MB free)
00:18:16,40.3,2724,70% (3312 MB free)
00:18:17,40.3,2720,70% (3311 MB free)
00:18:18,40.3,2720,70% (3311 MB free)
00:18:19,40.3,2657,70% (3330 MB free)
00:18:20,40.3,2717,70% (3329 MB free)
00:18:21,40.3,2662,70% (3328 MB free)
00:18:22,40.3,2701,70% (3327 MB free)
00:18:23,40.3,2774,70% (3327 MB free)
00:18:24,40.3,2719,70% (3327 MB free)
00:18:25,40.3,2761,70% (3324 MB free)
00:18:26,40.3,2795,70% (3323 MB free)
00:18:27,40.3,2773,70% (3322 MB free)
00:18:28,40.3,2756,70% (3322 MB free)
00:18:29,40.3,2682,70% (3322 MB free)
00:18:30,40.3,2713,70% (3321 MB free)
00:18:31,40.3,2710,70% (3321 MB free)
00:18:32,40.3,2795,70% (3320 MB free)
00:18:33,40.3,2798,70% (3320 MB free)
00:18:34,40.3,2689,70% (3321 MB free)
00:18:35,40.3,2712,70% (3330 MB free)
00:18:36,40.3,2711,70% (3327 MB free)
00:18:37,40.3,2679,70% (3327 MB free)
00:18:38,40.3,2609,70% (3326 MB free)
00:18:39,40.3,2714,70% (3325 MB free)
00:18:40,40.3,2798,70% (3324 MB free)
00:18:41,40.3,2731,70% (3318 MB free)
00:18:42,40.3,2609,70% (3317 MB free)
00:18:43,40.3,2726,70% (3317 MB free)
00:18:44,40.3,2693,70% (3316 MB free)
00:18:45,40.3,2659,70% (3316 MB free)
00:18:46,40.3,2755,70% (3316 MB free)
00:18:47,40.3,2754,70% (3314 MB free)
00:18:48,40.3,2693,70% (3313 MB free)
00:18:49,40.3,2714,70% (3313 MB free)
00:18:50,40.3,2709,70% (3313 MB free)
00:18:51,40.3,2771,70% (3313 MB free)
00:18:52,40.3,2734,70% (3312 MB free)
00:18:53,40.3,2733,70% (3312 MB free)
00:18:55,40.2,2677,70% (3312 MB free)
00:18:56,40.2,2677,70% (3311 MB free)
00:18:57,40.2,2715,70% (3310 MB free)
00:18:58,40.2,2707,70% (3310 MB free)
00:18:59,40.2,2616,70% (3309 MB free)
00:19:00,40.2,2700,70% (3309 MB free)
00:19:01,40.2,2744,70% (3309 MB free)
00:19:02,40.2,2714,70% (3308 MB free)
00:19:03,40.2,2698,70% (3307 MB free)
00:19:04,40.2,2637,70% (3302 MB free)
00:19:05,40.2,2708,70% (3302 MB free)
00:19:06,40.2,2736,70% (3301 MB free)
00:19:07,40.2,2736,70% (3300 MB free)
00:19:08,40.2,2709,70% (3299 MB free)
00:19:09,40.2,2754,70% (3299 MB free)
00:19:10,40.2,2748,70% (3298 MB free)
00:19:11,40.2,2791,70% (3298 MB free)
00:19:12,40.2,2767,70% (3301 MB free)
00:19:13,40.2,2814,70% (3300 MB free)
00:19:14,40.2,2688,70% (3299 MB free)
00:19:15,40.2,2739,70% (3299 MB free)
00:19:16,40.2,2733,70% (3299 MB free)
00:19:17,40.2,2714,70% (3299 MB free)
00:19:18,40.2,2714,70% (3298 MB free)
00:19:19,40.2,2675,70% (3297 MB free)
00:19:20,40.2,2703,70% (3296 MB free)
00:19:21,40.2,2720,70% (3296 MB free)
00:19:22,40.2,2771,70% (3305 MB free)
00:19:23,40.2,2791,70% (3304 MB free)
00:19:24,40.2,2773,70% (3303 MB free)
00:19:25,40.2,2671,70% (3302 MB free)
00:19:26,40.2,2630,70% (3301 MB free)
00:19:27,40.2,2767,70% (3301 MB free)
00:19:28,40.2,2784,70% (3301 MB free)
00:19:29,40.2,2652,70% (3301 MB free)
00:19:30,40.2,2764,70% (3300 MB free)
00:19:31,40.2,2685,70% (3299 MB free)
00:19:32,40.2,2676,70% (3300 MB free)
00:19:33,40.2,2688,70% (3299 MB free)
00:19:34,40.2,2736,70% (3299 MB free)
00:19:35,40.2,2739,70% (3299 MB free)
00:19:36,40.2,2735,70% (3298 MB free)
00:19:37,40.2,2702,70% (3298 MB free)
00:19:38,40.2,2753,70% (3298 MB free)
00:19:39,40.2,2733,70% (3297 MB free)
00:19:40,40.2,2607,70% (3393 MB free)
00:19:41,40.2,2687,70% (3391 MB free)
00:19:42,40.2,2694,70% (3389 MB free)
00:19:43,40.2,2712,70% (3383 MB free)
00:19:44,40.2,2704,70% (3383 MB free)
00:19:45,40.2,2736,70% (3382 MB free)
00:19:46,40.2,2770,70% (3382 MB free)
00:19:47,40.2,2648,70% (3378 MB free)
00:19:48,40.2,2705,70% (3377 MB free)
00:19:49,40.2,2633,70% (3375 MB free)
00:19:50,40.2,2725,70% (3373 MB free)
00:19:51,40.2,2700,70% (3371 MB free)
00:19:52,40.2,2739,70% (3371 MB free)
00:19:53,40.2,2732,70% (3370 MB free)
00:19:54,40.2,2683,70% (3369 MB free)
00:19:55,40.2,2754,70% (3368 MB free)
00:19:56,40.2,2780,70% (3367 MB free)
00:19:57,40.2,2748,70% (3366 MB free)
00:19:59,40.2,2744,70% (3364 MB free)
00:20:00,40.2,2685,70% (3363 MB free)
00:20:01,40.2,2739,70% (3363 MB free)
00:20:02,40.2,2805,70% (3362 MB free)
00:20:03,40.2,2763,70% (3361 MB free)
00:20:04,40.2,2752,70% (3360 MB free)
00:20:05,40.2,2672,70% (3358 MB free)
00:20:06,40.2,2705,70% (3357 MB free)
00:20:07,40.2,2771,70% (3356 MB free)
00:20:08,40.2,2738,70% (3354 MB free)
00:20:09,40.2,2632,70% (3353 MB free)
00:20:10,40.2,2702,70% (3352 MB free)
00:20:11,40.2,2722,70% (3352 MB free)
00:20:12,40.2,2696,70% (3350 MB free)
00:20:13,40.2,2689,70% (3350 MB free)
00:20:14,40.2,2751,70% (3349 MB free)
00:20:15,40.2,2708,70% (3348 MB free)
00:20:16,40.2,2742,70% (3348 MB free)
00:20:17,40.2,2732,70% (3347 MB free)
00:20:18,40.2,2761,70% (3346 MB free)
00:20:19,40.2,2797,70% (3346 MB free)
00:20:20,40.2,2764,70% (3345 MB free)
00:20:21,40.2,2793,70% (3344 MB free)
00:20:22,40.2,2795,70% (3343 MB free)
00:20:23,40.2,2799,70% (3342 MB free)
00:20:24,40.2,2662,70% (3341 MB free)
00:20:25,40.2,2668,70% (3340 MB free)
00:20:26,40.2,2624,70% (3337 MB free)
00:20:27,40.2,2711,70% (3337 MB free)
00:20:28,40.2,2755,70% (3335 MB free)
00:20:29,40.2,2774,70% (3335 MB free)
00:20:30,40.2,2726,70% (3335 MB free)
00:20:31,40.2,2746,70% (3334 MB free)
00:20:32,40.2,2771,70% (3333 MB free)
00:20:33,40.2,2791,70% (3332 MB free)
00:20:34,40.2,2749,70% (3332 MB free)
00:20:35,40.2,2782,70% (3331 MB free)
00:20:36,40.2,2729,70% (3330 MB free)
00:20:37,40.2,2725,70% (3330 MB free)
00:20:38,40.2,2808,70% (3329 MB free)
00:20:39,40.2,2475,70% (3328 MB free)
00:20:40,40.2,2431,70% (3328 MB free)
00:20:41,40.2,2484,70% (3327 MB free)
00:20:42,40.2,2558,70% (3326 MB free)
00:20:43,40.2,2536,70% (3325 MB free)
00:20:44,40.2,2481,70% (3324 MB free)
00:20:45,40.2,2485,70% (3323 MB free)
00:20:46,40.2,2454,70% (3323 MB free)
00:20:47,40.2,2473,70% (3323 MB free)
00:20:48,40.1,2487,70% (3322 MB free)
00:20:49,40.1,2480,70% (3321 MB free)
00:20:50,40.1,2498,70% (3321 MB free)
00:20:51,40.1,2507,70% (3321 MB free)
00:20:52,40.1,2466,70% (3320 MB free)
00:20:53,40.1,2513,70% (3319 MB free)
00:20:54,40.1,2475,70% (3318 MB free)
00:20:55,40.1,2440,70% (3317 MB free)
00:20:56,40.1,2439,70% (3316 MB free)
00:20:57,40.1,2518,70% (3315 MB free)
00:20:58,40.1,2474,70% (3314 MB free)
00:20:59,40.1,2530,70% (3314 MB free)
00:21:00,40.1,2521,70% (3313 MB free)
00:21:01,40.1,2471,70% (3313 MB free)
00:21:02,40.1,2440,70% (3310 MB free)
00:21:03,40.1,2676,70% (3310 MB free)
00:21:04,40.1,2512,70% (3359 MB free)
00:21:05,40.1,2531,70% (3385 MB free)
00:21:06,40.1,2471,70% (3383 MB free)
00:21:07,40.1,2491,70% (3382 MB free)
00:21:08,40.1,2390,70% (3382 MB free)
00:21:10,40.1,2497,70% (3381 MB free)
00:21:11,40.1,2424,70% (3380 MB free)
00:21:12,40.1,2476,70% (3379 MB free)
00:21:13,40.1,2460,70% (3378 MB free)
00:21:14,40.1,2477,70% (3378 MB free)
00:21:15,40.1,2510,70% (3378 MB free)
00:21:16,40.1,2447,70% (3377 MB free)
00:21:17,40.1,2459,70% (3387 MB free)
00:21:18,40.1,2511,70% (3386 MB free)
00:21:19,40.1,2452,70% (3384 MB free)
00:21:20,40.1,2518,70% (3383 MB free)
00:21:21,40.1,2517,70% (3383 MB free)
00:21:22,40.1,2554,70% (3383 MB free)
00:21:23,40.1,2510,70% (3382 MB free)
00:21:24,40.1,2480,70% (3382 MB free)
00:21:25,40.1,2462,70% (3380 MB free)
00:21:26,40.1,2504,70% (3379 MB free)
00:21:27,40.1,2495,70% (3379 MB free)
00:21:28,40.1,2435,70% (3378 MB free)
00:21:29,40.1,2513,70% (3378 MB free)
00:21:30,40.1,2518,70% (3378 MB free)
00:21:31,40.1,2524,70% (3377 MB free)
00:21:32,40.1,2528,70% (3374 MB free)
00:21:33,40.1,2485,70% (3373 MB free)
00:21:34,40.1,2524,70% (3373 MB free)
00:21:35,40.1,2512,70% (3373 MB free)
00:21:36,40.1,2503,70% (3372 MB free)
00:21:37,40.1,2450,70% (3372 MB free)
00:21:38,40.1,2447,70% (3372 MB free)
00:21:39,40.1,2384,70% (3372 MB free)
00:21:40,40.1,2523,70% (3372 MB free)
00:21:41,40.1,2500,70% (3371 MB free)
00:21:42,40.1,2503,70% (3371 MB free)
00:21:43,40.1,2474,70% (3371 MB free)
00:21:44,40.1,2457,70% (3371 MB free)
00:21:45,40.1,2480,70% (3371 MB free)
00:21:46,40.1,2488,70% (3370 MB free)
00:21:47,40.1,2464,70% (3371 MB free)
00:21:48,40.1,2508,70% (3370 MB free)
00:21:49,40.1,2434,70% (3370 MB free)
00:21:50,40.1,2481,70% (3369 MB free)
00:21:51,40.1,2501,70% (3369 MB free)
00:21:52,40.1,2459,70% (3369 MB free)
00:21:53,40.1,2460,70% (3369 MB free)
00:21:54,40.4,2529,70% (3368 MB free)
00:21:55,40.4,2378,70% (3353 MB free)
00:21:56,40.4,2129,69% (3420 MB free)
00:21:57,40.4,2233,70% (3383 MB free)
00:21:58,40.4,2324,70% (3381 MB free)
00:21:59,40.4,2448,70% (3377 MB free)
00:22:00,40.4,2474,70% (3374 MB free)
00:22:01,40.4,2464,70% (3372 MB free)
00:22:02,40.4,2430,70% (3371 MB free)
00:22:03,40.4,2460,70% (3369 MB free)
00:22:04,40.4,2516,70% (3365 MB free)
00:22:05,40.4,2486,70% (3363 MB free)
00:22:06,40.4,2494,70% (3361 MB free)
00:22:07,40.4,2430,70% (3354 MB free)
00:22:08,40.4,2391,70% (3344 MB free)
00:22:09,40.4,2326,70% (3386 MB free)
00:22:10,40.4,2300,70% (3383 MB free)
00:22:11,40.4,2461,70% (3380 MB free)
00:22:12,40.4,2420,70% (3380 MB free)
00:22:13,40.4,2506,70% (3379 MB free)
00:22:14,40.4,2426,70% (3377 MB free)
00:22:15,40.4,2455,70% (3376 MB free)
00:22:16,40.4,2477,70% (3375 MB free)
00:22:17,40.4,2496,70% (3372 MB free)
00:22:19,40.4,2672,70% (3371 MB free)
00:22:20,40.4,2481,70% (3344 MB free)
00:22:21,40.4,2245,69% (3415 MB free)
00:22:22,40.4,2479,69% (3414 MB free)
00:22:23,40.4,2463,69% (3411 MB free)
00:22:24,40.4,2454,69% (3411 MB free)
00:22:25,40.4,2505,69% (3409 MB free)
00:22:26,40.4,2509,70% (3407 MB free)
00:22:27,40.4,2423,70% (3407 MB free)
00:22:28,40.4,2495,69% (3443 MB free)
00:22:29,40.4,2107,69% (3439 MB free)
00:22:30,40.4,2385,69% (3435 MB free)
00:22:31,40.4,2487,69% (3435 MB free)
00:22:32,40.4,2360,69% (3434 MB free)
00:22:33,40.4,2439,69% (3433 MB free)
00:22:34,40.4,2426,69% (3432 MB free)
00:22:35,40.4,2412,69% (3431 MB free)
00:22:36,40.4,2452,69% (3430 MB free)
00:22:37,40.4,2412,69% (3430 MB free)
00:22:38,40.4,2473,69% (3429 MB free)
00:22:39,40.4,2418,69% (3428 MB free)
00:22:40,40.4,2448,69% (3423 MB free)
00:22:41,40.4,2430,69% (3423 MB free)
00:22:42,40.4,2419,69% (3422 MB free)
00:22:43,40.4,2469,69% (3422 MB free)
00:22:44,40.4,2504,69% (3420 MB free)
00:22:45,40.4,2543,69% (3418 MB free)
00:22:46,40.4,2507,69% (3417 MB free)
00:22:47,40.4,2447,69% (3417 MB free)
00:22:48,40.4,2442,69% (3416 MB free)
00:22:49,40.4,2438,69% (3416 MB free)
00:22:50,40.4,2457,69% (3415 MB free)
00:22:51,40.4,2440,69% (3415 MB free)
00:22:52,40.4,2505,69% (3414 MB free)
00:22:53,40.4,2518,69% (3413 MB free)
00:22:54,40.6,2524,69% (3412 MB free)
00:22:55,40.6,2481,69% (3412 MB free)
00:22:56,40.6,2466,69% (3411 MB free)
00:22:57,40.6,2477,69% (3411 MB free)
00:22:58,40.6,2390,69% (3410 MB free)
00:22:59,40.6,2493,69% (3410 MB free)
00:23:00,40.6,2386,69% (3409 MB free)
00:23:01,40.6,2372,70% (3402 MB free)
00:23:02,40.6,2476,70% (3394 MB free)
00:23:03,40.6,2500,70% (3394 MB free)
00:23:04,40.6,2453,70% (3393 MB free)
00:23:05,40.6,2510,70% (3393 MB free)
00:23:06,40.6,2528,70% (3392 MB free)
00:23:07,40.6,2516,70% (3391 MB free)
00:23:08,40.6,2408,70% (3391 MB free)
00:23:09,40.6,2419,70% (3390 MB free)
00:23:10,40.7,2493,70% (3392 MB free)
00:23:11,40.7,2454,70% (3392 MB free)
00:23:12,40.7,2431,70% (3390 MB free)
00:23:13,40.7,2500,70% (3389 MB free)
00:23:14,40.7,2458,70% (3389 MB free)
00:23:15,40.7,2504,70% (3389 MB free)
00:23:16,40.7,2417,70% (3389 MB free)
00:23:17,40.7,2519,70% (3388 MB free)
00:23:18,40.7,2456,70% (3388 MB free)
00:23:19,40.7,2553,70% (3387 MB free)
00:23:20,40.7,2534,70% (3386 MB free)
00:23:21,40.7,2480,70% (3386 MB free)
00:23:22,40.7,2489,70% (3385 MB free)
00:23:23,40.7,2491,70% (3384 MB free)
00:23:24,40.7,2444,70% (3384 MB free)
00:23:26,40.7,2569,70% (3377 MB free)
00:23:27,40.7,2467,70% (3377 MB free)
00:23:28,40.7,2492,70% (3376 MB free)
00:23:29,40.7,2468,70% (3375 MB free)
00:23:30,40.7,2521,70% (3373 MB free)
00:23:31,40.7,2509,70% (3373 MB free)
00:23:32,40.7,2503,70% (3373 MB free)
00:23:33,40.7,2486,70% (3373 MB free)
00:23:34,40.7,2486,70% (3373 MB free)
00:23:35,40.7,2387,70% (3373 MB free)
00:23:36,40.7,2560,70% (3372 MB free)
00:23:37,40.7,2489,70% (3371 MB free)
00:23:38,40.7,2506,70% (3371 MB free)
00:23:39,40.7,2472,70% (3364 MB free)
00:23:40,40.7,2369,70% (3364 MB free)
00:23:41,40.7,2515,70% (3363 MB free)
00:23:42,40.7,2501,70% (3362 MB free)
00:23:43,40.7,2453,70% (3359 MB free)
00:23:44,40.7,2455,70% (3359 MB free)
00:23:45,40.7,2501,70% (3359 MB free)
00:23:46,40.7,2505,70% (3358 MB free)
00:23:47,40.7,2448,70% (3376 MB free)
00:23:48,40.7,2443,70% (3376 MB free)
00:23:49,40.7,2471,70% (3375 MB free)
00:23:50,40.7,2406,70% (3375 MB free)
00:23:51,40.7,2437,70% (3375 MB free)
00:23:52,40.7,2475,70% (3388 MB free)
00:23:53,40.7,2228,70% (3388 MB free)
00:23:54,40.8,2462,70% (3387 MB free)
00:23:55,40.8,2420,70% (3386 MB free)
00:23:56,40.8,2473,70% (3386 MB free)
00:23:57,40.8,2461,70% (3385 MB free)
00:23:58,40.8,2518,70% (3385 MB free)
00:23:59,40.8,2499,70% (3388 MB free)
00:24:00,40.8,2477,70% (3386 MB free)
00:24:01,40.8,2488,70% (3386 MB free)
00:24:02,40.8,2505,70% (3385 MB free)
00:24:03,40.8,2525,70% (3385 MB free)
00:24:04,40.8,2494,70% (3385 MB free)
00:24:05,40.8,2445,70% (3383 MB free)
00:24:06,40.8,2421,70% (3383 MB free)
00:24:07,40.8,2441,70% (3379 MB free)
00:24:08,40.8,2407,70% (3378 MB free)
00:24:09,40.8,2464,70% (3378 MB free)
00:24:10,40.8,2462,70% (3376 MB free)
00:24:11,40.8,2505,70% (3387 MB free)
00:24:12,40.8,2555,70% (3382 MB free)
00:24:13,40.8,2419,70% (3382 MB free)
00:24:14,40.8,2490,70% (3381 MB free)
00:24:15,40.8,2403,70% (3381 MB free)
00:24:16,40.8,2503,70% (3380 MB free)
00:24:17,40.8,2527,70% (3380 MB free)
00:24:18,40.8,2618,70% (3379 MB free)
00:24:19,40.8,2540,70% (3379 MB free)
00:24:20,40.8,2436,70% (3378 MB free)
00:24:21,40.9,2470,70% (3389 MB free)
00:24:22,40.9,2551,70% (3388 MB free)
00:24:23,40.9,2510,70% (3388 MB free)
00:24:24,40.9,2395,70% (3387 MB free)
00:24:25,40.9,2422,70% (3385 MB free)
00:24:26,40.9,2443,70% (3385 MB free)
00:24:27,40.9,2422,70% (3385 MB free)
00:24:28,40.9,2439,70% (3384 MB free)
00:24:29,40.9,2521,70% (3384 MB free)
00:24:30,41.1,2645,70% (3383 MB free)
00:24:31,41.1,2483,70% (3383 MB free)
00:24:32,41.1,2493,70% (3382 MB free)
00:24:34,41.1,2454,70% (3381 MB free)
00:24:35,41.1,2537,70% (3380 MB free)
00:24:36,41.1,2453,70% (3379 MB free)
00:24:37,41.1,2458,70% (3387 MB free)
00:24:38,41.1,2462,70% (3385 MB free)
00:24:39,41.1,2543,70% (3382 MB free)
00:24:40,41.1,2476,70% (3375 MB free)
00:24:41,41.1,2271,70% (3375 MB free)
00:24:42,41.1,2384,70% (3374 MB free)
00:24:43,41.1,2552,70% (3374 MB free)
00:24:44,41.1,2517,70% (3374 MB free)
00:24:45,41.1,2455,70% (3374 MB free)
00:24:46,41.1,2399,70% (3373 MB free)
00:24:47,41.1,2452,70% (3373 MB free)
00:24:48,41.1,2392,70% (3372 MB free)
00:24:49,41.1,2464,70% (3370 MB free)
00:24:50,41.1,2375,70% (3369 MB free)
00:24:51,41.1,2383,70% (3369 MB free)
00:24:52,41.1,2516,70% (3368 MB free)
00:24:53,41.1,2484,70% (3368 MB free)
00:24:54,41.1,2502,70% (3368 MB free)
00:24:55,41.1,2523,70% (3367 MB free)
00:24:56,41.1,2367,70% (3366 MB free)
00:24:57,41.1,2474,69% (3444 MB free)
00:24:58,41.1,2531,69% (3435 MB free)
00:24:59,41.1,2427,69% (3433 MB free)
00:25:00,41.1,2461,69% (3432 MB free)
00:25:01,41.1,2382,69% (3430 MB free)
00:25:02,41.1,2442,69% (3429 MB free)
00:25:03,41.1,2505,69% (3429 MB free)
00:25:04,41.1,2452,69% (3428 MB free)
00:25:05,41.1,2446,69% (3425 MB free)
00:25:06,41.1,2532,69% (3424 MB free)
00:25:07,41.1,2636,69% (3424 MB free)
00:25:08,41.1,2545,69% (3421 MB free)
00:25:09,41.1,2489,69% (3420 MB free)
00:25:10,41.1,2415,69% (3420 MB free)
00:25:11,41.1,2457,69% (3419 MB free)
00:25:12,41.1,2534,69% (3418 MB free)
00:25:13,41.1,2539,69% (3417 MB free)
00:25:14,41.1,2535,69% (3416 MB free)
00:25:15,41.1,2465,69% (3416 MB free)
00:25:16,41.1,2478,69% (3416 MB free)
00:25:17,41.1,2495,69% (3415 MB free)
00:25:18,41.1,2431,69% (3414 MB free)
00:25:19,41.1,2417,69% (3413 MB free)
00:25:20,41.1,2439,69% (3413 MB free)
00:25:21,41.1,2458,69% (3412 MB free)
00:25:22,41.1,2513,69% (3411 MB free)
00:25:23,41.1,2581,69% (3411 MB free)
00:25:24,41.1,2463,69% (3410 MB free)
00:25:25,41.1,2393,69% (3408 MB free)
00:25:26,41.1,2466,70% (3406 MB free)
00:25:27,41.1,2505,70% (3404 MB free)
00:25:28,41.1,2422,70% (3404 MB free)
00:25:29,41.1,2460,70% (3403 MB free)
00:25:30,41.1,2485,70% (3402 MB free)
00:25:31,41.3,2452,70% (3401 MB free)
00:25:32,41.3,2459,70% (3400 MB free)
00:25:33,41.3,2504,70% (3398 MB free)
00:25:34,41.3,2392,70% (3397 MB free)
00:25:35,41.3,2411,70% (3396 MB free)
00:25:36,41.3,2438,70% (3396 MB free)
00:25:37,41.3,2561,70% (3395 MB free)
00:25:38,41.3,2571,70% (3395 MB free)
00:25:40,41.3,2462,70% (3394 MB free)
00:25:41,41.3,2435,70% (3393 MB free)
00:25:42,41.3,2468,70% (3393 MB free)
00:25:43,41.3,2422,70% (3392 MB free)
00:25:44,41.3,2520,70% (3390 MB free)
00:25:45,41.3,2434,70% (3389 MB free)
00:25:46,41.3,2481,70% (3388 MB free)
00:25:47,41.3,2515,70% (3388 MB free)
00:25:48,41.3,2542,70% (3387 MB free)
00:25:49,41.3,2539,70% (3386 MB free)
00:25:50,41.3,2451,70% (3386 MB free)
00:25:51,41.3,2426,70% (3385 MB free)
00:25:52,41.3,2397,70% (3385 MB free)
00:25:53,41.3,2459,70% (3383 MB free)
00:25:54,41.3,2478,70% (3382 MB free)
00:25:55,41.3,2530,70% (3382 MB free)
00:25:56,41.3,2501,70% (3380 MB free)
00:25:57,41.3,2493,70% (3380 MB free)
00:25:58,41.3,2493,70% (3378 MB free)
00:25:59,41.3,2433,70% (3378 MB free)
00:26:00,41.3,2491,70% (3376 MB free)
00:26:01,41.3,2398,70% (3375 MB free)
00:26:02,41.3,2458,70% (3374 MB free)
00:26:03,41.3,2453,70% (3373 MB free)
00:26:04,41.3,2485,70% (3372 MB free)
00:26:05,41.3,2503,70% (3372 MB free)
00:26:06,41.3,2525,70% (3371 MB free)
00:26:07,41.3,2487,70% (3370 MB free)
00:26:08,41.3,2508,70% (3369 MB free)
00:26:09,41.3,2413,70% (3368 MB free)
00:26:10,41.3,2456,70% (3367 MB free)
00:26:11,41.3,2374,70% (3367 MB free)
00:26:12,41.3,2521,70% (3366 MB free)
00:26:13,41.3,2469,69% (3430 MB free)
00:26:14,41.3,2506,69% (3429 MB free)
00:26:15,41.3,2506,69% (3427 MB free)
00:26:16,41.3,2467,69% (3425 MB free)
00:26:17,41.3,2472,69% (3423 MB free)
00:26:18,41.3,2518,69% (3422 MB free)
00:26:19,41.3,2480,69% (3419 MB free)
00:26:20,41.3,2447,69% (3419 MB free)
00:26:21,41.3,2439,69% (3418 MB free)
00:26:22,41.3,2488,69% (3418 MB free)
00:26:23,41.3,2510,69% (3417 MB free)
00:26:24,41.3,2437,69% (3416 MB free)
00:26:25,41.3,2513,69% (3415 MB free)
00:26:26,41.3,2485,69% (3412 MB free)
00:26:27,41.3,2494,69% (3410 MB free)
00:26:28,41.3,2410,69% (3410 MB free)
00:26:29,41.3,2488,69% (3409 MB free)
00:26:30,41.3,2506,69% (3409 MB free)
00:26:31,41.3,2512,69% (3408 MB free)
00:26:32,41.3,2456,70% (3407 MB free)
00:26:33,41.3,2431,70% (3407 MB free)
00:26:34,41.3,2500,70% (3397 MB free)
00:26:35,41.3,2494,69% (3435 MB free)
00:26:36,41.3,2520,69% (3434 MB free)
00:26:37,41.3,2487,69% (3433 MB free)
00:26:38,41.3,2447,69% (3433 MB free)
00:26:39,41.3,2457,69% (3432 MB free)
00:26:40,41.3,2395,69% (3432 MB free)
00:26:41,41.6,2447,69% (3426 MB free)
00:26:42,41.6,2461,69% (3425 MB free)
00:26:43,41.6,2526,69% (3424 MB free)
00:26:44,41.6,2483,69% (3424 MB free)
00:26:45,41.6,2411,69% (3423 MB free)
00:26:46,41.5,2637,69% (3421 MB free)
00:26:48,41.5,2526,69% (3421 MB free)
00:26:49,41.5,2513,69% (3420 MB free)
00:26:50,41.5,2447,69% (3419 MB free)
00:26:51,41.5,2419,69% (3418 MB free)
00:26:52,41.5,2549,69% (3418 MB free)
00:26:53,41.5,2502,69% (3417 MB free)
00:26:54,41.5,2416,69% (3416 MB free)
00:26:55,41.6,2464,69% (3415 MB free)
00:26:56,41.6,2507,69% (3415 MB free)
00:26:57,41.6,2496,69% (3414 MB free)
00:26:58,41.6,2503,69% (3413 MB free)
00:26:59,41.6,2511,69% (3413 MB free)
00:27:00,41.6,2390,69% (3412 MB free)
00:27:01,41.6,2410,69% (3412 MB free)
00:27:02,41.6,2412,69% (3411 MB free)
00:27:03,41.6,2499,69% (3412 MB free)
00:27:04,41.6,2485,69% (3411 MB free)
00:27:05,41.6,2480,69% (3410 MB free)
00:27:06,41.6,2449,69% (3411 MB free)
00:27:07,41.6,2433,69% (3411 MB free)
00:27:08,41.6,2496,69% (3410 MB free)
00:27:09,41.6,2505,69% (3410 MB free)
00:27:10,41.6,2516,69% (3409 MB free)
00:27:11,41.6,2442,69% (3410 MB free)
00:27:12,41.6,2435,69% (3408 MB free)
00:27:13,41.6,2517,69% (3409 MB free)
00:27:14,41.6,2451,69% (3410 MB free)
00:27:15,41.6,2737,69% (3409 MB free)
00:27:16,41.6,2804,69% (3409 MB free)
00:27:17,41.6,2710,69% (3409 MB free)
00:27:18,41.6,2689,70% (3407 MB free)
00:27:19,41.6,2798,69% (3408 MB free)
00:27:20,41.6,2743,70% (3407 MB free)
00:27:21,41.6,2694,70% (3407 MB free)
00:27:22,41.6,2703,70% (3407 MB free)
00:27:23,41.6,2744,70% (3406 MB free)
00:27:24,41.6,2697,70% (3407 MB free)
00:27:25,41.6,2659,70% (3406 MB free)
00:27:26,41.6,2751,70% (3403 MB free)
00:27:27,41.6,2607,70% (3400 MB free)
00:27:28,41.6,2604,70% (3397 MB free)
00:27:29,41.6,2724,70% (3396 MB free)
00:27:30,41.6,2738,70% (3396 MB free)
00:27:31,41.6,2755,70% (3395 MB free)
00:27:32,41.6,2744,70% (3392 MB free)
00:27:33,41.6,2732,70% (3392 MB free)
00:27:34,41.6,2678,70% (3390 MB free)
00:27:35,41.6,2696,70% (3389 MB free)
00:27:36,41.6,2763,70% (3387 MB free)
00:27:37,41.6,2677,70% (3386 MB free)
00:27:38,41.6,2679,70% (3385 MB free)
00:27:39,41.6,2727,70% (3384 MB free)
00:27:40,41.6,2461,70% (3384 MB free)
00:27:41,41.6,2631,70% (3383 MB free)
00:27:42,41.6,2659,70% (3383 MB free)
00:27:43,41.6,2546,70% (3383 MB free)
00:27:44,41.6,2616,70% (3382 MB free)
00:27:45,41.6,2758,70% (3381 MB free)
00:27:46,41.6,2736,70% (3380 MB free)
00:27:47,41.6,2712,70% (3380 MB free)
00:27:48,41.6,2738,70% (3379 MB free)
00:27:49,41.6,2778,70% (3378 MB free)
00:27:50,41.6,2769,70% (3377 MB free)
00:27:51,41.6,2712,70% (3376 MB free)
00:27:53,41.6,2626,70% (3374 MB free)
00:27:54,41.6,2794,70% (3374 MB free)
00:27:55,41.6,2751,70% (3373 MB free)
00:27:56,41.6,2717,70% (3372 MB free)
00:27:57,41.6,2707,70% (3371 MB free)
00:27:58,41.6,2758,70% (3371 MB free)
00:27:59,41.6,2739,70% (3370 MB free)
00:28:00,41.6,2702,70% (3369 MB free)
00:28:01,41.6,2753,70% (3369 MB free)
00:28:02,41.6,2769,70% (3368 MB free)
00:28:03,41.6,2723,70% (3366 MB free)
00:28:04,41.6,2698,70% (3366 MB free)
00:28:05,41.6,2737,70% (3365 MB free)
00:28:06,41.6,2709,70% (3364 MB free)
00:28:07,41.6,2734,70% (3363 MB free)
00:28:08,41.6,2723,70% (3362 MB free)
00:28:09,41.6,2740,70% (3364 MB free)
00:28:10,41.6,2738,70% (3364 MB free)
00:28:11,41.6,2778,70% (3363 MB free)
00:28:12,41.6,2753,70% (3363 MB free)
00:28:13,41.6,2795,70% (3363 MB free)
00:28:14,41.6,2726,70% (3362 MB free)
00:28:15,41.6,2756,70% (3361 MB free)
00:28:16,41.6,2772,70% (3361 MB free)
00:28:17,41.6,2706,70% (3360 MB free)
00:28:18,41.6,2706,69% (3437 MB free)
00:28:19,41.6,2706,69% (3446 MB free)
00:28:20,41.6,2684,69% (3441 MB free)
00:28:21,41.6,2754,69% (3439 MB free)
00:28:22,41.6,2714,69% (3439 MB free)
00:28:23,41.6,2796,69% (3436 MB free)
00:28:24,41.6,2772,69% (3436 MB free)
00:28:25,41.6,2783,69% (3435 MB free)
00:28:26,41.6,2699,69% (3430 MB free)
00:28:27,41.6,2631,69% (3429 MB free)
00:28:28,41.6,2786,69% (3426 MB free)
00:28:29,41.6,2675,69% (3426 MB free)
00:28:30,41.6,2796,69% (3425 MB free)
00:28:31,41.6,2825,69% (3424 MB free)
00:28:32,41.6,2764,69% (3423 MB free)
00:28:33,41.6,2710,69% (3424 MB free)
00:28:34,41.6,2713,69% (3423 MB free)
00:28:35,41.6,2663,69% (3422 MB free)
00:28:36,41.6,2775,69% (3422 MB free)
00:28:37,41.6,2807,69% (3421 MB free)
00:28:38,41.6,2749,69% (3417 MB free)
00:28:39,41.6,2713,69% (3417 MB free)
00:28:40,41.6,2798,69% (3416 MB free)
00:28:41,41.6,2773,69% (3415 MB free)
00:28:42,41.6,2675,69% (3414 MB free)
00:28:43,41.6,2740,69% (3413 MB free)
00:28:44,41.6,2809,69% (3412 MB free)
00:28:45,41.6,2802,69% (3411 MB free)
00:28:46,41.6,2777,69% (3410 MB free)
00:28:47,41.6,2720,69% (3409 MB free)
00:28:48,41.6,2769,69% (3408 MB free)
00:28:49,41.6,2702,69% (3408 MB free)
00:28:50,41.6,2786,69% (3408 MB free)
00:28:51,41.6,2802,70% (3407 MB free)
00:28:52,41.6,2785,70% (3405 MB free)
00:28:53,41.6,2770,70% (3404 MB free)
00:28:54,41.5,2789,70% (3403 MB free)
00:28:55,41.5,2755,70% (3402 MB free)
00:28:56,41.5,2823,70% (3401 MB free)
00:28:57,41.5,2781,70% (3401 MB free)
00:28:58,41.5,2734,70% (3401 MB free)
00:28:59,41.5,2758,70% (3400 MB free)
00:29:00,41.5,2742,70% (3406 MB free)
00:29:01,41.5,2751,70% (3405 MB free)
00:29:02,41.5,2765,70% (3405 MB free)
00:29:03,41.5,2788,70% (3404 MB free)
00:29:04,41.5,2839,70% (3404 MB free)
00:29:05,41.5,2732,70% (3403 MB free)
00:29:06,41.5,2763,70% (3402 MB free)
00:29:07,41.5,2723,70% (3401 MB free)
00:29:09,41.5,2789,70% (3401 MB free)
00:29:10,41.5,2762,70% (3401 MB free)
00:29:11,41.5,2841,70% (3400 MB free)
00:29:12,41.5,2708,70% (3400 MB free)
00:29:13,41.5,2817,70% (3398 MB free)
00:29:14,41.5,2745,70% (3398 MB free)
00:29:15,41.5,2811,70% (3397 MB free)
00:29:16,41.5,2756,70% (3398 MB free)
00:29:17,41.5,2697,70% (3397 MB free)
00:29:18,41.5,2741,70% (3396 MB free)
00:29:19,41.5,2741,70% (3404 MB free)
00:29:20,41.5,2791,70% (3403 MB free)
00:29:21,41.5,2813,70% (3403 MB free)
00:29:22,41.5,2741,70% (3403 MB free)
00:29:23,41.5,2824,70% (3402 MB free)
00:29:24,41.5,2712,70% (3402 MB free)
00:29:25,41.5,2797,70% (3401 MB free)
00:29:26,41.5,2861,70% (3401 MB free)
00:29:27,41.5,2701,70% (3400 MB free)
00:29:28,41.5,2826,70% (3399 MB free)
00:29:29,41.5,2885,70% (3398 MB free)
00:29:30,41.5,2912,70% (3396 MB free)
00:29:31,41.5,2805,70% (3395 MB free)
00:29:32,41.5,2852,70% (3395 MB free)
00:29:33,41.5,2801,70% (3395 MB free)
00:29:34,41.5,2819,70% (3394 MB free)
00:29:35,41.5,2850,70% (3394 MB free)
00:29:36,41.5,2845,70% (3393 MB free)
00:29:37,41.5,2789,70% (3392 MB free)
00:29:38,41.5,2837,70% (3392 MB free)
00:29:39,41.5,2753,70% (3391 MB free)
00:29:40,41.5,2874,70% (3391 MB free)
00:29:41,41.5,2879,70% (3390 MB free)
00:29:42,41.5,2844,70% (3389 MB free)
00:29:43,41.5,2757,70% (3389 MB free)
00:29:44,41.5,2853,70% (3388 MB free)
00:29:45,41.5,2838,70% (3388 MB free)
00:29:46,41.5,2837,70% (3387 MB free)
00:29:47,41.5,2788,70% (3386 MB free)
00:29:48,41.5,2769,70% (3386 MB free)
00:29:49,41.5,2867,70% (3385 MB free)
00:29:50,41.5,2854,70% (3385 MB free)
00:29:51,41.5,2807,70% (3384 MB free)
00:29:52,41.5,2877,70% (3383 MB free)
00:29:53,41.5,2864,70% (3383 MB free)
00:29:54,41.3,2894,70% (3381 MB free)
00:29:55,41.3,2765,70% (3380 MB free)
00:29:56,41.3,2828,70% (3380 MB free)
00:29:57,41.4,2828,70% (3380 MB free)
00:29:58,41.4,2552,69% (3440 MB free)
00:29:59,41.4,2437,69% (3436 MB free)
00:30:00,41.4,2763,69% (3434 MB free)
00:30:01,41.3,2764,69% (3434 MB free)
00:30:02,41.3,2827,69% (3434 MB free)
00:30:03,41.3,2740,69% (3434 MB free)
00:30:04,41.3,2858,69% (3434 MB free)
00:30:05,41.3,2861,69% (3434 MB free)
00:30:06,41.3,2745,69% (3433 MB free)
00:30:07,41.3,2756,69% (3433 MB free)
00:30:08,41.3,2775,69% (3433 MB free)
00:30:09,41.3,2488,69% (3432 MB free)
00:30:10,41.3,2626,69% (3432 MB free)
00:30:11,41.3,2520,69% (3429 MB free)
00:30:12,41.3,2835,69% (3427 MB free)
00:30:13,41.3,2843,69% (3427 MB free)
00:30:14,41.3,2876,69% (3427 MB free)
00:30:15,41.3,2840,69% (3427 MB free)
00:30:16,41.3,2801,69% (3427 MB free)
00:30:17,41.2,2854,69% (3427 MB free)
00:30:18,41.2,2702,69% (3427 MB free)
00:30:19,41.2,2617,69% (3427 MB free)
00:30:20,41.2,2498,69% (3486 MB free)
00:30:21,41.2,2408,69% (3486 MB free)
00:30:22,41.2,2422,69% (3465 MB free)
00:30:24,41.2,2512,69% (3464 MB free)
00:30:25,41.2,2498,69% (3463 MB free)
00:30:26,41.2,2429,69% (3459 MB free)
00:30:27,41.2,2459,69% (3458 MB free)
00:30:28,41.2,2513,69% (3457 MB free)
00:30:29,41.2,2503,69% (3456 MB free)
00:30:30,41.2,2562,69% (3456 MB free)
00:30:31,41.2,2436,69% (3455 MB free)
00:30:32,41.2,2470,69% (3454 MB free)
00:30:33,41.2,2435,69% (3453 MB free)
00:30:34,41.2,2480,69% (3452 MB free)
00:30:35,41.2,2495,69% (3451 MB free)
00:30:36,41.2,2522,69% (3451 MB free)
00:30:37,41.2,2438,69% (3451 MB free)
00:30:38,41.2,2524,69% (3451 MB free)
00:30:39,41.2,2521,69% (3450 MB free)
00:30:40,41.2,2518,69% (3450 MB free)
00:30:41,41.2,2419,69% (3449 MB free)
00:30:42,41.2,2496,69% (3449 MB free)
00:30:43,41.2,2527,69% (3449 MB free)
00:30:44,41.2,2576,69% (3448 MB free)
00:30:45,41.2,2476,69% (3447 MB free)
00:30:46,41.2,2419,69% (3447 MB free)
00:30:47,41.2,2385,69% (3446 MB free)
00:30:48,41.2,2397,69% (3446 MB free)
00:30:49,41.2,2365,69% (3446 MB free)
00:30:50,41.2,2398,69% (3445 MB free)
00:30:51,41.2,2255,69% (3445 MB free)
00:30:52,41.2,2303,69% (3445 MB free)
00:30:53,41.2,2333,69% (3445 MB free)
00:30:54,41.2,2287,69% (3444 MB free)
00:30:55,41.2,2352,69% (3444 MB free)
00:30:56,41.2,2376,69% (3444 MB free)
00:30:57,41.2,2320,69% (3443 MB free)
00:30:58,41.2,2299,69% (3443 MB free)
00:30:59,41.2,2288,69% (3443 MB free)
00:31:00,41.2,2370,69% (3442 MB free)
00:31:01,41.2,2305,69% (3441 MB free)
00:31:02,41.2,2268,69% (3441 MB free)
00:31:03,41.2,2342,69% (3440 MB free)
00:31:04,41.2,2380,69% (3440 MB free)
00:31:05,41.1,2237,69% (3439 MB free)
00:31:06,41.1,2212,69% (3438 MB free)
00:31:07,41.1,2048,69% (3438 MB free)
00:31:08,41.1,2202,69% (3437 MB free)
00:31:09,41.1,2128,69% (3436 MB free)
00:31:10,41.1,2157,69% (3436 MB free)
00:31:11,41.1,2150,69% (3435 MB free)
00:31:12,41.1,2194,69% (3496 MB free)
00:31:13,41.1,2224,68% (3537 MB free)
00:31:14,41.1,2234,68% (3534 MB free)
00:31:15,41.1,2186,68% (3531 MB free)
00:31:16,41.1,2195,68% (3529 MB free)
00:31:17,41.1,2096,68% (3529 MB free)
00:31:18,41.1,2139,68% (3525 MB free)
00:31:19,41.1,2207,68% (3524 MB free)
00:31:20,41.1,2144,68% (3523 MB free)
00:31:21,41.1,2228,69% (3519 MB free)
00:31:22,41.1,2140,69% (3518 MB free)
00:31:23,40.9,2128,69% (3515 MB free)
00:31:24,40.9,2180,69% (3514 MB free)
00:31:25,40.9,2185,69% (3513 MB free)
00:31:26,40.9,2185,69% (3512 MB free)
00:31:27,40.9,2151,69% (3512 MB free)
00:31:28,40.9,2170,69% (3510 MB free)
00:31:29,40.9,2136,69% (3509 MB free)
00:31:30,40.9,2236,69% (3508 MB free)
00:31:31,40.9,2147,69% (3508 MB free)
00:31:32,40.9,2101,69% (3507 MB free)
00:31:33,40.9,2099,69% (3506 MB free)
00:31:35,40.9,2161,69% (3505 MB free)
00:31:36,40.9,2043,69% (3505 MB free)
00:31:37,40.9,2061,69% (3504 MB free)
00:31:38,40.9,2020,69% (3504 MB free)
00:31:39,40.9,2046,69% (3503 MB free)
00:31:40,40.9,2062,69% (3502 MB free)
00:31:41,40.9,2115,69% (3501 MB free)
00:31:42,40.9,2001,69% (3500 MB free)
00:31:43,40.9,2024,69% (3494 MB free)
00:31:44,40.9,2108,69% (3494 MB free)
00:31:45,40.9,2107,69% (3493 MB free)
00:31:46,40.9,2061,69% (3493 MB free)
00:31:47,40.9,2079,69% (3492 MB free)
00:31:48,40.9,2028,69% (3497 MB free)
00:31:49,40.9,2065,69% (3496 MB free)
00:31:50,40.9,2150,69% (3496 MB free)
00:31:51,40.9,2171,69% (3495 MB free)
00:31:52,40.9,2064,69% (3495 MB free)
00:31:53,40.9,1893,69% (3486 MB free)
00:31:54,40.9,1861,69% (3487 MB free)
00:31:55,40.8,1892,69% (3487 MB free)
00:31:56,40.8,1923,69% (3486 MB free)
00:31:57,40.8,1851,69% (3487 MB free)
00:31:58,40.8,1886,69% (3486 MB free)
00:31:59,40.8,1963,69% (3481 MB free)
00:32:00,40.8,1914,69% (3482 MB free)
00:32:01,40.8,1823,69% (3481 MB free)
00:32:02,40.8,1898,69% (3481 MB free)
00:32:03,40.8,1943,69% (3481 MB free)
00:32:04,40.8,1935,69% (3481 MB free)
00:32:05,40.8,1909,69% (3481 MB free)
00:32:06,40.8,1974,69% (3481 MB free)
00:32:07,40.8,1900,69% (3481 MB free)
00:32:08,40.8,1861,69% (3481 MB free)
00:32:09,40.8,1849,69% (3481 MB free)
00:32:10,40.8,1912,69% (3481 MB free)
00:32:11,40.8,1875,69% (3481 MB free)
00:32:12,40.8,1842,69% (3479 MB free)
00:32:13,40.8,1847,69% (3478 MB free)
00:32:14,40.8,1926,69% (3478 MB free)
00:32:15,40.8,1912,69% (3478 MB free)
00:32:16,40.8,1853,69% (3478 MB free)
00:32:17,40.8,1867,69% (3478 MB free)
00:32:18,40.8,1944,69% (3477 MB free)
00:32:19,40.8,1910,69% (3477 MB free)
00:32:20,40.8,1867,69% (3477 MB free)
00:32:21,40.8,1869,69% (3476 MB free)
00:32:22,40.8,1849,69% (3476 MB free)
00:32:23,40.8,1866,69% (3476 MB free)
00:32:24,40.8,1852,69% (3475 MB free)
00:32:25,40.8,1837,69% (3475 MB free)
00:32:26,40.8,1822,69% (3475 MB free)
00:32:27,40.8,1803,69% (3474 MB free)
00:32:28,40.8,1896,69% (3474 MB free)
00:32:29,40.8,1765,69% (3474 MB free)
00:32:30,40.8,1910,69% (3473 MB free)
00:32:31,40.8,1877,69% (3473 MB free)
00:32:32,40.8,1929,69% (3472 MB free)
00:32:33,40.7,1817,69% (3471 MB free)
00:32:34,40.7,1794,69% (3470 MB free)
00:32:35,40.7,1768,69% (3469 MB free)
00:32:36,40.7,1788,69% (3469 MB free)
00:32:37,40.7,1713,69% (3469 MB free)
00:32:38,40.7,1747,69% (3467 MB free)
00:32:39,40.7,1781,69% (3466 MB free)
00:32:40,40.7,1779,69% (3466 MB free)
00:32:41,40.7,1808,69% (3466 MB free)
00:32:42,40.7,1806,69% (3466 MB free)
00:32:43,40.7,1828,69% (3466 MB free)
00:32:44,40.7,1800,69% (3466 MB free)
00:32:45,40.7,1757,69% (3465 MB free)
00:32:46,40.7,1801,69% (3465 MB free)
00:32:47,40.7,1847,69% (3465 MB free)
00:32:48,40.7,1753,69% (3465 MB free)
00:32:50,40.7,1809,69% (3464 MB free)
00:32:51,40.7,1724,69% (3463 MB free)
00:32:52,40.7,1735,69% (3463 MB free)
00:32:53,40.7,1797,69% (3462 MB free)
00:32:54,40.7,1808,69% (3462 MB free)
00:32:55,40.7,1875,69% (3461 MB free)
00:32:56,40.7,1781,69% (3461 MB free)
00:32:57,40.7,1805,69% (3460 MB free)
00:32:58,40.7,1752,69% (3459 MB free)
00:32:59,40.7,1755,69% (3458 MB free)
00:33:00,40.7,1853,69% (3459 MB free)
00:33:01,40.7,1728,69% (3458 MB free)
00:33:02,40.7,1804,69% (3447 MB free)
00:33:03,40.7,1577,69% (3446 MB free)
00:33:04,40.7,1567,69% (3445 MB free)
00:33:05,40.7,1633,69% (3444 MB free)
00:33:06,40.7,1620,69% (3444 MB free)
00:33:07,40.7,1660,69% (3443 MB free)
00:33:08,40.7,1666,69% (3443 MB free)
00:33:09,40.7,1530,69% (3443 MB free)
00:33:10,40.7,1623,69% (3442 MB free)
00:33:11,40.7,1604,69% (3442 MB free)
00:33:12,40.7,1649,69% (3441 MB free)
00:33:13,40.7,1582,69% (3441 MB free)
00:33:14,40.7,1596,69% (3440 MB free)
00:33:15,40.7,1460,69% (3439 MB free)
00:33:16,40.7,1575,69% (3439 MB free)
00:33:17,40.7,1593,69% (3439 MB free)
00:33:18,40.7,1552,69% (3438 MB free)
00:33:19,40.7,1567,69% (3438 MB free)
00:33:20,40.7,1519,69% (3437 MB free)
00:33:21,40.7,1543,69% (3437 MB free)
00:33:22,40.7,1619,69% (3436 MB free)
00:33:23,40.7,1577,69% (3433 MB free)
00:33:24,40.7,1658,69% (3432 MB free)
00:33:25,40.7,1500,69% (3432 MB free)
00:33:26,40.7,1626,69% (3431 MB free)
00:33:27,40.7,1414,69% (3428 MB free)
00:33:28,40.7,1509,69% (3426 MB free)
00:33:29,40.7,1554,69% (3425 MB free)
00:33:30,40.7,1608,69% (3424 MB free)
00:33:31,40.7,1533,69% (3424 MB free)
00:33:32,40.7,1561,69% (3423 MB free)
00:33:33,40.7,1599,69% (3423 MB free)
00:33:34,40.7,1606,69% (3422 MB free)
00:33:35,40.7,1561,69% (3421 MB free)
00:33:36,40.7,1609,69% (3421 MB free)
00:33:37,40.7,1548,69% (3421 MB free)
00:33:38,40.7,1619,69% (3420 MB free)
00:33:39,40.7,1505,69% (3419 MB free)
00:33:40,40.7,1590,69% (3420 MB free)
00:33:41,40.7,1557,69% (3420 MB free)
00:33:42,40.7,1616,69% (3420 MB free)
00:33:43,40.7,1628,69% (3420 MB free)
00:33:44,40.7,1656,69% (3419 MB free)
00:33:45,40.5,1673,69% (3418 MB free)
00:33:46,40.5,1510,69% (3493 MB free)
00:33:47,40.5,1325,69% (3490 MB free)
00:33:48,40.5,1399,69% (3488 MB free)
00:33:49,40.5,1363,69% (3477 MB free)
00:33:50,40.5,1397,69% (3476 MB free)
00:33:51,40.5,1376,69% (3475 MB free)
00:33:52,40.5,1406,69% (3472 MB free)
00:33:53,40.5,1392,69% (3470 MB free)
00:33:54,40.5,1412,69% (3470 MB free)
00:33:55,40.5,1358,69% (3469 MB free)
00:33:56,40.5,1339,69% (3468 MB free)
00:33:57,40.5,1413,69% (3468 MB free)
00:33:58,40.5,1386,69% (3465 MB free)
00:33:59,40.5,1425,69% (3465 MB free)
00:34:00,40.5,1350,69% (3466 MB free)
00:34:01,40.5,1429,69% (3465 MB free)
00:34:02,40.5,1431,69% (3465 MB free)
00:34:03,40.5,1387,69% (3464 MB free)
00:34:04,40.5,1436,69% (3464 MB free)
00:34:05,40.5,1354,69% (3463 MB free)
00:34:07,40.5,1378,69% (3464 MB free)
00:34:08,40.5,1446,69% (3462 MB free)
00:34:09,40.5,1412,69% (3462 MB free)
00:34:10,40.5,1454,69% (3461 MB free)
00:34:11,40.5,1433,69% (3461 MB free)
00:34:12,40.5,1366,69% (3460 MB free)
00:34:13,40.5,1366,69% (3460 MB free)
00:34:14,40.5,1473,69% (3460 MB free)
00:34:15,40.5,1388,69% (3460 MB free)
00:34:16,40.5,1352,69% (3460 MB free)
00:34:17,40.5,1381,69% (3459 MB free)
00:34:18,40.5,1346,69% (3459 MB free)
00:34:19,40.5,1409,69% (3459 MB free)
00:34:20,40.5,1400,68% (3522 MB free)
00:34:21,40.5,1159,68% (3521 MB free)
00:34:22,40.5,1444,69% (3520 MB free)
00:34:23,40.5,1407,69% (3520 MB free)
00:34:24,40.5,1389,69% (3519 MB free)
00:34:25,40.5,1346,69% (3518 MB free)
00:34:26,40.5,1368,69% (3516 MB free)
00:34:27,40.5,1380,69% (3510 MB free)
00:34:28,40.5,1380,69% (3506 MB free)
00:34:29,40.5,1376,69% (3506 MB free)
00:34:30,40.5,1364,69% (3506 MB free)
00:34:31,40.5,1369,69% (3506 MB free)
00:34:32,40.5,1376,69% (3506 MB free)
00:34:33,40.5,1381,69% (3505 MB free)
00:34:34,40.5,1373,69% (3504 MB free)
00:34:35,40.5,1415,69% (3503 MB free)
00:34:36,40.5,1290,69% (3502 MB free)
00:34:37,40.5,1314,69% (3502 MB free)
00:34:38,40.5,1421,69% (3501 MB free)
00:34:39,40.5,1370,69% (3500 MB free)
00:34:40,40.5,1320,69% (3500 MB free)
00:34:41,40.5,1437,69% (3500 MB free)
00:34:42,40.5,1347,69% (3499 MB free)
00:34:43,40.5,1386,69% (3512 MB free)
00:34:44,40.5,1329,69% (3512 MB free)
00:34:45,40.5,1432,69% (3512 MB free)
00:34:46,40.5,1410,69% (3512 MB free)
00:34:47,40.5,1412,69% (3512 MB free)
00:34:48,40.5,1349,69% (3511 MB free)
00:34:49,40.5,1391,69% (3511 MB free)
00:34:50,40.5,1439,69% (3512 MB free)
00:34:51,40.5,1463,69% (3510 MB free)
00:34:52,40.5,1483,69% (3509 MB free)
00:34:53,40.5,1419,69% (3509 MB free)
00:34:54,40.5,1395,69% (3508 MB free)
00:34:55,40.5,1436,69% (3508 MB free)
00:34:56,40.5,1388,69% (3508 MB free)
00:34:57,40.5,1367,69% (3507 MB free)
00:34:58,40.5,1461,69% (3507 MB free)
00:34:59,40.5,1065,69% (3507 MB free)
00:35:00,40.5,1008,69% (3506 MB free)
00:35:01,40.5,1076,69% (3506 MB free)
00:35:02,40.5,1088,69% (3506 MB free)
00:35:03,40.5,1151,69% (3507 MB free)
00:35:04,40.5,1186,69% (3506 MB free)
00:35:05,40.5,1144,69% (3506 MB free)
00:35:06,40.5,1143,69% (3505 MB free)
00:35:07,40.5,1074,69% (3504 MB free)
00:35:08,40.5,1143,69% (3504 MB free)
00:35:09,40.5,1172,69% (3503 MB free)
00:35:10,40.5,1075,69% (3503 MB free)
00:35:11,40.5,1210,69% (3503 MB free)
00:35:12,40.5,1167,69% (3503 MB free)
00:35:13,40.5,1168,69% (3512 MB free)
00:35:14,40.5,1100,69% (3511 MB free)
00:35:15,40.5,1079,69% (3510 MB free)
00:35:16,40.5,1192,69% (3510 MB free)
00:35:17,40.5,1063,69% (3510 MB free)
00:35:18,40.5,1175,69% (3510 MB free)
00:35:19,40.5,1104,69% (3508 MB free)
00:35:20,40.5,1104,69% (3507 MB free)
00:35:21,40.5,1207,69% (3507 MB free)
00:35:23,40.5,1195,69% (3507 MB free)
00:35:24,40.5,1173,69% (3507 MB free)
00:35:25,40.5,1096,69% (3507 MB free)
00:35:26,40.5,1102,69% (3506 MB free)
00:35:27,40.5,1070,69% (3505 MB free)
00:35:28,40.5,1120,69% (3505 MB free)
00:35:29,40.5,1102,69% (3503 MB free)
00:35:30,40.5,1180,69% (3502 MB free)
00:35:31,40.5,1333,69% (3502 MB free)
00:35:32,40.5,1144,69% (3502 MB free)
00:35:33,40.5,1109,69% (3502 MB free)
00:35:34,40.5,1128,69% (3502 MB free)
00:35:35,40.5,1167,69% (3501 MB free)
00:35:36,40.5,1157,69% (3501 MB free)
00:35:37,40.5,1116,69% (3501 MB free)
00:35:38,40.5,1077,69% (3501 MB free)
00:35:39,40.5,1163,69% (3508 MB free)
00:35:40,40.5,1161,69% (3507 MB free)
00:35:41,40.5,1116,69% (3506 MB free)
00:35:42,40.5,1049,69% (3507 MB free)
00:35:43,40.5,1151,69% (3506 MB free)
00:35:44,40.5,1162,69% (3506 MB free)
00:35:45,40.5,1093,69% (3505 MB free)
00:35:46,40.5,1042,69% (3505 MB free)
00:35:47,40.5,1082,69% (3505 MB free)
00:35:48,40.5,1099,69% (3505 MB free)
00:35:49,40.5,1135,69% (3505 MB free)
00:35:50,40.5,1154,69% (3505 MB free)
00:35:51,40.5,1132,69% (3505 MB free)
00:35:52,40.5,1145,69% (3504 MB free)
00:35:53,40.5,1113,69% (3502 MB free)
00:35:54,40.5,1141,69% (3501 MB free)
00:35:55,40.5,1101,69% (3501 MB free)
00:35:56,40.5,1099,69% (3501 MB free)
00:35:57,40.5,1076,69% (3501 MB free)
00:35:58,40.5,1126,69% (3501 MB free)
00:35:59,40.5,1107,69% (3500 MB free)
00:36:00,40.5,1103,69% (3500 MB free)
00:36:01,40.5,1123,69% (3499 MB free)
00:36:02,40.5,1173,69% (3498 MB free)
00:36:03,40.5,1121,69% (3499 MB free)
00:36:04,40.5,1139,69% (3498 MB free)
00:36:05,40.5,1126,69% (3498 MB free)
00:36:06,40.5,1073,69% (3498 MB free)
00:36:07,40.5,1183,69% (3498 MB free)
00:36:08,40.5,1205,69% (3498 MB free)
00:36:09,40.5,1176,69% (3497 MB free)
00:36:10,40.5,1211,69% (3496 MB free)
00:36:11,40.5,1122,69% (3496 MB free)
00:36:12,40.5,1073,69% (3496 MB free)
00:36:13,40.5,1056,69% (3495 MB free)
00:36:14,40.5,1134,69% (3495 MB free)
00:36:15,40.5,1142,69% (3495 MB free)
00:36:16,40.5,1176,69% (3493 MB free)
00:36:17,40.5,1161,69% (3493 MB free)
00:36:18,40.5,1130,69% (3492 MB free)
00:36:19,40.5,1047,69% (3493 MB free)
00:36:20,40.5,1114,69% (3494 MB free)
00:36:21,40.5,1126,69% (3493 MB free)
00:36:22,40.5,1095,69% (3492 MB free)
00:36:23,40.5,831,69% (3491 MB free)
00:36:24,40.5,1167,69% (3491 MB free)
00:36:25,40.5,1148,69% (3490 MB free)
00:36:26,40.5,1190,69% (3489 MB free)
00:36:27,40.5,1148,69% (3488 MB free)
00:36:28,40.5,1034,69% (3488 MB free)
00:36:29,40.5,1106,69% (3487 MB free)
00:36:30,40.5,1158,69% (3487 MB free)
00:36:31,40.5,1161,69% (3486 MB free)
00:36:32,40.5,1125,69% (3486 MB free)
00:36:33,40.5,1134,69% (3485 MB free)
00:36:35,40.5,1148,69% (3485 MB free)
00:36:36,40.5,1160,69% (3484 MB free)
00:36:37,40.5,1139,69% (3483 MB free)
00:36:38,40.5,1056,69% (3482 MB free)
00:36:39,40.5,988,69% (3480 MB free)
00:36:40,40.5,1141,69% (3480 MB free)
00:36:41,40.5,1172,69% (3479 MB free)
00:36:42,40.5,1156,69% (3479 MB free)
00:36:43,40.5,1024,69% (3479 MB free)
00:36:44,40.5,1129,69% (3478 MB free)
00:36:45,40.5,1177,69% (3478 MB free)
00:36:46,40.5,1167,69% (3478 MB free)
00:36:47,40.5,1113,69% (3478 MB free)
00:36:48,40.5,688,68% (3535 MB free)
00:36:49,40.5,1599,68% (3538 MB free)
00:36:50,40.5,1361,68% (3538 MB free)
00:36:51,40.5,1276,68% (3539 MB free)
00:36:52,40.5,1061,68% (3538 MB free)
00:36:53,40.5,1055,68% (3538 MB free)
00:36:54,40.5,1095,68% (3538 MB free)
00:36:55,40.5,1081,68% (3538 MB free)
00:36:56,40.5,1177,68% (3537 MB free)
00:36:57,40.5,1066,68% (3535 MB free)
00:36:58,40.5,1064,68% (3533 MB free)
00:36:59,40.5,1060,68% (3532 MB free)
00:37:00,40.5,1058,68% (3531 MB free)
00:37:01,40.5,1040,68% (3530 MB free)
00:37:02,40.5,998,68% (3528 MB free)
00:37:03,40.5,1005,68% (3527 MB free)
00:37:04,40.5,1100,68% (3527 MB free)
00:37:05,40.5,1151,68% (3525 MB free)
00:37:06,40.5,1028,68% (3524 MB free)
00:37:07,40.5,964,68% (3523 MB free)
00:37:08,40.5,996,68% (3523 MB free)
00:37:09,40.5,1040,68% (3521 MB free)
00:37:10,40.5,1137,68% (3574 MB free)
00:37:11,40.5,1256,68% (3573 MB free)
00:37:12,40.5,1091,68% (3568 MB free)
00:37:13,40.5,1078,68% (3567 MB free)
00:37:14,40.5,1107,68% (3567 MB free)
00:37:15,40.5,1071,68% (3564 MB free)
00:37:16,40.5,1025,68% (3563 MB free)
00:37:17,40.5,1076,68% (3562 MB free)
00:37:18,40.5,1116,68% (3562 MB free)
00:37:19,40.5,1085,68% (3559 MB free)
00:37:20,40.5,1096,68% (3559 MB free)
00:37:21,40.5,1016,68% (3556 MB free)
00:37:22,40.5,1012,68% (3556 MB free)
00:37:23,40.5,1065,68% (3555 MB free)
00:37:24,40.5,1003,68% (3555 MB free)
00:37:25,40.5,1051,68% (3554 MB free)
00:37:26,40.5,1143,68% (3553 MB free)
00:37:27,40.5,1072,68% (3552 MB free)
00:37:28,40.5,1023,68% (3552 MB free)
00:37:29,40.5,1012,68% (3551 MB free)
00:37:30,40.5,1089,68% (3551 MB free)
00:37:31,40.5,1019,68% (3550 MB free)
00:37:32,40.5,998,68% (3549 MB free)
00:37:33,40.5,1018,68% (3547 MB free)
00:37:34,40.5,1022,68% (3546 MB free)
00:37:35,40.5,1011,68% (3545 MB free)
00:37:36,40.5,997,68% (3545 MB free)
00:37:37,40.5,969,68% (3544 MB free)
00:37:38,40.5,956,68% (3544 MB free)
00:37:39,40.5,987,68% (3543 MB free)
00:37:40,40.5,1075,68% (3542 MB free)
00:37:42,40.5,1065,68% (3540 MB free)
00:37:43,40.5,1039,68% (3539 MB free)
00:37:44,40.5,999,68% (3539 MB free)
00:37:45,40.5,1014,68% (3538 MB free)
00:37:46,40.5,902,68% (3537 MB free)
00:37:47,40.5,862,68% (3537 MB free)
00:37:48,40.5,989,68% (3536 MB free)
00:37:49,40.5,1067,68% (3532 MB free)
00:37:50,40.5,1099,68% (3531 MB free)
00:37:51,40.5,1018,68% (3532 MB free)
00:37:52,40.5,1102,68% (3532 MB free)
00:37:53,40.5,540,68% (3531 MB free)
00:37:54,40.5,506,68% (3530 MB free)
00:37:55,40.5,489,68% (3528 MB free)
00:37:56,40.5,473,68% (3528 MB free)
00:37:57,40.5,474,68% (3528 MB free)
00:37:58,40.5,489,68% (3524 MB free)
00:37:59,40.5,731,68% (3521 MB free)
00:38:00,40.5,985,69% (3520 MB free)
00:38:01,40.5,848,68% (3545 MB free)
00:38:02,40.5,1066,68% (3539 MB free)
00:38:03,40.5,1204,68% (3527 MB free)
00:38:04,40.5,591,68% (3524 MB free)
00:38:05,40.5,514,68% (3524 MB free)
00:38:06,40.5,510,68% (3523 MB free)
00:38:07,40.5,515,68% (3523 MB free)
00:38:08,40.5,526,69% (3520 MB free)
00:38:09,40.5,542,69% (3516 MB free)
00:38:10,40.5,537,69% (3515 MB free)
00:38:11,40.5,1083,69% (3514 MB free)
00:38:12,40.5,1148,69% (3513 MB free)
00:38:13,40.5,889,69% (3512 MB free)
00:38:14,40.5,594,69% (3512 MB free)
00:38:15,40.5,1132,69% (3512 MB free)
00:38:16,40.5,1052,69% (3507 MB free)
00:38:17,40.5,690,69% (3506 MB free)
00:38:18,40.5,609,69% (3505 MB free)
00:38:19,40.5,611,69% (3504 MB free)
00:38:20,40.5,568,69% (3503 MB free)
00:38:21,40.5,626,69% (3502 MB free)
00:38:22,40.5,620,69% (3501 MB free)
00:38:23,40.5,534,69% (3501 MB free)
00:38:24,40.5,886,69% (3499 MB free)
00:38:25,40.5,1063,69% (3498 MB free)
00:38:26,40.5,1151,69% (3496 MB free)
00:38:27,40.5,655,69% (3494 MB free)
00:38:28,40.5,635,69% (3493 MB free)
00:38:29,40.5,573,69% (3492 MB free)
00:38:30,40.5,993,69% (3492 MB free)
00:38:31,40.5,1034,69% (3491 MB free)
00:38:32,40.5,1193,69% (3490 MB free)
00:38:33,40.5,1062,69% (3489 MB free)
00:38:34,40.5,1215,69% (3489 MB free)
00:38:35,40.5,654,69% (3488 MB free)
00:38:36,40.5,586,69% (3487 MB free)
00:38:37,40.5,1214,69% (3488 MB free)
00:38:38,40.5,1232,69% (3485 MB free)
00:38:39,40.5,948,68% (3550 MB free)
00:38:40,40.5,1134,68% (3546 MB free)
00:38:41,40.5,1053,68% (3531 MB free)
00:38:42,40.5,1097,68% (3528 MB free)
00:38:43,40.5,1056,68% (3527 MB free)
00:38:44,40.5,1045,68% (3526 MB free)
00:38:45,40.5,1037,68% (3524 MB free)
00:38:46,40.5,1043,68% (3523 MB free)
00:38:47,40.5,1024,68% (3521 MB free)
00:38:48,40.5,1118,69% (3520 MB free)
00:38:49,40.5,1097,69% (3518 MB free)
00:38:51,40.5,1058,69% (3515 MB free)
00:38:52,40.5,1065,69% (3515 MB free)
00:38:53,40.5,1059,69% (3514 MB free)
00:38:54,40.5,1062,69% (3516 MB free)
00:38:55,40.5,1087,69% (3516 MB free)
00:38:56,40.5,1078,69% (3514 MB free)
00:38:57,40.5,1083,69% (3511 MB free)
00:38:58,40.5,1166,69% (3511 MB free)
00:38:59,40.5,1096,69% (3509 MB free)
00:39:00,40.5,1099,69% (3507 MB free)
00:39:01,40.5,1120,69% (3507 MB free)
00:39:02,40.5,1136,69% (3504 MB free)
00:39:03,40.5,1070,69% (3501 MB free)
00:39:04,40.5,716,69% (3500 MB free)
00:39:05,40.5,1000,69% (3499 MB free)
00:39:06,40.5,1085,69% (3496 MB free)
00:39:07,40.5,1218,69% (3495 MB free)
00:39:08,40.5,1116,69% (3485 MB free)
00:39:09,40.5,1261,69% (3481 MB free)
00:39:10,40.5,1108,69% (3481 MB free)
00:39:11,40.5,1060,69% (3479 MB free)
00:39:12,40.5,1065,69% (3478 MB free)
00:39:13,40.5,1028,69% (3478 MB free)
00:39:14,40.5,1123,69% (3476 MB free)
00:39:15,40.5,1092,69% (3476 MB free)
00:39:16,40.5,898,69% (3476 MB free)
00:39:17,40.5,1017,69% (3476 MB free)
00:39:18,40.5,1019,69% (3476 MB free)
00:39:19,40.5,1012,69% (3476 MB free)
00:39:20,40.5,968,69% (3475 MB free)
00:39:21,40.5,947,68% (3537 MB free)
00:39:22,40.5,934,68% (3533 MB free)
00:39:23,40.5,904,68% (3531 MB free)
00:39:24,40.5,937,68% (3527 MB free)
00:39:25,40.5,931,68% (3526 MB free)
00:39:26,40.5,940,68% (3521 MB free)
00:39:27,40.5,1020,69% (3518 MB free)
00:39:28,40.5,1100,69% (3515 MB free)
00:39:29,40.5,860,68% (3525 MB free)
00:39:30,40.5,1174,68% (3523 MB free)
00:39:31,40.5,1095,68% (3522 MB free)
00:39:32,40.5,1038,68% (3522 MB free)
00:39:33,40.5,1113,69% (3515 MB free)
00:39:34,40.5,1198,69% (3483 MB free)
00:39:35,40.5,620,69% (3482 MB free)
00:39:36,40.5,629,69% (3481 MB free)
00:39:37,40.5,548,69% (3480 MB free)
00:39:38,40.5,544,69% (3436 MB free)
00:39:39,40.5,715,69% (3430 MB free)
00:39:40,40.5,654,69% (3489 MB free)
00:39:41,40.5,634,69% (3488 MB free)
00:39:42,40.5,729,69% (3479 MB free)
00:39:43,40.5,659,69% (3474 MB free)
00:39:44,40.5,594,69% (3474 MB free)
00:39:45,40.5,623,69% (3472 MB free)
00:39:46,40.5,721,69% (3469 MB free)
00:39:47,40.5,700,69% (3470 MB free)
00:39:48,40.5,658,69% (3468 MB free)
00:39:49,40.5,759,69% (3467 MB free)
00:39:50,40.5,665,69% (3466 MB free)
00:39:51,40.5,624,69% (3465 MB free)
00:39:52,40.5,797,69% (3464 MB free)
00:39:53,40.5,735,69% (3458 MB free)
00:39:54,40.5,695,69% (3456 MB free)
00:39:55,40.5,687,69% (3456 MB free)
00:39:56,40.5,614,69% (3455 MB free)
00:39:58,40.5,617,69% (3456 MB free)
00:39:59,40.5,692,69% (3453 MB free)
00:40:00,40.5,724,69% (3459 MB free)
00:40:01,40.5,597,69% (3458 MB free)
00:40:02,40.5,621,69% (3432 MB free)
00:40:03,40.5,1064,69% (3432 MB free)
00:40:04,40.5,1160,69% (3459 MB free)
00:40:05,40.5,1392,69% (3441 MB free)
00:40:06,40.5,1071,69% (3513 MB free)
00:40:07,40.5,1078,69% (3417 MB free)
00:40:08,40.5,1234,70% (3376 MB free)
00:40:09,40.5,1158,58% (4746 MB free)
00:40:10,40.5,1046,56% (4931 MB free)
00:40:11,40.5,1242,56% (4893 MB free)
00:40:12,40.5,951,57% (4850 MB free)
00:40:13,40.5,813,57% (4882 MB free)
00:40:14,40.5,312,57% (4880 MB free)
00:40:15,40.5,263,57% (4872 MB free)
00:40:16,40.5,356,57% (4850 MB free)
00:40:17,40.5,273,57% (4850 MB free)
00:40:18,40.5,237,57% (4865 MB free)
00:40:19,40.5,305,57% (4846 MB free)
00:40:20,40.5,285,57% (4846 MB free)
00:40:21,40.5,499,57% (4849 MB free)
00:40:22,40.5,524,57% (4786 MB free)
00:40:23,40.5,1161,57% (4834 MB free)
00:40:24,40.5,581,57% (4803 MB free)
00:40:25,40.5,605,57% (4793 MB free)
00:40:26,40.5,972,57% (4857 MB free)
00:40:27,40.5,645,56% (4904 MB free)
00:40:28,40.5,518,56% (4903 MB free)
00:40:29,40.5,370,56% (4895 MB free)
00:40:30,40.5,366,57% (4873 MB free)
00:40:31,40.5,699,57% (4877 MB free)
00:40:32,40.5,309,57% (4877 MB free)
00:40:33,40.5,252,57% (4867 MB free)
00:40:34,40.5,291,56% (4964 MB free)
00:40:35,40.5,242,55% (5001 MB free)
00:40:36,40.5,537,56% (4996 MB free)
00:40:37,40.5,451,56% (4995 MB free)
00:40:38,40.5,423,56% (4995 MB free)
00:40:39,40.5,246,56% (4986 MB free)
00:40:40,40.5,285,56% (4972 MB free)
00:40:41,40.5,755,56% (4929 MB free)
00:40:42,40.5,832,56% (4928 MB free)
00:40:43,40.5,358,56% (4901 MB free)
00:40:44,40.5,1050,57% (4863 MB free)
00:40:45,40.5,1078,57% (4797 MB free)
00:40:46,40.5,1208,57% (4797 MB free)
00:40:47,40.5,682,57% (4772 MB free)
00:40:48,40.5,666,58% (4763 MB free)
00:40:49,40.5,271,58% (4726 MB free)
00:40:50,40.5,815,58% (4722 MB free)
00:40:51,40.5,326,58% (4703 MB free)
00:40:52,40.5,436,59% (4624 MB free)
00:40:53,40.5,619,58% (4688 MB free)
00:40:54,40.5,380,58% (4685 MB free)
00:40:55,40.5,332,58% (4671 MB free)
00:40:56,40.5,526,58% (4662 MB free)
00:40:57,40.5,500,58% (4660 MB free)
00:40:58,40.5,303,58% (4660 MB free)
00:40:59,40.5,283,58% (4659 MB free)
00:41:00,40.5,282,58% (4659 MB free)
00:41:01,40.5,293,58% (4657 MB free)
00:41:02,40.5,269,59% (4654 MB free)
00:41:03,40.5,393,59% (4653 MB free)
00:41:04,40.5,412,59% (4653 MB free)
00:41:05,40.5,277,59% (4652 MB free)
00:41:06,40.5,294,59% (4652 MB free)
00:41:07,40.5,311,59% (4652 MB free)
00:41:08,40.5,305,59% (4653 MB free)
00:41:09,40.5,311,59% (4649 MB free)
00:41:10,40.5,279,59% (4649 MB free)
00:41:11,40.5,296,59% (4646 MB free)
00:41:13,40.5,288,59% (4646 MB free)
00:41:14,40.5,275,59% (4646 MB free)
00:41:15,40.5,305,59% (4645 MB free)
00:41:16,40.5,272,59% (4642 MB free)
00:41:17,40.5,329,59% (4642 MB free)
00:41:18,39.8,280,59% (4642 MB free)
00:41:19,39.8,286,59% (4642 MB free)
00:41:20,39.8,289,59% (4638 MB free)
00:41:21,39.8,288,59% (4638 MB free)
00:41:22,39.8,328,59% (4638 MB free)
00:41:23,39.8,287,59% (4638 MB free)
00:41:24,39.8,283,59% (4638 MB free)
00:41:25,39.8,295,59% (4638 MB free)
00:41:26,39.8,278,59% (4637 MB free)
00:41:27,39.8,268,59% (4637 MB free)
00:41:28,39.8,286,59% (4637 MB free)
00:41:29,39.8,293,59% (4637 MB free)
00:41:30,39.8,282,59% (4637 MB free)
00:41:31,39.8,314,59% (4636 MB free)
00:41:32,39.8,327,59% (4625 MB free)
00:41:33,39.8,347,58% (4670 MB free)
00:41:34,39.8,335,58% (4668 MB free)
00:41:35,39.8,327,58% (4669 MB free)
00:41:36,39.8,280,58% (4668 MB free)
00:41:37,39.8,271,58% (4668 MB free)
00:41:38,39.8,274,58% (4667 MB free)
00:41:39,39.8,282,58% (4666 MB free)
00:41:40,39.8,275,58% (4662 MB free)
00:41:41,39.8,434,58% (4660 MB free)
00:41:42,39.8,336,59% (4639 MB free)
00:41:43,39.8,392,59% (4634 MB free)
00:41:44,39.8,250,59% (4634 MB free)
00:41:45,39.8,251,59% (4632 MB free)
00:41:46,39.8,198,59% (4628 MB free)
00:41:47,39.8,385,59% (4628 MB free)
00:41:48,39.8,324,59% (4628 MB free)
00:41:49,39.8,220,59% (4625 MB free)
00:41:50,39.8,371,59% (4623 MB free)
00:41:51,39.8,295,59% (4622 MB free)
00:41:52,39.8,338,59% (4621 MB free)
00:41:53,39.8,291,59% (4621 MB free)
00:41:54,39.8,338,59% (4606 MB free)
00:41:55,39.8,297,59% (4605 MB free)
00:41:56,39.8,433,59% (4602 MB free)
00:41:57,39.8,390,59% (4600 MB free)
00:41:58,39.8,266,59% (4599 MB free)
00:41:59,39.8,371,59% (4598 MB free)
00:42:00,39.8,248,59% (4560 MB free)
00:42:01,39.8,393,59% (4549 MB free)
00:42:02,39.8,660,59% (4571 MB free)
00:42:03,39.8,522,59% (4563 MB free)
00:42:04,39.8,596,59% (4550 MB free)
00:42:05,39.8,367,59% (4547 MB free)
00:42:06,39.8,473,59% (4547 MB free)
00:42:07,39.8,510,59% (4545 MB free)
00:42:08,39.8,494,60% (4538 MB free)
00:42:09,39.8,462,60% (4537 MB free)
00:42:10,39.8,395,60% (4537 MB free)
00:42:11,39.8,358,60% (4537 MB free)
00:42:12,39.8,298,60% (4537 MB free)
00:42:13,39.8,281,60% (4536 MB free)
00:42:14,39.8,287,60% (4536 MB free)
00:42:15,39.8,297,60% (4536 MB free)
00:42:16,39.8,297,60% (4536 MB free)
00:42:17,39.8,287,60% (4536 MB free)
00:42:18,39.8,315,60% (4535 MB free)
00:42:19,39.8,354,60% (4535 MB free)
00:42:20,39.8,393,60% (4534 MB free)
00:42:21,39.8,508,60% (4531 MB free)
00:42:23,39.8,449,60% (4530 MB free)
00:42:24,39.8,559,60% (4528 MB free)
00:42:25,39.8,476,60% (4527 MB free)
00:42:26,39.8,496,60% (4525 MB free)
00:42:27,39.8,458,60% (4521 MB free)
00:42:28,39.8,570,60% (4516 MB free)
00:42:29,39.8,423,60% (4515 MB free)
00:42:30,39.8,461,60% (4536 MB free)
00:42:31,39.8,493,60% (4529 MB free)
00:42:32,39.8,433,60% (4527 MB free)
00:42:33,39.8,404,59% (4562 MB free)
00:42:34,39.8,424,59% (4558 MB free)
00:42:35,39.8,384,59% (4557 MB free)
00:42:36,39.8,375,59% (4556 MB free)
00:42:37,39.8,289,59% (4557 MB free)
00:42:38,39.8,385,59% (4557 MB free)
00:42:39,39.8,290,59% (4557 MB free)
00:42:40,38.9,341,59% (4557 MB free)
00:42:41,38.9,298,59% (4551 MB free)
00:42:42,38.9,286,59% (4551 MB free)
00:42:43,38.9,279,59% (4550 MB free)
00:42:44,38.9,379,59% (4552 MB free)
00:42:45,38.9,354,59% (4552 MB free)
00:42:46,38.9,341,59% (4550 MB free)
00:42:47,38.9,293,59% (4550 MB free)
00:42:48,38.9,275,59% (4550 MB free)
00:42:49,38.9,360,59% (4550 MB free)
00:42:50,38.9,393,59% (4550 MB free)
00:42:51,38.9,336,59% (4549 MB free)
00:42:52,38.9,313,59% (4544 MB free)
00:42:53,38.9,288,59% (4543 MB free)
00:42:54,38.9,289,60% (4541 MB free)
00:42:55,38.9,301,60% (4541 MB free)
00:42:56,38.9,343,60% (4540 MB free)
00:42:57,38.9,294,60% (4540 MB free)
00:42:58,38.9,310,60% (4540 MB free)
00:42:59,38.9,349,60% (4540 MB free)
00:43:00,38.9,379,60% (4540 MB free)
00:43:01,38.9,336,60% (4539 MB free)
00:43:02,38.9,278,60% (4535 MB free)
00:43:03,38.9,292,60% (4521 MB free)
00:43:04,38.9,331,60% (4521 MB free)
00:43:05,38.9,344,60% (4521 MB free)
00:43:06,38.9,295,60% (4520 MB free)
00:43:07,38.9,281,60% (4519 MB free)
00:43:08,38.9,288,60% (4513 MB free)
00:43:09,38.9,312,60% (4510 MB free)
00:43:10,38.9,459,60% (4504 MB free)
00:43:11,38.9,399,60% (4497 MB free)
00:43:12,38.9,293,60% (4484 MB free)
00:43:13,38.9,469,59% (4578 MB free)
00:43:14,38.9,465,59% (4577 MB free)
00:43:15,38.9,362,59% (4577 MB free)
00:43:16,38.9,289,59% (4577 MB free)
00:43:17,38.9,310,59% (4577 MB free)
00:43:18,38.9,323,59% (4577 MB free)
00:43:19,38.9,321,59% (4577 MB free)
00:43:20,38.9,298,59% (4576 MB free)
00:43:21,38.9,282,59% (4573 MB free)
00:43:22,38.9,337,59% (4572 MB free)
00:43:23,38.9,359,59% (4571 MB free)
00:43:24,38.9,343,59% (4571 MB free)
00:43:25,38.9,278,59% (4571 MB free)
00:43:26,38.9,282,59% (4572 MB free)
00:43:27,38.9,295,59% (4573 MB free)
00:43:28,38.9,367,59% (4572 MB free)
00:43:29,38.9,368,59% (4571 MB free)
00:43:30,38.9,279,59% (4561 MB free)
00:43:31,38.9,359,59% (4559 MB free)
00:43:32,38.9,311,59% (4558 MB free)
00:43:33,38.9,286,59% (4561 MB free)
00:43:34,38.9,292,59% (4561 MB free)
00:43:35,38.9,283,59% (4571 MB free)
00:43:36,38.9,281,59% (4570 MB free)
00:43:38,38.9,345,59% (4570 MB free)
00:43:39,38.9,348,59% (4570 MB free)
00:43:40,38.9,356,59% (4569 MB free)
00:43:41,38.9,287,59% (4569 MB free)
00:43:42,38.9,286,59% (4570 MB free)
00:43:43,38.9,524,59% (4569 MB free)
00:43:44,38.9,340,59% (4568 MB free)
00:43:45,38.9,329,59% (4568 MB free)
00:43:46,38.9,284,59% (4567 MB free)
00:43:47,38.9,288,59% (4567 MB free)
00:43:48,38.9,297,59% (4567 MB free)
00:43:49,38.9,323,59% (4567 MB free)
00:43:50,38.9,274,59% (4566 MB free)
00:43:51,38.9,284,59% (4559 MB free)
00:43:52,38.9,485,59% (4558 MB free)
00:43:53,38.9,359,59% (4558 MB free)
00:43:54,38.9,386,59% (4557 MB free)
00:43:55,38.9,278,59% (4557 MB free)
00:43:56,38.9,312,59% (4556 MB free)
00:43:57,38.9,289,59% (4556 MB free)
00:43:58,38.9,314,59% (4556 MB free)
00:43:59,38.9,313,59% (4556 MB free)
00:44:00,38.9,282,59% (4549 MB free)
00:44:01,38.9,354,59% (4548 MB free)
00:44:02,38.9,327,59% (4548 MB free)
00:44:03,38.9,318,59% (4546 MB free)
00:44:04,38.9,329,59% (4544 MB free)
00:44:05,38.9,305,59% (4544 MB free)
00:44:06,38.9,290,60% (4542 MB free)
00:44:07,38.9,381,60% (4541 MB free)
00:44:08,38.9,410,60% (4541 MB free)
00:44:09,38.9,363,60% (4531 MB free)
00:44:10,38.9,287,60% (4529 MB free)
00:44:11,38.9,310,60% (4529 MB free)
00:44:12,38.9,366,59% (4583 MB free)
00:44:13,38.9,320,59% (4582 MB free)
00:44:14,38.9,279,59% (4582 MB free)
00:44:15,38.9,282,59% (4582 MB free)
00:44:16,38.9,341,59% (4582 MB free)
00:44:17,38.9,366,59% (4582 MB free)
00:44:18,38.9,278,59% (4578 MB free)
00:44:19,38.9,321,59% (4572 MB free)
00:44:20,38.9,309,59% (4571 MB free)
00:44:21,38.9,460,59% (4568 MB free)
00:44:22,38.9,367,59% (4568 MB free)
00:44:23,38.9,285,59% (4566 MB free)
00:44:24,38.9,281,59% (4566 MB free)
00:44:25,38.9,295,59% (4565 MB free)
00:44:26,38.9,288,59% (4565 MB free)
00:44:27,38.9,299,59% (4565 MB free)
00:44:28,38.9,294,59% (4564 MB free)
00:44:29,38.9,282,59% (4564 MB free)
00:44:30,38.9,361,59% (4564 MB free)
00:44:31,38.9,358,59% (4564 MB free)
00:44:32,38.9,373,59% (4563 MB free)
00:44:33,38.9,299,59% (4563 MB free)
00:44:34,38.9,276,59% (4562 MB free)
00:44:35,38.9,365,59% (4561 MB free)
00:44:36,38.9,347,59% (4556 MB free)
00:44:37,38.9,412,59% (4554 MB free)
00:44:38,38.9,692,59% (4549 MB free)
00:44:39,38.9,470,60% (4528 MB free)
00:44:40,38.9,432,60% (4527 MB free)
00:44:41,38.9,366,60% (4523 MB free)
00:44:42,37.9,321,60% (4515 MB free)
00:44:43,37.9,242,60% (4515 MB free)
00:44:44,37.9,225,60% (4514 MB free)
00:44:45,37.9,317,60% (4514 MB free)
00:44:46,37.9,428,60% (4513 MB free)
00:44:47,37.9,336,60% (4508 MB free)
00:44:49,37.9,345,60% (4504 MB free)
00:44:50,37.9,326,60% (4504 MB free)
00:44:51,37.9,249,60% (4496 MB free)
00:44:52,37.9,788,60% (4525 MB free)
00:44:53,37.9,556,60% (4501 MB free)
00:44:54,37.9,1036,61% (4394 MB free)
00:44:55,37.9,1263,60% (4542 MB free)
00:44:56,37.9,745,60% (4531 MB free)
