Timestamp,Temperature_C,Current_mA,RAM_Free_MB
19:37:46,31.0,1250,63% (4101 MB free)
19:37:47,31.0,1138,64% (4086 MB free)
19:37:48,31.0,1289,63% (4131 MB free)
19:37:49,31.0,1327,64% (4086 MB free)
19:37:50,31.0,1248,64% (4080 MB free)
19:37:51,31.0,1195,63% (4089 MB free)
19:37:52,31.0,1381,63% (4093 MB free)
19:37:53,31.0,1344,63% (4091 MB free)
19:37:54,31.0,1452,63% (4091 MB free)
19:37:55,31.0,1469,63% (4089 MB free)
19:37:56,31.0,1387,64% (4087 MB free)
19:37:57,31.0,1366,63% (4094 MB free)
19:37:58,31.0,1371,63% (4102 MB free)
19:37:59,31.0,1424,63% (4105 MB free)
19:38:00,31.0,1421,63% (4104 MB free)
19:38:01,31.0,1312,63% (4102 MB free)
19:38:02,31.0,1389,63% (4111 MB free)
19:38:03,31.0,1319,63% (4113 MB free)
19:38:04,31.0,1360,63% (4102 MB free)
19:38:05,31.0,1674,63% (4096 MB free)
19:38:06,31.0,1325,63% (4121 MB free)
19:38:07,31.0,1351,63% (4127 MB free)
19:38:08,31.0,1376,63% (4133 MB free)
19:38:09,31.0,1322,63% (4132 MB free)
19:38:10,31.0,1314,63% (4135 MB free)
19:38:11,31.0,1397,63% (4154 MB free)
19:38:12,31.0,1306,63% (4123 MB free)
19:38:13,31.0,1365,63% (4141 MB free)
19:38:14,32.0,1307,63% (4118 MB free)
19:38:15,32.0,1385,63% (4154 MB free)
19:38:16,32.0,1373,63% (4131 MB free)
19:38:17,32.0,1333,63% (4147 MB free)
19:38:18,32.0,1370,63% (4142 MB free)
19:38:19,32.0,1333,63% (4161 MB free)
19:38:20,32.0,1549,63% (4153 MB free)
19:38:21,32.0,1479,63% (4155 MB free)
19:38:22,32.0,1354,63% (4148 MB free)
19:38:23,32.0,1361,63% (4158 MB free)
19:38:25,32.0,1322,63% (4152 MB free)
19:38:26,32.0,1326,63% (4180 MB free)
19:38:27,32.0,1339,63% (4165 MB free)
19:38:28,32.0,1329,63% (4148 MB free)
19:38:29,32.0,1360,63% (4151 MB free)
19:38:30,32.0,1340,63% (4161 MB free)
19:38:31,32.0,1279,63% (4170 MB free)
19:38:32,32.0,1384,63% (4157 MB free)
19:38:33,32.0,1351,63% (4176 MB free)
19:38:34,32.0,1318,63% (4171 MB free)
19:38:35,32.0,1309,63% (4191 MB free)
19:38:36,32.0,1324,63% (4160 MB free)
19:38:37,32.0,1667,63% (4144 MB free)
19:38:38,32.0,1285,63% (4148 MB free)
19:38:39,32.0,1367,63% (4166 MB free)
19:38:40,32.0,1388,63% (4144 MB free)
19:38:41,32.0,1298,63% (4152 MB free)
19:38:42,32.0,1322,63% (4139 MB free)
19:38:43,32.0,1325,63% (4152 MB free)
19:38:44,32.0,1316,63% (4161 MB free)
19:38:45,32.0,1333,63% (4158 MB free)
19:38:46,32.0,1403,63% (4161 MB free)
19:38:47,32.0,1396,62% (4216 MB free)
19:38:48,32.0,1354,62% (4214 MB free)
19:38:49,32.0,1363,62% (4231 MB free)
19:38:50,32.0,1347,62% (4226 MB free)
19:38:51,32.0,1410,62% (4253 MB free)
19:38:52,32.0,1390,62% (4253 MB free)
19:38:53,32.0,1304,62% (4246 MB free)
19:38:54,32.0,1330,62% (4262 MB free)
19:38:55,32.0,1594,62% (4245 MB free)
19:38:56,32.0,1474,62% (4272 MB free)
19:38:57,32.0,1387,62% (4251 MB free)
19:38:58,32.0,1423,62% (4274 MB free)
19:38:59,32.0,1419,62% (4271 MB free)
19:39:00,32.0,1397,62% (4275 MB free)
19:39:01,32.0,1397,62% (4276 MB free)
19:39:02,32.0,1377,62% (4277 MB free)
19:39:03,32.0,1378,62% (4280 MB free)
19:39:04,32.0,1355,62% (4290 MB free)
19:39:05,32.0,1339,62% (4285 MB free)
19:39:07,32.0,1339,62% (4275 MB free)
19:39:08,32.0,1392,62% (4289 MB free)
19:39:09,32.0,1378,62% (4294 MB free)
19:39:10,32.0,1405,62% (4298 MB free)
19:39:11,32.0,1347,62% (4307 MB free)
19:39:12,32.0,1366,62% (4310 MB free)
19:39:13,32.0,1365,62% (4306 MB free)
19:39:14,32.0,1346,61% (4322 MB free)
19:39:15,32.0,1384,61% (4333 MB free)
19:39:16,33.1,1508,61% (4326 MB free)
19:39:17,33.1,1661,61% (4333 MB free)
19:39:18,33.1,1356,61% (4331 MB free)
19:39:19,33.1,1338,61% (4325 MB free)
19:39:20,33.1,1387,62% (4315 MB free)
19:39:21,33.1,1330,61% (4326 MB free)
19:39:22,33.1,1298,61% (4329 MB free)
19:39:23,33.1,1327,61% (4317 MB free)
19:39:24,33.1,1326,61% (4325 MB free)
19:39:25,33.1,1338,61% (4332 MB free)
19:39:26,33.2,1328,61% (4344 MB free)
19:39:27,33.2,1359,61% (4331 MB free)
19:39:28,33.2,1345,61% (4344 MB free)
19:39:29,33.2,1360,61% (4343 MB free)
19:39:30,33.2,1421,61% (4343 MB free)
19:39:31,33.2,1618,61% (4339 MB free)
19:39:32,33.2,1394,61% (4358 MB free)
19:39:33,33.2,1389,61% (4361 MB free)
19:39:34,33.2,1394,61% (4367 MB free)
19:39:35,33.2,1371,61% (4366 MB free)
19:39:36,33.2,1354,61% (4374 MB free)
19:39:37,33.2,1411,61% (4372 MB free)
19:39:38,33.2,1358,61% (4375 MB free)
19:39:39,33.2,1372,61% (4377 MB free)
19:39:40,33.2,1405,61% (4387 MB free)
19:39:41,33.2,1424,61% (4388 MB free)
19:39:42,33.2,1378,61% (4394 MB free)
19:39:43,33.2,1413,61% (4401 MB free)
19:39:44,33.2,1379,61% (4402 MB free)
19:39:45,33.2,1385,61% (4403 MB free)
19:39:46,33.2,1406,61% (4403 MB free)
19:39:47,33.2,1409,61% (4391 MB free)
19:39:48,33.2,1467,61% (4388 MB free)
19:39:50,33.2,1414,61% (4389 MB free)
19:39:51,33.2,1652,61% (4396 MB free)
19:39:52,33.2,1407,61% (4376 MB free)
19:39:53,33.2,1425,61% (4370 MB free)
19:39:54,33.2,1376,61% (4371 MB free)
19:39:55,33.2,1431,61% (4353 MB free)
19:39:56,33.2,1476,61% (4364 MB free)
19:39:57,33.2,1443,61% (4360 MB free)
19:39:58,33.2,1450,61% (4364 MB free)
19:39:59,33.2,1515,61% (4378 MB free)
19:40:00,33.2,1452,61% (4390 MB free)
19:40:01,33.2,1472,61% (4383 MB free)
19:40:02,33.2,1474,61% (4395 MB free)
19:40:03,33.2,1421,61% (4372 MB free)
19:40:04,33.2,1396,61% (4376 MB free)
19:40:05,33.2,1449,61% (4371 MB free)
19:40:06,33.2,1543,61% (4382 MB free)
19:40:07,33.2,1680,61% (4367 MB free)
19:40:08,33.2,1424,61% (4349 MB free)
19:40:09,33.2,1528,61% (4345 MB free)
19:40:10,33.2,1506,61% (4337 MB free)
19:40:11,33.2,1463,61% (4346 MB free)
19:40:12,33.2,1420,61% (4343 MB free)
19:40:13,33.2,1531,61% (4411 MB free)
19:40:14,33.2,1502,61% (4410 MB free)
19:40:15,33.2,1543,61% (4407 MB free)
19:40:16,33.2,1429,61% (4421 MB free)
19:40:17,34.0,1468,61% (4414 MB free)
19:40:18,34.0,1421,61% (4416 MB free)
19:40:19,34.0,1411,60% (4446 MB free)
19:40:20,34.0,1377,60% (4466 MB free)
19:40:21,34.0,1469,60% (4469 MB free)
19:40:22,34.0,1460,60% (4445 MB free)
19:40:23,34.0,1430,60% (4468 MB free)
19:40:24,34.0,1424,60% (4461 MB free)
19:40:25,34.0,1423,60% (4477 MB free)
19:40:26,34.0,1441,60% (4486 MB free)
19:40:27,34.0,1694,60% (4486 MB free)
19:40:28,34.0,1395,60% (4484 MB free)
19:40:29,34.0,1432,60% (4482 MB free)
19:40:30,34.0,1444,60% (4475 MB free)
19:40:31,34.0,1421,60% (4504 MB free)
19:40:32,34.0,1460,60% (4498 MB free)
19:40:34,34.0,1459,60% (4508 MB free)
19:40:35,34.0,1442,60% (4522 MB free)
19:40:36,34.0,1471,60% (4518 MB free)
19:40:37,34.0,1412,60% (4518 MB free)
19:40:38,34.0,1455,60% (4516 MB free)
19:40:39,34.0,1461,60% (4519 MB free)
19:40:40,34.0,1445,60% (4509 MB free)
19:40:41,34.0,1456,60% (4512 MB free)
19:40:42,34.0,1401,60% (4518 MB free)
19:40:43,34.0,1461,60% (4524 MB free)
19:40:44,34.0,1429,60% (4525 MB free)
19:40:45,34.0,1427,60% (4534 MB free)
19:40:46,34.0,1484,60% (4538 MB free)
19:40:47,34.0,1728,60% (4531 MB free)
19:40:48,34.0,1454,60% (4539 MB free)
19:40:49,34.0,1449,60% (4532 MB free)
19:40:50,34.0,1430,60% (4528 MB free)
19:40:51,34.0,1446,60% (4522 MB free)
19:40:52,34.0,1412,60% (4517 MB free)
19:40:53,34.0,1400,60% (4536 MB free)
19:40:54,34.0,1396,60% (4525 MB free)
19:40:55,34.0,1417,60% (4522 MB free)
19:40:56,34.0,1427,60% (4531 MB free)
19:40:57,34.0,1432,60% (4526 MB free)
19:40:58,34.0,1449,60% (4522 MB free)
19:40:59,34.0,1453,60% (4531 MB free)
19:41:00,34.0,1432,60% (4524 MB free)
19:41:01,34.0,1435,60% (4512 MB free)
19:41:02,34.0,1439,60% (4539 MB free)
19:41:03,34.0,1458,60% (4533 MB free)
19:41:04,34.0,1434,60% (4528 MB free)
19:41:05,34.0,1717,59% (4544 MB free)
19:41:06,34.0,1600,60% (4538 MB free)
19:41:07,34.0,1450,60% (4533 MB free)
19:41:08,34.0,1467,60% (4537 MB free)
19:41:09,34.0,1445,60% (4534 MB free)
19:41:10,34.0,1446,60% (4531 MB free)
19:41:11,34.0,1467,59% (4564 MB free)
19:41:12,34.0,1490,59% (4556 MB free)
19:41:13,34.0,1485,59% (4555 MB free)
19:41:14,34.0,1439,59% (4563 MB free)
19:41:15,34.0,1445,59% (4557 MB free)
19:41:17,34.0,1428,59% (4548 MB free)
19:41:18,34.0,1427,59% (4567 MB free)
19:41:19,34.9,1420,59% (4563 MB free)
19:41:20,34.9,1439,59% (4551 MB free)
19:41:21,34.9,1442,59% (4568 MB free)
19:41:22,34.9,1437,59% (4574 MB free)
19:41:23,34.9,1450,59% (4575 MB free)
19:41:24,34.9,1697,59% (4573 MB free)
19:41:25,34.9,1546,59% (4571 MB free)
19:41:26,34.9,1453,59% (4564 MB free)
19:41:27,34.9,1455,59% (4581 MB free)
19:41:28,34.9,1451,59% (4573 MB free)
19:41:29,35.1,1434,59% (4572 MB free)
19:41:30,35.1,1463,59% (4578 MB free)
19:41:31,35.1,1524,59% (4560 MB free)
19:41:32,35.1,1445,59% (4547 MB free)
19:41:33,35.1,1463,59% (4554 MB free)
19:41:34,35.1,1422,59% (4558 MB free)
19:41:35,35.1,1445,59% (4549 MB free)
19:41:36,35.1,1446,59% (4563 MB free)
19:41:37,35.1,1422,59% (4548 MB free)
19:41:38,35.1,1392,60% (4526 MB free)
19:41:39,35.1,1430,59% (4543 MB free)
19:41:40,35.1,1426,59% (4543 MB free)
19:41:41,35.1,1418,60% (4534 MB free)
19:41:42,35.1,1383,59% (4553 MB free)
19:41:43,35.1,1650,60% (4530 MB free)
19:41:44,35.1,1420,59% (4567 MB free)
19:41:45,35.1,1445,59% (4627 MB free)
19:41:46,35.1,1438,59% (4632 MB free)
19:41:47,35.1,1440,59% (4623 MB free)
19:41:48,35.1,1453,59% (4630 MB free)
19:41:49,35.1,1417,59% (4632 MB free)
19:41:50,35.1,1408,58% (4667 MB free)
19:41:51,35.1,1449,59% (4650 MB free)
19:41:52,35.1,1451,58% (4691 MB free)
19:41:53,35.1,1449,58% (4702 MB free)
19:41:54,35.1,1426,58% (4711 MB free)
19:41:55,35.1,1431,58% (4718 MB free)
19:41:56,35.1,1493,58% (4725 MB free)
19:41:57,35.1,1611,58% (4716 MB free)
19:41:58,35.1,1404,58% (4707 MB free)
19:42:00,35.1,1371,58% (4708 MB free)
19:42:01,35.1,1365,58% (4714 MB free)
19:42:02,35.1,1357,58% (4724 MB free)
19:42:03,35.1,1479,58% (4727 MB free)
19:42:04,35.1,1388,58% (4734 MB free)
19:42:05,35.1,1366,58% (4732 MB free)
19:42:06,35.1,1352,58% (4738 MB free)
19:42:07,35.1,1376,58% (4745 MB free)
19:42:08,35.1,1474,58% (4748 MB free)
19:42:09,35.1,1419,58% (4732 MB free)
19:42:10,35.1,1362,58% (4729 MB free)
19:42:11,35.1,1434,58% (4722 MB free)
19:42:12,35.1,1328,58% (4730 MB free)
19:42:13,35.1,1367,58% (4714 MB free)
19:42:14,35.1,1437,58% (4732 MB free)
19:42:15,35.1,1438,58% (4744 MB free)
19:42:16,35.1,1410,58% (4747 MB free)
19:42:17,35.1,1633,58% (4731 MB free)
19:42:18,35.1,1475,58% (4733 MB free)
19:42:19,35.1,1484,58% (4723 MB free)
19:42:20,35.1,1400,58% (4739 MB free)
19:42:21,35.1,1406,58% (4741 MB free)
19:42:22,35.1,1364,58% (4760 MB free)
19:42:23,35.1,1352,58% (4737 MB free)
19:42:24,35.1,1369,58% (4737 MB free)
19:42:25,35.1,1382,58% (4733 MB free)
19:42:26,35.1,1368,58% (4743 MB free)
19:42:27,35.1,1337,58% (4754 MB free)
19:42:28,35.1,1391,58% (4750 MB free)
19:42:29,35.1,1379,58% (4753 MB free)
19:42:30,35.1,1413,58% (4757 MB free)
19:42:31,35.1,1410,58% (4757 MB free)
19:42:32,35.1,1429,58% (4759 MB free)
19:42:33,35.1,1432,58% (4768 MB free)
19:42:34,35.1,1431,57% (4771 MB free)
19:42:35,35.1,1414,58% (4767 MB free)
19:42:36,35.1,1636,58% (4751 MB free)
19:42:37,35.1,1416,58% (4767 MB free)
19:42:38,35.1,1394,57% (4770 MB free)
19:42:39,35.1,1399,57% (4778 MB free)
19:42:40,35.1,1397,58% (4764 MB free)
19:42:42,35.1,1405,58% (4766 MB free)
19:42:43,35.1,1470,57% (4779 MB free)
19:42:44,35.1,1436,57% (4791 MB free)
19:42:45,35.1,1444,57% (4771 MB free)
19:42:46,35.1,1541,57% (4771 MB free)
19:42:47,35.1,1459,57% (4776 MB free)
19:42:48,35.1,1445,57% (4781 MB free)
19:42:49,35.1,1405,57% (4774 MB free)
19:42:50,35.1,1443,58% (4764 MB free)
19:42:51,36.1,1427,58% (4762 MB free)
19:42:52,36.1,1429,58% (4764 MB free)
19:42:53,36.1,1395,58% (4756 MB free)
19:42:54,36.1,1436,58% (4762 MB free)
19:42:55,36.1,1433,57% (4772 MB free)
19:42:56,36.1,1443,58% (4765 MB free)
19:42:57,36.1,1434,58% (4766 MB free)
19:42:58,36.1,1682,58% (4768 MB free)
19:42:59,36.1,1431,57% (4773 MB free)
19:43:00,36.1,1437,57% (4776 MB free)
19:43:01,36.1,1465,57% (4778 MB free)
19:43:02,36.1,1445,58% (4763 MB free)
19:43:03,36.1,1479,57% (4777 MB free)
19:43:04,36.1,1438,57% (4775 MB free)
19:43:05,36.1,1462,57% (4779 MB free)
19:43:06,36.1,1425,57% (4778 MB free)
19:43:07,36.1,1427,57% (4776 MB free)
19:43:08,36.1,1430,58% (4761 MB free)
19:43:09,36.1,1408,58% (4762 MB free)
19:43:10,36.1,1399,58% (4758 MB free)
19:43:11,36.1,1458,57% (4774 MB free)
19:43:12,36.1,1489,58% (4758 MB free)
19:43:13,36.1,1390,58% (4747 MB free)
19:43:14,36.1,1436,58% (4743 MB free)
19:43:15,36.1,1402,58% (4768 MB free)
19:43:16,36.1,1443,58% (4742 MB free)
19:43:17,36.1,1575,58% (4751 MB free)
19:43:18,36.1,1411,57% (4841 MB free)
19:43:19,36.1,1335,57% (4837 MB free)
19:43:20,36.1,1394,57% (4845 MB free)
19:43:21,36.4,1436,57% (4845 MB free)
19:43:22,36.4,1438,57% (4860 MB free)
19:43:24,36.4,1464,57% (4859 MB free)
19:43:25,36.4,1448,57% (4865 MB free)
19:43:26,36.4,1448,57% (4865 MB free)
19:43:27,36.4,1472,57% (4862 MB free)
19:43:28,36.4,1429,57% (4860 MB free)
19:43:29,36.4,1455,57% (4864 MB free)
19:43:30,36.4,1481,57% (4850 MB free)
19:43:31,36.4,1449,57% (4851 MB free)
19:43:32,36.4,1447,57% (4875 MB free)
19:43:33,36.4,1453,57% (4854 MB free)
19:43:34,36.4,1366,57% (4846 MB free)
19:43:35,36.4,1361,57% (4840 MB free)
19:43:36,36.4,1402,57% (4861 MB free)
19:43:37,36.4,1490,57% (4867 MB free)
19:43:38,36.4,1485,57% (4844 MB free)
19:43:39,36.4,1711,57% (4844 MB free)
19:43:40,36.4,1404,57% (4856 MB free)
19:43:41,36.4,1417,57% (4854 MB free)
19:43:42,36.4,1420,57% (4845 MB free)
19:43:43,36.4,1453,57% (4844 MB free)
19:43:44,36.4,1383,57% (4859 MB free)
19:43:45,36.4,1378,57% (4841 MB free)
19:43:46,36.4,1426,57% (4841 MB free)
19:43:47,36.4,1389,57% (4855 MB free)
19:43:48,36.4,1400,57% (4835 MB free)
19:43:49,36.4,1422,57% (4845 MB free)
19:43:50,36.4,1369,57% (4843 MB free)
19:43:51,36.4,1428,57% (4850 MB free)
19:43:52,36.4,1387,57% (4844 MB free)
19:43:53,36.4,1389,57% (4823 MB free)
19:43:54,36.4,1399,57% (4840 MB free)
19:43:55,36.4,1396,56% (4887 MB free)
19:43:56,36.4,1454,56% (4894 MB free)
19:43:57,36.4,1422,56% (4924 MB free)
19:43:58,36.4,1381,56% (4929 MB free)
19:43:59,36.4,1406,56% (4933 MB free)
19:44:00,36.4,1431,56% (4929 MB free)
19:44:01,36.4,1370,56% (4926 MB free)
19:44:02,37.0,1377,56% (4935 MB free)
19:44:03,37.0,1431,56% (4927 MB free)
19:44:04,37.0,1674,56% (4928 MB free)
19:44:06,37.0,1384,56% (4901 MB free)
19:44:07,37.0,1472,56% (4918 MB free)
19:44:08,37.0,1416,56% (4920 MB free)
19:44:09,37.0,1423,56% (4932 MB free)
19:44:10,37.0,1437,56% (4915 MB free)
19:44:11,37.0,1418,56% (4922 MB free)
19:44:12,37.0,1434,56% (4921 MB free)
19:44:13,37.0,1438,56% (4920 MB free)
19:44:14,37.0,1433,56% (4923 MB free)
19:44:15,37.0,1430,56% (4910 MB free)
19:44:16,37.0,1384,56% (4913 MB free)
19:44:17,37.0,1442,56% (4907 MB free)
19:44:18,37.0,1371,56% (4909 MB free)
19:44:19,37.0,1371,56% (4912 MB free)
19:44:20,37.0,1395,56% (4910 MB free)
19:44:21,37.0,1417,56% (4908 MB free)
19:44:22,37.0,1387,56% (4914 MB free)
19:44:23,37.0,1415,56% (4918 MB free)
19:44:24,37.0,1426,56% (4935 MB free)
19:44:25,37.0,1671,56% (4931 MB free)
19:44:26,37.0,1445,56% (4924 MB free)
19:44:27,37.0,1459,56% (4914 MB free)
19:44:28,37.0,1403,56% (4925 MB free)
19:44:29,37.0,1412,56% (4912 MB free)
19:44:30,37.0,1426,56% (4912 MB free)
19:44:31,37.0,1387,56% (4910 MB free)
19:44:32,37.0,1387,56% (4915 MB free)
19:44:33,37.0,1362,56% (4922 MB free)
19:44:34,37.0,1421,56% (4926 MB free)
19:44:35,37.0,1367,56% (4929 MB free)
19:44:36,37.0,1393,56% (4932 MB free)
19:44:37,37.0,1360,56% (4933 MB free)
19:44:38,37.0,1633,56% (4934 MB free)
19:44:39,37.0,1660,56% (4929 MB free)
19:44:40,37.0,1390,56% (4923 MB free)
19:44:41,37.0,1391,56% (4930 MB free)
19:44:42,37.0,1365,56% (4921 MB free)
19:44:43,37.0,1489,56% (4928 MB free)
19:44:44,37.0,1471,56% (4935 MB free)
19:44:45,37.0,1466,56% (4934 MB free)
19:44:46,37.0,1438,56% (4931 MB free)
19:44:47,37.0,1448,55% (5003 MB free)
19:44:48,37.0,1365,55% (5009 MB free)
19:44:50,37.0,1402,55% (5013 MB free)
19:44:51,37.0,1378,55% (5007 MB free)
19:44:52,37.0,1349,55% (5022 MB free)
19:44:53,37.0,1313,55% (5022 MB free)
19:44:54,37.0,1284,55% (5020 MB free)
19:44:55,37.0,1346,55% (5022 MB free)
19:44:56,37.0,1394,55% (5029 MB free)
19:44:57,37.0,1322,55% (5028 MB free)
19:44:58,37.0,1337,55% (5030 MB free)
19:44:59,37.0,1448,55% (5024 MB free)
19:45:00,37.0,1561,55% (5025 MB free)
19:45:01,37.0,1371,55% (5011 MB free)
19:45:02,37.0,1372,55% (5017 MB free)
19:45:03,37.0,1337,55% (5022 MB free)
19:45:04,37.0,1262,55% (5026 MB free)
19:45:05,37.0,1348,55% (5022 MB free)
19:45:06,37.0,1356,55% (5020 MB free)
19:45:07,37.0,1322,55% (5010 MB free)
19:45:08,37.0,1343,55% (5026 MB free)
19:45:09,37.0,1272,55% (5028 MB free)
19:45:10,37.0,1321,55% (5033 MB free)
19:45:11,37.0,1636,55% (5040 MB free)
19:45:12,37.0,1162,55% (5043 MB free)
19:45:13,37.0,1354,55% (5048 MB free)
19:45:14,37.0,1346,55% (5035 MB free)
19:45:15,37.0,1342,55% (5029 MB free)
19:45:16,37.0,1277,55% (5028 MB free)
19:45:17,37.0,1275,55% (5043 MB free)
19:45:18,37.0,1328,55% (5035 MB free)
19:45:19,37.0,1346,55% (5031 MB free)
19:45:20,37.0,1570,55% (5003 MB free)
19:45:21,37.0,1415,55% (5007 MB free)
19:45:22,37.0,1362,55% (5028 MB free)
19:45:23,37.0,1373,55% (5004 MB free)
19:45:24,37.7,1402,55% (5024 MB free)
19:45:25,37.7,1368,54% (5122 MB free)
19:45:26,37.7,1385,54% (5187 MB free)
19:45:27,37.7,1564,54% (5163 MB free)
19:45:28,37.7,1553,54% (5143 MB free)
19:45:29,37.7,1550,54% (5177 MB free)
19:45:30,37.7,1365,54% (5149 MB free)
19:45:31,37.7,1425,54% (5152 MB free)
19:45:32,37.7,1692,54% (5137 MB free)
19:45:33,37.7,1427,54% (5130 MB free)
19:45:34,37.7,1412,54% (5126 MB free)
19:45:36,37.7,1401,54% (5131 MB free)
19:45:37,37.7,1388,54% (5132 MB free)
19:45:38,37.7,1366,54% (5134 MB free)
19:45:39,37.7,1388,54% (5143 MB free)
19:45:40,37.7,1354,54% (5141 MB free)
19:45:41,37.7,1367,54% (5149 MB free)
19:45:42,37.7,1337,54% (5152 MB free)
19:45:43,37.7,1331,54% (5151 MB free)
19:45:44,37.7,1364,54% (5156 MB free)
19:45:45,37.7,1312,54% (5156 MB free)
19:45:46,37.7,1254,54% (5165 MB free)
19:45:47,37.7,1351,54% (5164 MB free)
19:45:48,37.7,1051,54% (5175 MB free)
19:45:49,37.7,1094,54% (5180 MB free)
19:45:50,37.7,1150,54% (5173 MB free)
19:45:51,37.7,1108,54% (5169 MB free)
19:45:52,37.7,1081,54% (5168 MB free)
19:45:53,37.7,1066,54% (5166 MB free)
19:45:54,37.7,1051,54% (5164 MB free)
19:45:55,38.0,1045,54% (5162 MB free)
19:45:56,38.0,1057,54% (5159 MB free)
19:45:57,38.0,1015,54% (5157 MB free)
19:45:58,38.0,1032,54% (5180 MB free)
19:45:59,38.0,1037,54% (5177 MB free)
19:46:00,38.0,1025,54% (5174 MB free)
19:46:01,38.0,1004,54% (5171 MB free)
19:46:02,38.0,997,54% (5168 MB free)
19:46:03,38.0,994,54% (5165 MB free)
19:46:04,38.0,1007,54% (5162 MB free)
19:46:05,38.0,1010,54% (5160 MB free)
19:46:06,38.0,1011,54% (5158 MB free)
19:46:07,38.0,985,54% (5157 MB free)
19:46:08,38.0,987,54% (5155 MB free)
19:46:09,38.0,976,54% (5154 MB free)
19:46:10,38.0,1007,54% (5154 MB free)
19:46:11,38.0,989,54% (5153 MB free)
19:46:12,38.0,1043,54% (5151 MB free)
19:46:13,38.0,994,54% (5167 MB free)
19:46:14,38.0,1001,54% (5164 MB free)
19:46:15,38.0,1001,53% (5237 MB free)
19:46:16,38.0,1069,53% (5231 MB free)
19:46:17,38.0,1042,53% (5231 MB free)
19:46:18,38.0,1065,53% (5229 MB free)
19:46:19,38.0,1015,53% (5226 MB free)
19:46:20,38.0,1104,53% (5227 MB free)
19:46:21,38.0,1019,53% (5225 MB free)
19:46:22,38.0,1009,54% (5224 MB free)
19:46:23,38.0,1047,54% (5220 MB free)
19:46:24,38.0,1032,54% (5218 MB free)
19:46:25,38.0,1018,54% (5217 MB free)
19:46:26,38.0,1009,54% (5220 MB free)
19:46:27,38.0,1348,54% (5217 MB free)
19:46:28,38.0,1155,54% (5213 MB free)
19:46:29,38.0,1037,54% (5211 MB free)
19:46:31,38.0,992,54% (5208 MB free)
19:46:32,38.0,1001,54% (5207 MB free)
19:46:33,38.0,1006,54% (5201 MB free)
19:46:34,38.0,1098,54% (5199 MB free)
19:46:35,38.0,1112,54% (5198 MB free)
19:46:36,38.0,1117,54% (5196 MB free)
19:46:37,38.0,1012,54% (5192 MB free)
19:46:38,38.0,1023,54% (5190 MB free)
19:46:39,38.0,1035,54% (5189 MB free)
19:46:40,38.0,1000,54% (5187 MB free)
19:46:41,38.0,1020,54% (5186 MB free)
19:46:42,38.0,1012,54% (5185 MB free)
19:46:43,38.0,994,54% (5183 MB free)
19:46:44,38.0,985,54% (5182 MB free)
19:46:45,38.0,1004,54% (5180 MB free)
19:46:46,38.0,998,54% (5179 MB free)
19:46:47,37.9,1076,54% (5208 MB free)
19:46:48,37.9,1015,54% (5195 MB free)
19:46:49,37.9,1016,54% (5194 MB free)
19:46:50,37.9,1010,54% (5192 MB free)
19:46:51,37.9,994,54% (5189 MB free)
19:46:52,37.9,1273,54% (5200 MB free)
19:46:53,37.9,1005,54% (5196 MB free)
19:46:54,37.9,1010,54% (5194 MB free)
19:46:55,37.9,1048,54% (5207 MB free)
19:46:56,37.9,992,54% (5202 MB free)
19:46:57,37.9,982,54% (5201 MB free)
19:46:58,37.9,1050,54% (5198 MB free)
19:46:59,37.9,1020,54% (5196 MB free)
19:47:00,37.9,1015,54% (5194 MB free)
19:47:01,37.9,1009,54% (5193 MB free)
19:47:02,37.9,997,54% (5190 MB free)
19:47:03,37.9,1042,54% (5188 MB free)
19:47:04,37.9,1066,54% (5195 MB free)
19:47:05,37.9,1059,54% (5193 MB free)
19:47:06,37.9,1036,54% (5192 MB free)
19:47:07,37.9,1017,54% (5190 MB free)
19:47:08,37.9,1003,54% (5188 MB free)
19:47:09,37.9,1042,54% (5186 MB free)
19:47:10,37.9,989,54% (5184 MB free)
19:47:11,37.9,986,54% (5182 MB free)
19:47:12,37.9,1001,54% (5181 MB free)
19:47:13,37.9,1003,54% (5181 MB free)
19:47:14,37.9,992,54% (5181 MB free)
19:47:15,37.9,998,54% (5180 MB free)
19:47:16,37.9,998,54% (5179 MB free)
19:47:17,37.9,982,54% (5182 MB free)
19:47:18,37.9,1073,54% (5180 MB free)
19:47:19,37.9,1150,54% (5176 MB free)
19:47:20,37.9,1102,54% (5178 MB free)
19:47:21,37.9,1296,54% (5172 MB free)
19:47:22,37.9,1015,54% (5168 MB free)
19:47:23,37.9,1024,54% (5165 MB free)
19:47:24,37.9,1118,54% (5163 MB free)
19:47:25,37.9,1008,54% (5160 MB free)
19:47:26,37.9,1001,54% (5157 MB free)
19:47:28,37.9,985,54% (5156 MB free)
19:47:29,37.9,980,54% (5192 MB free)
19:47:30,37.9,1011,54% (5190 MB free)
19:47:31,37.9,992,54% (5176 MB free)
19:47:32,37.9,997,54% (5174 MB free)
19:47:33,37.9,981,54% (5171 MB free)
19:47:34,37.9,970,54% (5169 MB free)
19:47:35,37.9,1000,54% (5168 MB free)
19:47:36,37.9,998,54% (5165 MB free)
19:47:37,37.9,1023,54% (5163 MB free)
19:47:38,37.9,986,54% (5162 MB free)
19:47:39,37.9,975,54% (5161 MB free)
19:47:40,37.9,972,54% (5160 MB free)
19:47:41,37.9,987,54% (5158 MB free)
19:47:42,37.9,977,54% (5156 MB free)
19:47:43,37.9,967,54% (5155 MB free)
19:47:44,37.9,962,54% (5155 MB free)
19:47:45,37.9,1179,54% (5154 MB free)
19:47:46,37.9,1053,54% (5152 MB free)
19:47:47,37.9,1021,54% (5150 MB free)
19:47:48,37.9,979,54% (5148 MB free)
19:47:49,37.9,1058,54% (5147 MB free)
19:47:50,37.9,976,54% (5145 MB free)
19:47:51,37.9,960,54% (5144 MB free)
19:47:52,37.9,968,54% (5216 MB free)
19:47:53,37.9,1089,54% (5215 MB free)
19:47:54,37.9,985,54% (5213 MB free)
19:47:55,37.9,962,54% (5211 MB free)
19:47:56,37.9,952,54% (5211 MB free)
19:47:57,37.9,965,54% (5208 MB free)
19:47:58,37.9,961,54% (5207 MB free)
19:47:59,37.9,967,54% (5207 MB free)
19:48:00,37.9,962,54% (5202 MB free)
19:48:01,37.9,1001,54% (5202 MB free)
19:48:02,37.9,981,54% (5198 MB free)
19:48:03,37.9,969,54% (5197 MB free)
19:48:04,37.9,975,54% (5196 MB free)
19:48:05,37.9,974,54% (5191 MB free)
19:48:06,37.9,1011,54% (5190 MB free)
19:48:07,37.9,989,54% (5189 MB free)
19:48:08,37.9,974,54% (5188 MB free)
19:48:09,37.9,1000,54% (5187 MB free)
19:48:10,37.9,974,54% (5187 MB free)
19:48:11,37.9,983,54% (5186 MB free)
19:48:12,37.9,973,54% (5184 MB free)
19:48:13,37.9,1004,54% (5183 MB free)
19:48:14,37.9,1027,54% (5182 MB free)
19:48:15,37.9,1016,54% (5167 MB free)
19:48:16,37.9,1002,54% (5196 MB free)
19:48:17,37.9,1000,54% (5193 MB free)
19:48:18,37.8,1000,54% (5186 MB free)
19:48:19,37.8,1148,53% (5227 MB free)
19:48:20,37.8,1026,53% (5225 MB free)
19:48:21,37.8,995,54% (5224 MB free)
19:48:22,37.8,968,54% (5218 MB free)
19:48:24,37.8,981,54% (5217 MB free)
19:48:25,37.8,982,54% (5216 MB free)
19:48:26,37.8,986,54% (5214 MB free)
19:48:27,37.8,978,54% (5211 MB free)
19:48:28,37.8,978,54% (5210 MB free)
19:48:29,37.8,969,54% (5209 MB free)
19:48:30,37.8,984,54% (5207 MB free)
19:48:31,37.8,969,54% (5204 MB free)
19:48:32,37.8,969,54% (5201 MB free)
19:48:33,37.8,945,54% (5201 MB free)
19:48:34,37.8,956,54% (5200 MB free)
19:48:35,37.8,985,54% (5197 MB free)
19:48:36,37.8,972,54% (5195 MB free)
19:48:37,37.8,967,54% (5193 MB free)
19:48:38,37.8,959,54% (5189 MB free)
19:48:39,37.8,965,54% (5188 MB free)
19:48:40,37.8,981,54% (5186 MB free)
19:48:41,37.8,976,54% (5184 MB free)
19:48:42,37.8,969,54% (5183 MB free)
19:48:43,37.8,984,54% (5183 MB free)
19:48:44,37.8,992,54% (5182 MB free)
19:48:45,37.8,994,54% (5181 MB free)
19:48:46,37.8,986,54% (5181 MB free)
19:48:47,37.8,955,54% (5179 MB free)
19:48:48,37.8,974,54% (5178 MB free)
19:48:49,37.8,971,54% (5176 MB free)
19:48:50,37.8,1002,54% (5216 MB free)
19:48:51,37.8,989,54% (5200 MB free)
19:48:52,37.8,975,54% (5197 MB free)
19:48:53,37.8,965,54% (5197 MB free)
19:48:54,37.8,970,54% (5194 MB free)
19:48:55,37.8,976,54% (5194 MB free)
19:48:56,37.8,979,54% (5192 MB free)
19:48:57,37.8,959,54% (5189 MB free)
19:48:58,37.8,955,54% (5187 MB free)
19:48:59,37.8,950,54% (5186 MB free)
19:49:00,37.8,991,54% (5183 MB free)
19:49:01,37.8,953,54% (5181 MB free)
19:49:02,37.8,963,54% (5181 MB free)
19:49:03,37.8,961,54% (5180 MB free)
19:49:04,37.8,958,54% (5180 MB free)
19:49:05,37.8,985,54% (5179 MB free)
19:49:06,37.8,954,54% (5175 MB free)
19:49:07,37.8,1004,54% (5175 MB free)
19:49:08,37.8,1110,54% (5172 MB free)
19:49:09,37.8,1048,54% (5171 MB free)
19:49:10,37.8,1100,54% (5170 MB free)
19:49:11,37.8,1015,54% (5170 MB free)
19:49:12,37.8,1010,54% (5167 MB free)
19:49:13,37.8,971,54% (5190 MB free)
19:49:14,37.8,970,54% (5179 MB free)
19:49:15,37.8,955,54% (5176 MB free)
19:49:16,37.8,964,54% (5173 MB free)
19:49:17,37.8,970,54% (5168 MB free)
19:49:18,37.8,1099,54% (5166 MB free)
19:49:20,37.8,1001,54% (5162 MB free)
19:49:21,37.8,971,54% (5161 MB free)
19:49:22,37.8,960,54% (5157 MB free)
19:49:23,37.8,957,54% (5155 MB free)
19:49:24,37.8,957,54% (5154 MB free)
19:49:25,37.8,966,54% (5151 MB free)
19:49:26,37.8,983,54% (5150 MB free)
19:49:27,37.8,960,54% (5149 MB free)
19:49:28,37.8,960,54% (5221 MB free)
19:49:29,37.8,957,54% (5218 MB free)
19:49:30,37.8,953,54% (5215 MB free)
19:49:31,37.8,955,54% (5214 MB free)
19:49:32,37.8,937,54% (5212 MB free)
19:49:33,37.8,942,54% (5210 MB free)
19:49:34,37.8,962,54% (5209 MB free)
19:49:35,37.8,967,54% (5208 MB free)
19:49:36,37.8,952,54% (5206 MB free)
19:49:37,37.8,953,54% (5205 MB free)
19:49:38,37.8,956,54% (5204 MB free)
19:49:39,37.8,979,54% (5202 MB free)
19:49:40,37.8,962,54% (5201 MB free)
19:49:41,37.8,921,54% (5199 MB free)
19:49:42,37.8,935,54% (5197 MB free)
19:49:43,37.8,962,54% (5196 MB free)
19:49:44,37.8,946,54% (5200 MB free)
19:49:45,37.8,956,54% (5200 MB free)
19:49:46,37.8,955,54% (5197 MB free)
19:49:47,37.8,991,54% (5198 MB free)
19:49:48,37.8,1027,54% (5197 MB free)
19:49:49,37.8,1078,54% (5194 MB free)
19:49:50,37.8,955,53% (5261 MB free)
19:49:51,37.8,1351,53% (5256 MB free)
19:49:52,37.8,1134,53% (5291 MB free)
19:49:53,37.8,1278,53% (5303 MB free)
19:49:54,37.8,1233,53% (5294 MB free)
19:49:55,37.8,974,53% (5293 MB free)
19:49:56,37.8,970,53% (5290 MB free)
19:49:57,37.8,998,53% (5289 MB free)
19:49:58,37.8,974,53% (5284 MB free)
19:49:59,37.8,1001,53% (5284 MB free)
19:50:00,37.8,999,53% (5282 MB free)
19:50:01,37.8,979,53% (5280 MB free)
19:50:02,37.8,979,53% (5277 MB free)
19:50:03,37.8,967,53% (5276 MB free)
19:50:04,37.8,959,53% (5275 MB free)
19:50:05,37.8,995,53% (5274 MB free)
19:50:06,37.8,990,53% (5273 MB free)
19:50:07,37.8,998,53% (5270 MB free)
19:50:08,37.8,975,53% (5269 MB free)
19:50:09,37.8,963,53% (5269 MB free)
19:50:10,37.8,958,53% (5266 MB free)
19:50:11,37.8,1056,53% (5279 MB free)
19:50:12,37.8,1209,53% (5250 MB free)
19:50:13,37.8,1071,53% (5266 MB free)
19:50:14,37.8,1042,53% (5260 MB free)
19:50:15,37.8,1049,53% (5254 MB free)
19:50:16,37.8,1116,53% (5244 MB free)
19:50:17,37.8,1236,53% (5233 MB free)
19:50:18,37.8,1147,53% (5242 MB free)
19:50:20,37.8,1200,53% (5241 MB free)
19:50:21,37.8,1258,53% (5234 MB free)
19:50:22,37.8,1304,53% (5259 MB free)
19:50:23,37.8,1092,53% (5268 MB free)
19:50:24,37.8,1129,53% (5261 MB free)
19:50:25,37.8,1120,53% (5247 MB free)
19:50:26,37.8,1146,53% (5248 MB free)
19:50:27,37.8,1093,53% (5246 MB free)
19:50:28,37.8,1090,53% (5236 MB free)
19:50:29,37.8,1099,53% (5261 MB free)
19:50:30,37.8,1140,53% (5247 MB free)
19:50:31,37.8,1132,53% (5251 MB free)
19:50:32,37.8,1090,53% (5244 MB free)
19:50:33,37.8,1137,53% (5246 MB free)
19:50:34,37.8,1109,53% (5236 MB free)
19:50:35,37.8,1100,53% (5236 MB free)
19:50:36,37.8,1312,53% (5257 MB free)
19:50:37,37.8,1133,53% (5250 MB free)
19:50:38,37.8,1059,53% (5259 MB free)
19:50:39,37.8,1061,53% (5251 MB free)
19:50:40,37.8,1387,53% (5234 MB free)
19:50:41,37.8,1168,53% (5254 MB free)
19:50:42,37.8,1113,53% (5251 MB free)
19:50:43,37.8,1155,53% (5240 MB free)
19:50:44,37.8,1119,53% (5250 MB free)
19:50:45,37.8,1106,53% (5242 MB free)
19:50:46,37.8,1124,53% (5252 MB free)
19:50:47,37.8,1052,53% (5247 MB free)
19:50:48,37.8,1085,53% (5244 MB free)
19:50:49,37.8,1117,53% (5253 MB free)
19:50:50,37.8,1140,53% (5253 MB free)
19:50:51,37.8,1106,53% (5247 MB free)
19:50:52,37.8,1146,53% (5254 MB free)
19:50:53,37.8,1152,53% (5253 MB free)
19:50:54,37.8,1147,53% (5258 MB free)
19:50:55,37.8,1095,53% (5252 MB free)
19:50:56,37.8,1063,53% (5250 MB free)
19:50:57,37.8,1121,53% (5229 MB free)
19:50:58,37.8,1097,53% (5300 MB free)
19:50:59,37.8,1165,53% (5316 MB free)
19:51:00,37.8,1059,53% (5312 MB free)
19:51:01,37.8,1143,53% (5321 MB free)
19:51:02,37.8,1118,53% (5331 MB free)
19:51:03,37.8,1161,53% (5324 MB free)
19:51:04,37.8,1155,53% (5324 MB free)
19:51:05,37.8,1128,53% (5324 MB free)
19:51:06,37.8,1055,53% (5319 MB free)
19:51:07,37.8,1136,53% (5327 MB free)
19:51:08,37.8,1105,53% (5317 MB free)
19:51:09,37.8,1076,53% (5325 MB free)
19:51:10,37.8,1115,53% (5327 MB free)
19:51:11,37.8,1097,53% (5329 MB free)
19:51:12,37.9,1077,53% (5323 MB free)
19:51:13,37.9,1343,53% (5329 MB free)
19:51:14,37.9,1193,53% (5328 MB free)
19:51:15,37.9,1087,53% (5336 MB free)
19:51:16,37.9,1061,53% (5309 MB free)
19:51:18,37.9,1182,53% (5292 MB free)
19:51:19,37.9,1190,53% (5300 MB free)
19:51:20,37.9,1283,53% (5302 MB free)
19:51:21,37.9,1393,53% (5302 MB free)
19:51:22,37.9,1108,53% (5298 MB free)
19:51:23,37.9,1135,53% (5302 MB free)
19:51:24,37.9,1066,53% (5301 MB free)
19:51:25,37.9,1134,53% (5301 MB free)
19:51:26,37.9,1123,53% (5294 MB free)
19:51:27,37.9,1117,53% (5298 MB free)
19:51:28,37.9,1116,53% (5294 MB free)
19:51:29,37.9,1126,53% (5296 MB free)
19:51:30,37.9,1114,53% (5294 MB free)
19:51:31,37.9,1206,53% (5293 MB free)
19:51:32,37.9,1138,53% (5293 MB free)
19:51:33,38.0,1158,53% (5295 MB free)
19:51:34,38.0,1135,53% (5293 MB free)
19:51:35,38.0,1121,53% (5301 MB free)
19:51:36,38.0,1059,53% (5291 MB free)
19:51:37,38.0,1149,53% (5291 MB free)
19:51:38,38.0,1163,53% (5305 MB free)
19:51:39,38.0,1169,53% (5304 MB free)
19:51:40,38.0,1157,53% (5301 MB free)
19:51:41,38.0,1096,53% (5309 MB free)
19:51:42,38.0,1072,53% (5281 MB free)
19:51:43,38.0,1145,53% (5299 MB free)
19:51:44,38.0,1123,53% (5298 MB free)
19:51:45,38.0,1121,53% (5289 MB free)
19:51:46,38.0,1103,53% (5291 MB free)
19:51:47,38.0,1103,53% (5294 MB free)
19:51:48,38.0,1219,53% (5296 MB free)
19:51:49,38.0,1117,53% (5284 MB free)
19:51:50,38.0,1127,53% (5293 MB free)
19:51:51,38.0,1120,53% (5296 MB free)
19:51:52,38.0,1120,53% (5289 MB free)
19:51:53,38.0,1132,53% (5292 MB free)
19:51:54,38.0,1072,53% (5302 MB free)
19:51:55,38.0,1146,53% (5295 MB free)
19:51:56,38.0,1290,53% (5277 MB free)
19:51:57,38.0,1152,53% (5290 MB free)
19:51:58,38.0,1158,53% (5286 MB free)
19:51:59,38.0,1104,53% (5286 MB free)
19:52:00,38.0,1118,53% (5284 MB free)
19:52:01,38.0,1125,53% (5287 MB free)
19:52:02,38.0,1118,53% (5283 MB free)
19:52:03,38.0,1123,53% (5285 MB free)
19:52:04,38.0,1163,53% (5285 MB free)
19:52:05,38.0,1069,53% (5289 MB free)
19:52:06,38.0,1410,53% (5268 MB free)
19:52:07,38.0,1531,53% (5257 MB free)
19:52:09,38.0,1117,53% (5273 MB free)
19:52:10,38.0,1112,53% (5273 MB free)
19:52:11,38.0,1220,53% (5284 MB free)
19:52:12,38.0,1241,53% (5268 MB free)
19:52:13,38.0,1120,53% (5248 MB free)
19:52:14,38.0,1095,53% (5286 MB free)
19:52:15,38.0,1124,53% (5280 MB free)
19:52:16,38.0,1144,53% (5286 MB free)
19:52:17,38.0,1072,53% (5280 MB free)
19:52:18,38.0,1132,53% (5259 MB free)
19:52:19,38.0,1153,53% (5282 MB free)
19:52:20,38.0,1160,53% (5284 MB free)
19:52:21,38.0,1145,53% (5272 MB free)
19:52:22,38.0,1163,53% (5274 MB free)
19:52:23,38.0,1113,53% (5283 MB free)
19:52:24,38.0,1290,53% (5263 MB free)
19:52:25,38.0,1132,53% (5273 MB free)
19:52:26,38.0,1150,53% (5271 MB free)
19:52:27,38.0,1081,53% (5274 MB free)
19:52:28,38.0,1113,52% (5345 MB free)
19:52:29,38.0,1123,52% (5352 MB free)
19:52:30,38.0,1091,52% (5351 MB free)
19:52:31,38.0,1056,52% (5353 MB free)
19:52:32,38.0,1154,53% (5333 MB free)
19:52:33,38.0,1105,52% (5351 MB free)
19:52:34,38.0,1095,52% (5346 MB free)
19:52:35,38.0,1135,52% (5348 MB free)
19:52:36,38.0,1107,52% (5348 MB free)
19:52:37,38.0,1073,52% (5354 MB free)
19:52:38,38.0,1063,52% (5347 MB free)
19:52:39,38.0,1130,52% (5347 MB free)
19:52:40,38.0,1129,52% (5345 MB free)
19:52:41,38.0,1099,52% (5347 MB free)
19:52:42,38.0,1131,52% (5348 MB free)
19:52:43,38.0,1110,52% (5346 MB free)
19:52:44,38.0,1085,52% (5352 MB free)
19:52:45,38.0,1049,53% (5332 MB free)
19:52:46,38.0,1409,52% (5348 MB free)
19:52:47,38.0,1109,53% (5337 MB free)
19:52:48,38.0,1113,52% (5342 MB free)
19:52:49,38.0,1098,52% (5341 MB free)
19:52:50,38.0,1130,52% (5343 MB free)
19:52:51,38.0,1080,52% (5338 MB free)
19:52:52,38.0,1135,52% (5341 MB free)
19:52:53,38.0,1114,52% (5339 MB free)
19:52:54,38.0,1105,53% (5335 MB free)
19:52:55,38.0,1098,53% (5334 MB free)
19:52:56,38.0,1131,52% (5338 MB free)
19:52:57,38.0,1131,52% (5345 MB free)
19:52:58,38.0,1091,53% (5331 MB free)
19:52:59,38.0,1130,53% (5332 MB free)
19:53:00,38.0,1158,53% (5335 MB free)
19:53:02,38.0,1115,53% (5337 MB free)
19:53:03,38.0,1109,53% (5333 MB free)
19:53:04,38.0,1093,52% (5338 MB free)
19:53:05,38.0,1052,53% (5332 MB free)
19:53:06,38.0,1131,53% (5330 MB free)
19:53:07,38.0,1117,53% (5330 MB free)
19:53:08,38.0,1117,53% (5329 MB free)
19:53:09,38.0,1119,53% (5326 MB free)
19:53:10,38.0,1097,53% (5328 MB free)
19:53:11,38.0,1096,53% (5329 MB free)
19:53:12,38.0,1099,53% (5330 MB free)
19:53:13,38.0,1097,53% (5327 MB free)
19:53:14,38.0,1073,53% (5328 MB free)
19:53:15,38.0,1040,53% (5331 MB free)
19:53:16,38.0,1129,53% (5331 MB free)
19:53:17,38.0,1120,53% (5321 MB free)
19:53:18,38.0,1149,53% (5317 MB free)
19:53:19,38.0,1135,53% (5316 MB free)
19:53:20,38.0,1129,53% (5313 MB free)
19:53:21,38.0,1126,53% (5315 MB free)
19:53:22,38.0,1131,53% (5319 MB free)
19:53:23,38.0,1090,53% (5317 MB free)
19:53:24,38.0,1120,53% (5312 MB free)
19:53:25,38.0,1111,53% (5315 MB free)
19:53:26,38.0,1051,53% (5320 MB free)
19:53:27,38.0,1413,53% (5317 MB free)
19:53:28,38.0,1140,53% (5309 MB free)
19:53:29,38.0,1128,53% (5315 MB free)
19:53:30,38.0,1168,53% (5314 MB free)
19:53:31,38.0,1155,53% (5304 MB free)
19:53:32,38.0,1132,53% (5307 MB free)
19:53:33,38.0,1127,53% (5308 MB free)
19:53:34,38.0,1111,53% (5310 MB free)
19:53:35,38.0,1040,53% (5319 MB free)
19:53:36,38.3,1125,53% (5303 MB free)
19:53:37,38.3,1143,53% (5302 MB free)
19:53:38,38.3,1048,53% (5297 MB free)
19:53:39,38.3,1098,53% (5296 MB free)
19:53:40,38.3,1128,53% (5304 MB free)
19:53:41,38.3,1202,53% (5303 MB free)
19:53:42,38.3,1138,53% (5304 MB free)
19:53:43,38.3,1088,53% (5302 MB free)
19:53:44,38.3,1101,53% (5301 MB free)
19:53:45,38.3,1081,53% (5302 MB free)
19:53:46,38.4,1057,53% (5301 MB free)
19:53:47,38.4,1066,53% (5301 MB free)
19:53:48,38.4,1126,53% (5291 MB free)
19:53:49,38.4,1120,53% (5294 MB free)
19:53:50,38.4,1088,53% (5292 MB free)
19:53:51,38.4,1110,53% (5288 MB free)
19:53:53,38.4,1131,53% (5288 MB free)
19:53:54,38.4,1109,53% (5288 MB free)
19:53:55,38.4,1101,53% (5285 MB free)
19:53:56,38.4,1093,53% (5289 MB free)
19:53:57,38.4,1041,53% (5291 MB free)
19:53:58,38.4,1122,52% (5349 MB free)
19:53:59,38.4,1188,52% (5356 MB free)
19:54:00,38.4,1135,52% (5351 MB free)
19:54:01,38.4,1133,52% (5349 MB free)
19:54:02,38.4,1120,52% (5339 MB free)
19:54:03,38.4,1123,52% (5347 MB free)
19:54:04,38.4,1123,52% (5346 MB free)
19:54:05,38.4,1126,52% (5345 MB free)
19:54:06,38.4,1056,52% (5355 MB free)
19:54:07,38.4,1087,52% (5351 MB free)
19:54:08,38.4,1400,52% (5356 MB free)
19:54:09,38.4,1123,52% (5358 MB free)
19:54:10,38.4,1101,52% (5354 MB free)
19:54:11,38.4,1091,52% (5352 MB free)
19:54:12,38.4,1118,52% (5353 MB free)
19:54:13,38.4,1106,52% (5352 MB free)
19:54:14,38.4,1116,52% (5358 MB free)
19:54:15,38.4,1097,52% (5363 MB free)
19:54:16,38.4,1071,52% (5358 MB free)
19:54:17,38.4,1092,52% (5346 MB free)
19:54:18,38.4,1100,52% (5347 MB free)
19:54:19,38.4,1093,52% (5347 MB free)
19:54:20,38.4,1090,52% (5343 MB free)
19:54:21,38.4,1101,52% (5340 MB free)
19:54:22,38.4,1095,52% (5338 MB free)
19:54:23,38.4,1116,52% (5344 MB free)
19:54:24,38.4,1119,52% (5346 MB free)
19:54:25,38.4,1093,52% (5342 MB free)
19:54:26,38.4,1117,52% (5349 MB free)
19:54:27,38.4,1068,52% (5347 MB free)
19:54:28,38.4,1157,53% (5337 MB free)
19:54:29,38.4,1105,52% (5340 MB free)
19:54:30,38.4,1101,52% (5340 MB free)
19:54:31,38.4,1113,53% (5335 MB free)
19:54:32,38.4,1380,53% (5324 MB free)
19:54:33,38.4,1287,53% (5319 MB free)
19:54:34,38.4,1323,53% (5323 MB free)
19:54:35,38.4,1255,53% (5322 MB free)
19:54:36,38.4,1231,53% (5322 MB free)
19:54:37,38.4,1247,53% (5326 MB free)
19:54:38,38.4,1317,53% (5326 MB free)
19:54:39,38.4,1299,53% (5316 MB free)
19:54:40,38.4,1284,53% (5322 MB free)
19:54:41,38.4,1218,53% (5325 MB free)
19:54:42,38.4,1368,53% (5321 MB free)
19:54:44,38.4,1271,53% (5314 MB free)
19:54:45,38.4,1248,53% (5311 MB free)
19:54:46,38.4,1289,53% (5306 MB free)
19:54:47,38.4,1238,53% (5312 MB free)
19:54:48,38.4,1255,53% (5310 MB free)
19:54:49,38.4,1248,53% (5310 MB free)
19:54:50,38.4,1433,53% (5318 MB free)
19:54:51,38.4,1646,53% (5313 MB free)
19:54:52,38.4,1455,53% (5302 MB free)
19:54:53,38.4,1381,53% (5292 MB free)
19:54:54,38.4,1363,53% (5286 MB free)
19:54:55,38.4,1355,53% (5280 MB free)
19:54:56,38.4,1377,53% (5277 MB free)
19:54:57,38.4,1408,53% (5292 MB free)
19:54:58,38.4,1372,53% (5303 MB free)
19:54:59,38.4,1355,53% (5294 MB free)
19:55:00,38.4,1368,53% (5298 MB free)
19:55:01,38.4,1375,53% (5300 MB free)
19:55:02,38.4,1358,53% (5298 MB free)
19:55:03,38.4,1360,53% (5305 MB free)
19:55:04,38.4,1104,53% (5303 MB free)
19:55:05,38.4,1248,53% (5304 MB free)
19:55:06,38.4,972,53% (5303 MB free)
19:55:07,38.4,949,53% (5301 MB free)
19:55:08,38.4,951,53% (5309 MB free)
19:55:09,38.4,966,53% (5307 MB free)
19:55:10,38.4,949,53% (5306 MB free)
19:55:11,38.4,944,53% (5306 MB free)
19:55:12,38.4,940,53% (5304 MB free)
19:55:13,38.4,937,53% (5305 MB free)
19:55:14,38.4,942,53% (5303 MB free)
19:55:15,38.4,939,53% (5302 MB free)
19:55:16,38.4,965,53% (5300 MB free)
19:55:17,38.4,940,53% (5301 MB free)
19:55:18,38.4,939,53% (5300 MB free)
19:55:19,38.7,941,53% (5300 MB free)
19:55:20,38.7,941,53% (5299 MB free)
19:55:21,38.7,937,53% (5298 MB free)
19:55:22,38.7,936,53% (5295 MB free)
19:55:23,38.7,939,53% (5299 MB free)
19:55:24,38.7,928,53% (5296 MB free)
19:55:25,38.7,950,53% (5299 MB free)
19:55:26,38.7,939,53% (5295 MB free)
19:55:27,38.7,938,53% (5293 MB free)
19:55:28,38.7,944,53% (5293 MB free)
19:55:29,38.7,943,53% (5296 MB free)
19:55:30,38.7,945,53% (5294 MB free)
19:55:31,38.7,933,53% (5292 MB free)
19:55:32,38.7,929,53% (5294 MB free)
19:55:33,38.7,937,53% (5291 MB free)
19:55:35,38.7,928,53% (5291 MB free)
19:55:36,38.7,972,53% (5291 MB free)
19:55:37,38.7,997,53% (5290 MB free)
19:55:38,38.7,1004,53% (5288 MB free)
19:55:39,38.7,947,53% (5290 MB free)
19:55:40,38.7,942,53% (5287 MB free)
19:55:41,38.7,942,53% (5287 MB free)
19:55:42,38.7,956,53% (5286 MB free)
19:55:43,38.7,938,53% (5286 MB free)
19:55:44,38.7,936,53% (5285 MB free)
19:55:45,38.7,949,52% (5363 MB free)
19:55:46,38.7,939,52% (5365 MB free)
19:55:47,38.7,932,52% (5365 MB free)
19:55:48,38.7,931,52% (5362 MB free)
19:55:49,38.7,941,52% (5360 MB free)
19:55:50,38.7,930,52% (5359 MB free)
19:55:51,38.7,933,52% (5358 MB free)
19:55:52,38.7,940,52% (5358 MB free)
19:55:53,38.7,955,52% (5357 MB free)
19:55:54,38.7,933,52% (5356 MB free)
19:55:55,38.7,950,52% (5355 MB free)
19:55:56,38.7,937,52% (5354 MB free)
19:55:57,38.7,970,52% (5358 MB free)
19:55:58,38.7,977,52% (5356 MB free)
19:55:59,38.7,938,52% (5354 MB free)
19:56:00,38.7,955,52% (5351 MB free)
19:56:01,38.7,949,52% (5350 MB free)
19:56:02,38.7,954,52% (5349 MB free)
19:56:03,38.7,1026,52% (5347 MB free)
19:56:04,38.7,991,52% (5346 MB free)
19:56:05,38.7,1103,52% (5344 MB free)
19:56:06,38.7,1001,52% (5349 MB free)
19:56:07,38.7,997,52% (5347 MB free)
19:56:08,38.7,991,52% (5346 MB free)
19:56:09,38.7,977,52% (5343 MB free)
19:56:10,38.7,954,52% (5343 MB free)
19:56:11,38.7,988,52% (5342 MB free)
19:56:12,38.7,955,52% (5340 MB free)
19:56:13,38.7,975,52% (5339 MB free)
19:56:14,38.7,969,52% (5338 MB free)
19:56:15,38.7,952,53% (5337 MB free)
19:56:16,38.7,972,53% (5335 MB free)
19:56:17,38.7,960,53% (5335 MB free)
19:56:18,38.7,969,53% (5332 MB free)
19:56:19,38.6,966,53% (5330 MB free)
19:56:20,38.6,986,53% (5329 MB free)
19:56:21,38.6,950,53% (5328 MB free)
19:56:22,38.6,967,53% (5330 MB free)
19:56:23,38.6,986,53% (5329 MB free)
19:56:24,38.6,991,53% (5330 MB free)
19:56:25,38.6,958,53% (5330 MB free)
19:56:26,38.6,950,53% (5329 MB free)
19:56:27,38.6,1000,53% (5335 MB free)
19:56:29,38.6,946,53% (5333 MB free)
19:56:30,38.6,966,53% (5329 MB free)
19:56:31,38.6,1088,53% (5328 MB free)
19:56:32,38.6,948,53% (5326 MB free)
19:56:33,38.6,959,53% (5325 MB free)
19:56:34,38.6,959,53% (5323 MB free)
19:56:35,38.6,980,53% (5322 MB free)
19:56:36,38.6,950,53% (5325 MB free)
19:56:37,38.6,968,53% (5324 MB free)
19:56:38,38.6,985,53% (5323 MB free)
19:56:39,38.6,1005,53% (5331 MB free)
19:56:40,38.6,973,53% (5329 MB free)
19:56:41,38.6,961,53% (5329 MB free)
19:56:42,38.6,977,53% (5329 MB free)
19:56:43,38.6,1014,53% (5303 MB free)
19:56:44,38.6,1258,53% (5295 MB free)
19:56:45,38.6,1012,53% (5292 MB free)
19:56:46,38.6,967,53% (5272 MB free)
19:56:47,38.6,1070,53% (5270 MB free)
19:56:48,38.6,995,53% (5268 MB free)
19:56:49,38.6,965,53% (5265 MB free)
19:56:50,38.6,994,53% (5264 MB free)
19:56:51,38.6,973,53% (5263 MB free)
19:56:52,38.6,984,53% (5259 MB free)
19:56:53,38.6,998,53% (5237 MB free)
19:56:54,38.6,1053,53% (5231 MB free)
19:56:55,38.6,1067,53% (5237 MB free)
19:56:56,38.6,995,53% (5237 MB free)
19:56:57,38.6,940,53% (5233 MB free)
19:56:58,38.6,981,53% (5231 MB free)
19:56:59,38.6,946,53% (5230 MB free)
19:57:00,38.6,957,53% (5227 MB free)
19:57:01,38.6,967,54% (5215 MB free)
19:57:02,38.6,936,54% (5212 MB free)
19:57:03,38.6,905,54% (5202 MB free)
19:57:04,38.6,1064,54% (5219 MB free)
19:57:05,38.6,1020,54% (5216 MB free)
19:57:06,38.6,990,54% (5215 MB free)
19:57:07,38.6,1038,54% (5214 MB free)
19:57:08,38.6,965,54% (5194 MB free)
19:57:09,38.6,1016,54% (5204 MB free)
19:57:10,38.6,1583,54% (5193 MB free)
19:57:11,38.6,979,54% (5147 MB free)
19:57:12,38.6,958,55% (5073 MB free)
19:57:13,38.6,809,55% (5017 MB free)
19:57:14,38.6,953,55% (5012 MB free)
19:57:15,38.6,620,55% (5006 MB free)
19:57:16,38.6,553,55% (5020 MB free)
19:57:17,38.6,566,55% (5018 MB free)
19:57:18,38.6,812,56% (4963 MB free)
19:57:19,38.6,965,56% (4905 MB free)
19:57:20,38.6,841,56% (4903 MB free)
19:57:21,38.6,537,56% (4897 MB free)
19:57:22,38.6,577,56% (4891 MB free)
19:57:23,38.6,501,57% (4883 MB free)
19:57:24,38.6,665,57% (4880 MB free)
19:57:25,38.6,513,57% (4878 MB free)
19:57:26,38.6,584,57% (4876 MB free)
19:57:27,38.6,616,57% (4872 MB free)
19:57:28,38.6,648,57% (4870 MB free)
19:57:29,38.6,619,57% (4869 MB free)
19:57:31,38.6,667,57% (4866 MB free)
19:57:32,38.6,681,57% (4866 MB free)
19:57:33,38.6,591,57% (4863 MB free)
19:57:34,38.6,579,57% (4862 MB free)
19:57:35,38.6,647,57% (4860 MB free)
19:57:36,38.6,627,57% (4857 MB free)
19:57:37,38.6,704,57% (4853 MB free)
19:57:38,38.6,790,57% (4850 MB free)
19:57:39,38.6,662,57% (4852 MB free)
19:57:40,38.6,572,57% (4851 MB free)
19:57:41,38.6,537,57% (4850 MB free)
19:57:42,38.6,567,57% (4848 MB free)
19:57:43,38.6,642,56% (4894 MB free)
19:57:44,38.6,640,56% (4899 MB free)
19:57:45,38.6,651,56% (4900 MB free)
19:57:46,38.6,646,56% (4898 MB free)
19:57:47,38.6,537,56% (4896 MB free)
19:57:48,38.6,533,56% (4897 MB free)
19:57:49,38.6,594,56% (4890 MB free)
19:57:50,38.6,537,57% (4878 MB free)
19:57:51,38.6,1105,56% (4903 MB free)
19:57:52,38.6,786,56% (4894 MB free)
19:57:53,38.6,827,56% (4888 MB free)
19:57:54,38.6,785,57% (4883 MB free)
19:57:55,38.6,829,57% (4882 MB free)
19:57:56,38.6,712,57% (4881 MB free)
19:57:57,38.6,622,57% (4881 MB free)
19:57:58,38.6,652,57% (4880 MB free)
19:57:59,38.6,587,57% (4881 MB free)
19:58:00,38.6,555,57% (4875 MB free)
19:58:01,38.6,1242,57% (4871 MB free)
19:58:02,38.6,1266,57% (4852 MB free)
19:58:03,38.6,635,57% (4843 MB free)
19:58:04,38.6,626,57% (4826 MB free)
19:58:05,38.6,550,57% (4825 MB free)
19:58:06,38.6,622,57% (4827 MB free)
19:58:07,38.6,607,57% (4827 MB free)
19:58:08,38.6,582,57% (4828 MB free)
19:58:09,38.6,566,57% (4828 MB free)
19:58:10,38.6,556,57% (4828 MB free)
19:58:11,38.6,523,57% (4825 MB free)
19:58:12,38.6,573,57% (4846 MB free)
19:58:13,38.6,772,57% (4818 MB free)
19:58:14,38.6,667,57% (4817 MB free)
19:58:15,38.6,504,57% (4816 MB free)
19:58:16,38.6,562,57% (4814 MB free)
19:58:17,38.6,602,57% (4809 MB free)
19:58:18,38.6,543,57% (4817 MB free)
19:58:19,38.6,460,57% (4805 MB free)
19:58:20,38.6,459,57% (4810 MB free)
19:58:21,38.6,1057,57% (4804 MB free)
19:58:22,38.6,1070,58% (4762 MB free)
19:58:23,38.6,597,58% (4754 MB free)
19:58:24,38.6,615,58% (4748 MB free)
19:58:25,38.6,1027,58% (4746 MB free)
19:58:26,38.6,1014,58% (4745 MB free)
19:58:27,38.6,1025,58% (4743 MB free)
19:58:28,38.6,1055,58% (4742 MB free)
19:58:29,38.6,1033,58% (4741 MB free)
19:58:30,38.6,1001,58% (4741 MB free)
19:58:31,38.6,1009,58% (4740 MB free)
19:58:32,37.9,1021,58% (4739 MB free)
19:58:33,37.9,1005,58% (4753 MB free)
19:58:34,37.9,1016,58% (4745 MB free)
19:58:35,37.9,664,58% (4741 MB free)
19:58:37,37.9,735,58% (4722 MB free)
19:58:38,37.9,1207,58% (4721 MB free)
19:58:39,37.9,1078,58% (4720 MB free)
19:58:40,37.9,1133,58% (4716 MB free)
19:58:41,37.9,1272,58% (4697 MB free)
19:58:42,37.9,1199,58% (4697 MB free)
19:58:43,37.9,1155,58% (4722 MB free)
19:58:44,37.9,1153,58% (4719 MB free)
19:58:45,37.9,1104,58% (4716 MB free)
19:58:46,37.9,1138,58% (4706 MB free)
19:58:47,37.9,1116,58% (4706 MB free)
19:58:48,37.9,1061,58% (4705 MB free)
19:58:49,37.9,1045,58% (4703 MB free)
19:58:50,37.9,1099,58% (4702 MB free)
19:58:51,37.9,1032,58% (4702 MB free)
19:58:52,37.9,1085,58% (4701 MB free)
19:58:53,37.9,1121,58% (4696 MB free)
19:58:54,37.9,1035,58% (4674 MB free)
19:58:55,37.9,1057,58% (4667 MB free)
19:58:56,37.9,1093,58% (4667 MB free)
19:58:57,37.9,1097,58% (4666 MB free)
19:58:58,37.9,1121,58% (4663 MB free)
19:58:59,37.9,1083,59% (4655 MB free)
19:59:00,37.9,890,59% (4655 MB free)
19:59:01,37.9,1176,58% (4679 MB free)
19:59:02,37.9,1292,58% (4672 MB free)
19:59:03,37.9,1223,58% (4669 MB free)
19:59:04,37.9,1205,58% (4666 MB free)
19:59:05,37.9,1153,58% (4662 MB free)
19:59:06,37.9,1116,58% (4661 MB free)
19:59:07,37.9,1174,58% (4659 MB free)
19:59:08,37.9,1239,59% (4652 MB free)
19:59:09,37.9,1265,59% (4648 MB free)
19:59:10,37.9,1253,59% (4646 MB free)
19:59:11,37.9,1259,59% (4641 MB free)
19:59:12,37.9,1254,59% (4639 MB free)
19:59:13,37.9,1209,59% (4637 MB free)
19:59:14,37.9,1191,59% (4633 MB free)
19:59:15,37.9,1240,59% (4630 MB free)
19:59:16,37.9,1167,59% (4630 MB free)
19:59:17,37.9,1240,59% (4629 MB free)
19:59:18,37.9,1336,59% (4626 MB free)
19:59:19,37.9,1244,59% (4626 MB free)
19:59:20,37.9,1152,59% (4625 MB free)
19:59:21,37.9,1212,59% (4623 MB free)
19:59:22,37.9,1343,59% (4636 MB free)
19:59:23,37.9,1216,59% (4636 MB free)
19:59:24,37.9,1203,59% (4635 MB free)
19:59:25,37.9,1157,59% (4634 MB free)
19:59:26,37.9,1173,59% (4635 MB free)
19:59:27,37.9,1170,59% (4636 MB free)
19:59:28,37.9,1156,59% (4634 MB free)
19:59:29,37.9,862,59% (4621 MB free)
19:59:30,37.9,1170,59% (4640 MB free)
19:59:31,37.9,1129,59% (4634 MB free)
19:59:32,37.9,1136,59% (4632 MB free)
19:59:33,37.9,1081,59% (4629 MB free)
19:59:34,37.8,1088,59% (4576 MB free)
19:59:35,37.8,1079,59% (4574 MB free)
19:59:37,37.8,1119,59% (4569 MB free)
19:59:38,37.8,1147,59% (4564 MB free)
19:59:39,37.8,1163,59% (4562 MB free)
19:59:40,37.8,1080,59% (4560 MB free)
19:59:41,37.8,1142,59% (4560 MB free)
19:59:42,37.8,1114,59% (4559 MB free)
19:59:43,37.8,1092,59% (4557 MB free)
19:59:44,37.8,1140,59% (4551 MB free)
19:59:45,37.8,1133,59% (4549 MB free)
19:59:46,37.8,1081,59% (4548 MB free)
19:59:47,37.8,1062,59% (4548 MB free)
19:59:48,37.8,989,59% (4547 MB free)
19:59:49,37.8,947,59% (4543 MB free)
19:59:50,37.8,1015,60% (4542 MB free)
19:59:51,37.8,1094,60% (4513 MB free)
19:59:52,37.8,1061,60% (4512 MB free)
19:59:53,37.8,1098,60% (4510 MB free)
19:59:54,37.8,796,60% (4491 MB free)
19:59:55,37.8,1048,60% (4495 MB free)
19:59:56,37.8,1153,60% (4510 MB free)
19:59:57,37.8,1098,60% (4510 MB free)
19:59:58,37.8,1082,60% (4509 MB free)
19:59:59,37.8,1082,60% (4507 MB free)
20:00:00,37.8,1104,60% (4491 MB free)
20:00:01,37.8,1218,60% (4508 MB free)
20:00:02,37.8,1376,60% (4496 MB free)
20:00:03,37.8,1243,60% (4513 MB free)
20:00:04,37.8,1256,60% (4508 MB free)
20:00:05,37.8,1239,60% (4505 MB free)
20:00:06,37.8,1113,60% (4503 MB free)
20:00:07,37.8,1093,60% (4502 MB free)
20:00:08,37.8,1105,60% (4497 MB free)
20:00:09,37.8,1161,60% (4496 MB free)
20:00:10,37.8,1134,60% (4507 MB free)
20:00:11,37.8,1106,60% (4507 MB free)
20:00:12,37.8,1105,60% (4506 MB free)
20:00:13,37.8,1154,60% (4484 MB free)
20:00:14,37.8,1381,60% (4482 MB free)
20:00:15,37.8,1151,60% (4481 MB free)
20:00:16,37.8,1152,60% (4468 MB free)
20:00:17,37.8,1217,60% (4466 MB free)
20:00:18,37.8,1142,60% (4457 MB free)
20:00:19,37.8,761,60% (4444 MB free)
20:00:20,37.8,1224,60% (4455 MB free)
20:00:21,37.8,1133,60% (4445 MB free)
20:00:22,37.8,1165,60% (4441 MB free)
20:00:23,37.8,1222,60% (4440 MB free)
20:00:24,37.8,1162,60% (4438 MB free)
20:00:25,37.8,1222,60% (4435 MB free)
20:00:26,37.8,1203,60% (4433 MB free)
20:00:27,37.8,1305,60% (4431 MB free)
20:00:28,37.8,1254,61% (4429 MB free)
20:00:29,37.8,1196,61% (4428 MB free)
20:00:30,37.8,1120,61% (4427 MB free)
20:00:31,37.8,1117,61% (4424 MB free)
20:00:32,37.8,1282,61% (4422 MB free)
20:00:33,37.8,1286,61% (4417 MB free)
20:00:34,37.8,1291,61% (4412 MB free)
20:00:35,38.0,1315,61% (4408 MB free)
20:00:36,38.0,1277,61% (4405 MB free)
20:00:37,38.0,1267,61% (4404 MB free)
20:00:38,38.0,1159,61% (4403 MB free)
20:00:39,38.0,1049,61% (4401 MB free)
20:00:41,38.0,828,61% (4401 MB free)
20:00:42,38.0,1067,61% (4401 MB free)
20:00:43,38.0,1047,61% (4400 MB free)
20:00:44,38.0,1110,61% (4399 MB free)
20:00:45,38.0,1113,61% (4399 MB free)
20:00:46,38.0,1116,61% (4397 MB free)
20:00:47,38.0,1115,61% (4397 MB free)
20:00:48,38.0,1106,61% (4385 MB free)
20:00:49,38.0,1088,61% (4385 MB free)
20:00:50,38.0,1073,61% (4383 MB free)
20:00:51,38.0,1065,61% (4383 MB free)
20:00:52,38.0,1038,61% (4427 MB free)
20:00:53,38.0,1090,61% (4429 MB free)
20:00:54,38.0,1121,61% (4429 MB free)
20:00:55,38.0,1072,60% (4431 MB free)
20:00:56,38.0,1080,61% (4429 MB free)
20:00:57,38.0,1235,61% (4428 MB free)
20:00:58,38.0,1123,61% (4428 MB free)
20:00:59,38.0,1090,61% (4429 MB free)
20:01:00,38.0,1080,61% (4428 MB free)
20:01:01,38.0,1078,61% (4428 MB free)
20:01:02,38.0,1137,60% (4447 MB free)
20:01:03,38.0,1091,60% (4447 MB free)
20:01:04,38.0,1098,60% (4446 MB free)
20:01:05,38.0,1057,60% (4447 MB free)
20:01:06,38.0,1102,60% (4447 MB free)
20:01:07,38.0,1083,60% (4447 MB free)
20:01:08,38.0,933,60% (4459 MB free)
20:01:09,38.0,998,60% (4459 MB free)
20:01:10,38.0,1024,60% (4459 MB free)
20:01:11,38.0,976,60% (4458 MB free)
20:01:12,38.0,1030,60% (4459 MB free)
20:01:13,38.0,1080,60% (4458 MB free)
20:01:14,38.0,1032,60% (4456 MB free)
20:01:15,38.0,1093,60% (4455 MB free)
20:01:16,38.0,966,60% (4454 MB free)
20:01:17,38.0,604,60% (4453 MB free)
20:01:18,38.0,967,60% (4451 MB free)
20:01:19,38.0,1070,60% (4453 MB free)
20:01:20,38.0,1112,60% (4455 MB free)
20:01:21,38.0,643,60% (4454 MB free)
20:01:22,38.0,715,60% (4455 MB free)
20:01:23,38.0,724,60% (4454 MB free)
20:01:24,38.0,672,60% (4453 MB free)
20:01:25,38.0,663,60% (4453 MB free)
20:01:26,38.0,1172,60% (4451 MB free)
20:01:27,38.0,1104,60% (4452 MB free)
20:01:28,38.0,1237,60% (4450 MB free)
20:01:29,38.0,1185,60% (4449 MB free)
20:01:30,38.0,1200,60% (4448 MB free)
20:01:31,38.0,1185,60% (4448 MB free)
20:01:32,38.0,584,60% (4447 MB free)
20:01:33,38.0,1115,60% (4446 MB free)
20:01:34,38.0,794,60% (4446 MB free)
20:01:35,38.0,636,60% (4445 MB free)
20:01:36,38.0,716,60% (4439 MB free)
20:01:37,38.0,1100,60% (4439 MB free)
20:01:38,38.0,1046,60% (4439 MB free)
20:01:39,38.0,1145,60% (4437 MB free)
20:01:40,38.0,1055,60% (4434 MB free)
20:01:41,38.0,1094,60% (4433 MB free)
20:01:43,38.0,1086,60% (4432 MB free)
20:01:44,38.0,1061,60% (4432 MB free)
20:01:45,38.0,1108,60% (4431 MB free)
20:01:46,38.0,1059,60% (4430 MB free)
20:01:47,38.0,1081,61% (4429 MB free)
20:01:48,38.0,1148,61% (4429 MB free)
20:01:49,38.0,1069,61% (4427 MB free)
20:01:50,38.0,1111,61% (4426 MB free)
20:01:51,38.0,1085,61% (4426 MB free)
20:01:52,38.0,1195,61% (4426 MB free)
20:01:53,38.0,1198,61% (4424 MB free)
20:01:54,38.0,1116,61% (4423 MB free)
20:01:55,38.0,1150,61% (4400 MB free)
20:01:56,38.0,1152,61% (4398 MB free)
20:01:57,38.0,1103,61% (4396 MB free)
20:01:58,38.0,1380,61% (4392 MB free)
20:01:59,38.0,1354,60% (4439 MB free)
20:02:00,38.0,1286,60% (4433 MB free)
20:02:01,38.0,1324,60% (4430 MB free)
20:02:02,38.0,1171,61% (4429 MB free)
20:02:03,38.0,1129,61% (4427 MB free)
20:02:04,38.0,1034,61% (4426 MB free)
20:02:05,38.0,1038,61% (4425 MB free)
20:02:06,38.0,948,61% (4424 MB free)
20:02:07,38.0,1010,61% (4424 MB free)
20:02:08,38.0,1196,61% (4423 MB free)
20:02:09,38.0,1112,61% (4361 MB free)
20:02:10,38.0,1046,61% (4360 MB free)
20:02:11,38.0,1073,61% (4352 MB free)
20:02:12,38.0,597,61% (4349 MB free)
20:02:13,38.0,953,61% (4373 MB free)
20:02:14,38.0,1149,61% (4366 MB free)
20:02:15,38.0,1043,61% (4366 MB free)
20:02:16,38.0,1188,61% (4365 MB free)
20:02:17,38.0,1242,61% (4363 MB free)
20:02:18,38.1,1241,61% (4358 MB free)
20:02:19,38.1,1221,61% (4358 MB free)
20:02:20,38.1,620,61% (4356 MB free)
20:02:21,38.1,1280,61% (4354 MB free)
20:02:22,38.1,1214,61% (4351 MB free)
20:02:23,38.1,1235,61% (4345 MB free)
20:02:24,38.1,1359,61% (4343 MB free)
20:02:25,38.1,1206,61% (4341 MB free)
20:02:26,38.1,1083,61% (4340 MB free)
20:02:27,38.1,1151,61% (4331 MB free)
20:02:28,38.0,1295,61% (4332 MB free)
20:02:29,38.0,1161,61% (4326 MB free)
20:02:30,38.0,1247,61% (4325 MB free)
20:02:31,38.0,738,61% (4324 MB free)
20:02:32,38.0,1088,61% (4321 MB free)
20:02:33,38.0,1081,61% (4319 MB free)
20:02:34,38.0,1260,61% (4319 MB free)
20:02:35,38.0,1239,61% (4318 MB free)
20:02:36,38.0,985,61% (4316 MB free)
20:02:37,38.0,531,61% (4316 MB free)
20:02:38,38.0,1117,62% (4315 MB free)
20:02:39,38.0,1127,62% (4315 MB free)
20:02:41,38.0,1147,62% (4315 MB free)
20:02:42,38.0,1145,61% (4347 MB free)
20:02:43,38.0,1136,61% (4354 MB free)
20:02:44,38.0,1142,61% (4352 MB free)
20:02:45,38.0,1144,61% (4349 MB free)
20:02:46,38.0,741,61% (4345 MB free)
20:02:47,38.0,702,61% (4344 MB free)
20:02:48,38.0,1276,61% (4343 MB free)
20:02:49,38.0,1273,61% (4341 MB free)
20:02:50,38.0,1224,61% (4341 MB free)
20:02:51,38.0,1340,61% (4339 MB free)
20:02:52,38.0,1272,61% (4337 MB free)
20:02:53,38.0,1386,61% (4337 MB free)
20:02:54,38.0,1322,61% (4335 MB free)
20:02:55,38.0,1206,61% (4320 MB free)
20:02:56,38.0,1198,62% (4313 MB free)
20:02:57,38.0,1019,62% (4312 MB free)
20:02:58,38.0,1279,62% (4311 MB free)
20:02:59,38.0,1227,62% (4308 MB free)
20:03:00,38.0,1307,62% (4305 MB free)
20:03:01,38.0,1360,61% (4366 MB free)
20:03:02,38.0,1292,61% (4366 MB free)
20:03:03,38.0,1235,61% (4365 MB free)
20:03:04,38.0,1267,61% (4365 MB free)
20:03:05,38.0,1182,61% (4365 MB free)
20:03:06,38.0,1161,61% (4365 MB free)
20:03:07,38.0,1186,61% (4365 MB free)
20:03:08,38.0,1113,61% (4364 MB free)
20:03:09,38.0,1237,61% (4365 MB free)
20:03:10,38.0,1179,61% (4365 MB free)
20:03:11,38.0,1124,61% (4366 MB free)
20:03:12,38.0,1243,61% (4358 MB free)
20:03:13,38.0,775,61% (4405 MB free)
20:03:14,38.0,1034,61% (4390 MB free)
20:03:15,38.0,761,61% (4383 MB free)
20:03:16,38.0,1319,61% (4382 MB free)
20:03:17,38.0,1204,61% (4377 MB free)
20:03:18,38.0,1105,61% (4372 MB free)
20:03:19,38.0,1007,61% (4370 MB free)
20:03:20,38.0,1007,61% (4370 MB free)
20:03:21,38.0,1036,61% (4370 MB free)
20:03:22,38.0,1110,61% (4370 MB free)
20:03:23,38.0,1093,61% (4369 MB free)
20:03:24,38.0,1069,61% (4369 MB free)
20:03:25,38.0,1092,61% (4369 MB free)
20:03:26,38.0,942,61% (4368 MB free)
20:03:27,38.0,845,61% (4364 MB free)
20:03:28,38.0,907,61% (4398 MB free)
20:03:29,38.0,863,61% (4394 MB free)
20:03:30,38.0,823,61% (4393 MB free)
20:03:31,38.0,818,61% (4393 MB free)
20:03:32,38.0,869,61% (4390 MB free)
20:03:33,38.0,1247,61% (4375 MB free)
20:03:34,38.0,954,61% (4374 MB free)
20:03:35,38.0,889,61% (4365 MB free)
20:03:36,38.0,1005,61% (4363 MB free)
20:03:37,38.0,898,61% (4362 MB free)
20:03:38,38.0,973,61% (4361 MB free)
20:03:39,38.0,905,61% (4359 MB free)
20:03:40,38.0,905,61% (4356 MB free)
20:03:41,38.0,921,61% (4355 MB free)
20:03:42,38.0,845,61% (4353 MB free)
20:03:43,38.0,861,61% (4350 MB free)
20:03:44,38.0,859,61% (4349 MB free)
20:03:46,38.0,864,61% (4349 MB free)
20:03:47,38.0,856,61% (4349 MB free)
20:03:48,38.0,898,61% (4360 MB free)
20:03:49,38.0,1140,61% (4359 MB free)
20:03:50,38.0,1067,61% (4359 MB free)
20:03:51,38.0,1040,61% (4359 MB free)
20:03:52,38.0,1108,61% (4357 MB free)
20:03:53,38.0,1101,61% (4357 MB free)
20:03:54,38.0,1138,61% (4354 MB free)
20:03:55,38.0,1108,61% (4351 MB free)
20:03:56,38.0,1102,61% (4350 MB free)
20:03:57,38.0,1078,61% (4349 MB free)
20:03:58,38.0,1076,61% (4349 MB free)
20:03:59,38.0,1047,61% (4349 MB free)
20:04:00,38.0,1076,61% (4348 MB free)
20:04:01,38.0,1077,61% (4347 MB free)
20:04:02,38.0,1077,61% (4347 MB free)
20:04:03,38.0,1046,61% (4347 MB free)
20:04:04,38.0,1036,61% (4345 MB free)
20:04:05,38.0,1024,61% (4345 MB free)
20:04:06,38.0,1008,61% (4344 MB free)
20:04:07,38.0,1029,61% (4343 MB free)
20:04:08,38.0,592,61% (4356 MB free)
20:04:09,38.0,838,61% (4340 MB free)
20:04:10,38.0,692,61% (4335 MB free)
20:04:11,38.0,540,61% (4329 MB free)
20:04:12,38.0,761,61% (4319 MB free)
20:04:13,38.0,977,61% (4318 MB free)
20:04:14,38.0,980,62% (4315 MB free)
20:04:15,38.0,977,62% (4313 MB free)
20:04:16,38.0,1024,61% (4345 MB free)
20:04:17,38.0,1006,61% (4338 MB free)
20:04:18,38.0,1052,61% (4331 MB free)
20:04:19,38.0,1090,61% (4329 MB free)
20:04:20,38.0,1045,61% (4328 MB free)
20:04:21,38.0,604,61% (4322 MB free)
20:04:22,38.0,1068,61% (4320 MB free)
20:04:23,38.0,1060,61% (4319 MB free)
20:04:24,38.0,1052,61% (4318 MB free)
20:04:25,38.0,1064,61% (4317 MB free)
20:04:26,38.0,1065,62% (4315 MB free)
20:04:27,38.0,1077,62% (4314 MB free)
20:04:28,38.0,1064,62% (4313 MB free)
20:04:29,38.0,943,62% (4307 MB free)
20:04:30,38.0,624,62% (4306 MB free)
20:04:31,38.0,661,62% (4302 MB free)
20:04:32,38.0,615,62% (4297 MB free)
20:04:33,38.0,1263,62% (4284 MB free)
20:04:34,38.0,1011,61% (4323 MB free)
20:04:35,38.0,970,62% (4315 MB free)
20:04:36,38.0,976,62% (4311 MB free)
20:04:37,38.0,977,62% (4310 MB free)
20:04:38,38.0,979,62% (4306 MB free)
20:04:39,38.0,1009,62% (4304 MB free)
20:04:40,38.0,1084,62% (4302 MB free)
20:04:41,38.0,942,62% (4302 MB free)
20:04:42,38.0,940,62% (4298 MB free)
20:04:43,38.0,1261,62% (4298 MB free)
20:04:44,38.0,1233,62% (4296 MB free)
20:04:46,38.0,1233,62% (4289 MB free)
20:04:47,38.0,1264,62% (4287 MB free)
20:04:48,38.0,1129,62% (4284 MB free)
20:04:49,38.0,665,62% (4284 MB free)
20:04:50,38.0,1289,62% (4284 MB free)
20:04:51,38.0,1201,62% (4283 MB free)
20:04:52,38.0,1207,62% (4281 MB free)
20:04:53,38.0,1189,62% (4280 MB free)
20:04:54,38.0,1212,62% (4279 MB free)
20:04:55,38.0,1220,62% (4279 MB free)
20:04:56,38.0,1150,62% (4278 MB free)
20:04:57,38.0,1140,62% (4277 MB free)
20:04:58,38.0,1163,62% (4276 MB free)
20:04:59,38.0,1190,62% (4276 MB free)
20:05:00,38.0,1142,62% (4274 MB free)
20:05:01,38.0,1159,62% (4274 MB free)
20:05:02,38.0,1127,62% (4276 MB free)
20:05:03,38.0,1156,62% (4275 MB free)
20:05:04,38.0,1134,62% (4275 MB free)
20:05:05,38.0,1158,62% (4274 MB free)
20:05:06,38.0,586,62% (4272 MB free)
20:05:07,38.0,668,62% (4272 MB free)
20:05:08,38.0,635,62% (4270 MB free)
20:05:09,38.0,746,62% (4269 MB free)
20:05:10,38.0,623,62% (4267 MB free)
20:05:11,38.0,730,62% (4266 MB free)
20:05:12,38.2,718,62% (4265 MB free)
20:05:13,38.2,695,62% (4264 MB free)
20:05:14,38.2,642,62% (4263 MB free)
20:05:15,38.2,659,62% (4262 MB free)
20:05:16,38.2,646,62% (4261 MB free)
20:05:17,38.2,846,62% (4260 MB free)
20:05:18,38.2,1208,62% (4206 MB free)
20:05:19,38.2,1412,62% (4227 MB free)
20:05:20,38.2,1163,63% (4185 MB free)
20:05:21,38.2,1023,63% (4172 MB free)
20:05:22,38.2,640,63% (4094 MB free)
20:05:23,38.2,759,63% (4140 MB free)
20:05:24,38.2,1114,63% (4127 MB free)
20:05:25,38.2,1096,63% (4111 MB free)
20:05:26,38.2,820,63% (4107 MB free)
20:05:27,38.2,995,63% (4096 MB free)
20:05:28,38.2,781,63% (4091 MB free)
20:05:29,38.2,799,63% (4090 MB free)
20:05:30,38.2,805,63% (4127 MB free)
20:05:31,38.2,1157,63% (4117 MB free)
20:05:32,38.2,853,64% (4086 MB free)
20:05:33,38.2,758,63% (4125 MB free)
20:05:34,38.2,1126,63% (4124 MB free)
20:05:35,38.2,1209,63% (4124 MB free)
20:05:36,38.2,1141,63% (4121 MB free)
20:05:37,38.2,1279,63% (4122 MB free)
20:05:38,38.2,1183,63% (4117 MB free)
20:05:39,38.2,1196,63% (4115 MB free)
20:05:40,38.2,1219,63% (4115 MB free)
20:05:41,38.2,1108,63% (4114 MB free)
20:05:42,38.2,1074,63% (4114 MB free)
20:05:43,38.2,1267,63% (4113 MB free)
20:05:44,38.2,1225,63% (4112 MB free)
20:05:45,38.2,1292,63% (4109 MB free)
20:05:46,38.2,1355,63% (4107 MB free)
20:05:47,38.2,1320,63% (4104 MB free)
20:05:49,38.2,1252,63% (4102 MB free)
20:05:50,38.2,1272,63% (4100 MB free)
20:05:51,38.2,1197,63% (4136 MB free)
20:05:52,38.2,1139,63% (4129 MB free)
20:05:53,38.2,799,63% (4129 MB free)
20:05:54,38.2,1164,63% (4136 MB free)
20:05:55,38.2,1061,63% (4131 MB free)
20:05:56,38.2,1103,63% (4130 MB free)
20:05:57,38.2,1147,63% (4130 MB free)
20:05:58,38.2,1187,63% (4130 MB free)
20:05:59,38.2,1184,63% (4130 MB free)
20:06:00,38.2,1125,63% (4128 MB free)
20:06:01,38.2,1096,63% (4128 MB free)
20:06:02,38.2,1076,63% (4127 MB free)
20:06:03,38.2,1135,63% (4128 MB free)
20:06:04,38.2,1139,63% (4127 MB free)
20:06:05,38.2,1062,63% (4127 MB free)
20:06:06,38.2,1083,63% (4127 MB free)
20:06:07,38.2,1089,63% (4126 MB free)
20:06:08,38.2,1073,63% (4135 MB free)
20:06:09,38.2,1141,63% (4135 MB free)
20:06:10,38.2,1069,63% (4134 MB free)
20:06:11,38.2,1058,63% (4133 MB free)
20:06:12,38.2,1115,63% (4132 MB free)
20:06:13,38.2,1083,63% (4132 MB free)
20:06:14,38.2,1131,63% (4132 MB free)
20:06:15,38.2,1093,63% (4131 MB free)
20:06:16,38.2,1084,63% (4130 MB free)
20:06:17,38.2,1080,63% (4130 MB free)
20:06:18,38.2,1093,63% (4127 MB free)
20:06:19,38.2,1139,63% (4127 MB free)
20:06:20,38.2,1102,63% (4127 MB free)
20:06:21,38.2,1096,63% (4127 MB free)
20:06:22,38.2,1072,63% (4126 MB free)
20:06:23,38.2,1108,63% (4126 MB free)
20:06:24,38.2,1127,63% (4126 MB free)
20:06:25,38.2,1137,63% (4125 MB free)
20:06:26,38.2,1096,63% (4125 MB free)
20:06:27,38.2,1025,63% (4125 MB free)
20:06:28,38.2,1056,63% (4125 MB free)
20:06:29,38.2,1131,63% (4125 MB free)
20:06:30,38.2,1096,63% (4125 MB free)
20:06:31,38.2,1099,63% (4124 MB free)
20:06:32,38.2,1099,63% (4123 MB free)
20:06:33,38.2,1122,63% (4121 MB free)
20:06:34,38.2,1187,63% (4183 MB free)
20:06:35,38.2,1094,63% (4181 MB free)
20:06:36,38.2,1119,63% (4183 MB free)
20:06:37,38.2,1136,63% (4183 MB free)
20:06:38,38.2,657,63% (4180 MB free)
20:06:39,38.2,618,63% (4183 MB free)
20:06:40,38.2,1266,63% (4182 MB free)
20:06:41,38.2,1273,63% (4182 MB free)
20:06:42,38.2,1305,63% (4181 MB free)
20:06:43,38.2,1310,63% (4180 MB free)
20:06:44,38.2,576,63% (4201 MB free)
20:06:45,38.2,758,62% (4203 MB free)
20:06:46,38.2,662,62% (4204 MB free)
20:06:47,38.2,656,62% (4204 MB free)
20:06:48,38.2,646,62% (4203 MB free)
20:06:50,38.2,1167,62% (4203 MB free)
20:06:51,38.2,1166,62% (4203 MB free)
20:06:52,38.2,1240,63% (4201 MB free)
20:06:53,38.2,1267,63% (4193 MB free)
20:06:54,38.2,1357,63% (4191 MB free)
20:06:55,38.2,1284,63% (4189 MB free)
20:06:56,38.2,1261,63% (4188 MB free)
20:06:57,38.2,1187,63% (4188 MB free)
20:06:58,38.2,1202,63% (4187 MB free)
20:06:59,38.2,1209,63% (4187 MB free)
20:07:00,38.2,1183,63% (4186 MB free)
20:07:01,38.2,1214,63% (4185 MB free)
20:07:02,38.2,1171,63% (4184 MB free)
20:07:03,38.2,1143,63% (4184 MB free)
20:07:04,38.2,1038,63% (4190 MB free)
20:07:05,38.2,1078,63% (4190 MB free)
20:07:06,38.2,1099,63% (4189 MB free)
20:07:07,38.2,1115,63% (4189 MB free)
20:07:08,38.2,1067,63% (4188 MB free)
20:07:09,38.2,1110,63% (4188 MB free)
20:07:10,38.2,1101,63% (4187 MB free)
20:07:11,38.2,1082,63% (4186 MB free)
20:07:12,38.2,1082,63% (4185 MB free)
20:07:13,38.2,1070,63% (4184 MB free)
20:07:14,38.2,1107,63% (4184 MB free)
20:07:15,38.2,1086,63% (4183 MB free)
20:07:16,38.2,1082,63% (4183 MB free)
20:07:17,38.2,1121,63% (4182 MB free)
20:07:18,38.2,1060,63% (4180 MB free)
20:07:19,38.2,1178,63% (4180 MB free)
20:07:20,38.2,1094,63% (4178 MB free)
20:07:21,38.2,1133,63% (4187 MB free)
20:07:22,38.2,1127,63% (4184 MB free)
20:07:23,38.2,1094,63% (4184 MB free)
20:07:24,38.2,1094,63% (4181 MB free)
20:07:25,38.2,1092,63% (4180 MB free)
20:07:26,38.2,1082,63% (4181 MB free)
20:07:27,38.2,1141,63% (4181 MB free)
20:07:28,38.2,1100,63% (4179 MB free)
20:07:29,38.2,1083,63% (4179 MB free)
20:07:30,38.2,1020,63% (4178 MB free)
20:07:31,38.2,1028,63% (4178 MB free)
20:07:32,38.2,1047,63% (4177 MB free)
20:07:33,38.2,1120,63% (4178 MB free)
20:07:34,38.2,1050,63% (4177 MB free)
20:07:35,38.2,1115,63% (4175 MB free)
20:07:36,38.2,1161,63% (4175 MB free)
20:07:37,38.2,1151,63% (4175 MB free)
20:07:38,38.2,1162,63% (4174 MB free)
20:07:39,38.2,1171,63% (4169 MB free)
20:07:40,38.2,1291,63% (4167 MB free)
20:07:41,38.2,1160,63% (4166 MB free)
20:07:42,38.2,1146,63% (4166 MB free)
20:07:43,38.2,1099,63% (4166 MB free)
20:07:44,38.2,1091,63% (4164 MB free)
20:07:45,38.2,1143,63% (4175 MB free)
20:07:46,38.2,1132,63% (4172 MB free)
20:07:47,38.2,1092,63% (4172 MB free)
20:07:48,38.2,1119,63% (4171 MB free)
20:07:49,38.2,1104,63% (4169 MB free)
20:07:50,38.2,1179,63% (4168 MB free)
20:07:51,38.2,1121,63% (4168 MB free)
20:07:53,38.2,1098,63% (4169 MB free)
20:07:54,38.2,1174,63% (4166 MB free)
20:07:55,38.2,1119,63% (4166 MB free)
20:07:56,38.2,1112,63% (4165 MB free)
20:07:57,38.3,1102,63% (4164 MB free)
20:07:58,38.3,1090,63% (4163 MB free)
20:07:59,38.3,1113,63% (4163 MB free)
20:08:00,38.3,1116,63% (4162 MB free)
20:08:01,38.3,1212,63% (4161 MB free)
20:08:02,38.3,1127,63% (4162 MB free)
20:08:03,38.3,1174,63% (4160 MB free)
20:08:04,38.3,1082,63% (4159 MB free)
20:08:05,38.3,1101,63% (4158 MB free)
20:08:06,38.4,1107,63% (4156 MB free)
20:08:07,38.4,1117,63% (4153 MB free)
20:08:08,38.4,1115,63% (4152 MB free)
20:08:09,38.4,1125,63% (4151 MB free)
20:08:10,38.4,1138,63% (4150 MB free)
20:08:11,38.4,1101,63% (4149 MB free)
20:08:12,38.4,831,63% (4149 MB free)
20:08:13,38.4,1219,63% (4148 MB free)
20:08:14,38.4,1219,63% (4145 MB free)
20:08:15,38.4,1214,63% (4145 MB free)
20:08:16,38.4,1273,63% (4154 MB free)
20:08:17,38.4,1228,63% (4150 MB free)
20:08:18,38.4,1224,63% (4150 MB free)
20:08:19,38.4,577,63% (4146 MB free)
20:08:20,38.4,736,63% (4143 MB free)
20:08:21,38.4,1164,63% (4142 MB free)
20:08:22,38.4,972,63% (4142 MB free)
20:08:23,38.4,664,63% (4141 MB free)
20:08:24,38.4,579,63% (4142 MB free)
20:08:25,38.4,1184,63% (4139 MB free)
20:08:26,38.4,1091,63% (4137 MB free)
20:08:27,38.4,1107,63% (4137 MB free)
20:08:28,38.4,926,63% (4134 MB free)
20:08:29,38.4,1059,63% (4133 MB free)
20:08:30,38.4,1097,63% (4130 MB free)
20:08:31,38.4,1119,63% (4126 MB free)
20:08:32,38.4,1312,63% (4120 MB free)
20:08:33,38.4,1036,63% (4118 MB free)
20:08:34,38.4,1066,63% (4114 MB free)
20:08:35,38.4,955,63% (4123 MB free)
20:08:36,38.4,970,63% (4121 MB free)
20:08:37,38.4,986,63% (4120 MB free)
20:08:38,38.4,976,63% (4119 MB free)
20:08:39,38.4,950,63% (4117 MB free)
20:08:40,38.4,890,63% (4113 MB free)
20:08:41,38.4,1221,63% (4112 MB free)
20:08:42,38.4,1222,63% (4109 MB free)
20:08:43,38.4,1283,63% (4106 MB free)
20:08:44,38.4,1244,63% (4104 MB free)
20:08:45,38.4,1280,63% (4100 MB free)
20:08:46,38.4,1278,63% (4096 MB free)
20:08:47,38.4,1241,63% (4093 MB free)
20:08:48,38.4,1239,63% (4090 MB free)
20:08:49,38.4,1254,64% (4086 MB free)
20:08:50,38.4,920,64% (4084 MB free)
20:08:51,38.4,585,64% (4082 MB free)
20:08:52,38.4,1231,64% (4079 MB free)
20:08:54,38.4,1222,64% (4078 MB free)
20:08:55,38.4,1216,64% (4076 MB free)
20:08:56,38.4,1182,64% (4073 MB free)
20:08:57,38.4,1115,64% (4071 MB free)
20:08:58,38.4,926,64% (4067 MB free)
20:08:59,38.4,1130,64% (4066 MB free)
20:09:00,38.4,1113,64% (4065 MB free)
20:09:01,38.4,1137,64% (4065 MB free)
20:09:02,38.4,1089,64% (4064 MB free)
20:09:03,38.4,1142,63% (4123 MB free)
20:09:04,38.4,1134,63% (4121 MB free)
20:09:05,38.4,1086,63% (4117 MB free)
20:09:06,38.4,1091,63% (4113 MB free)
20:09:07,38.4,1217,63% (4113 MB free)
20:09:08,38.4,1135,63% (4113 MB free)
20:09:09,38.4,1163,63% (4112 MB free)
20:09:10,38.4,1135,63% (4109 MB free)
20:09:11,38.4,1148,63% (4108 MB free)
20:09:12,38.4,1200,63% (4107 MB free)
20:09:13,38.4,1081,63% (4106 MB free)
20:09:14,38.4,1138,63% (4105 MB free)
20:09:15,38.4,1096,63% (4102 MB free)
20:09:16,38.4,1243,63% (4099 MB free)
20:09:17,38.4,1089,63% (4097 MB free)
20:09:18,38.4,1087,63% (4095 MB free)
20:09:19,38.4,1149,63% (4092 MB free)
20:09:20,38.4,1089,63% (4092 MB free)
20:09:21,38.4,1087,63% (4089 MB free)
20:09:22,38.4,1114,64% (4086 MB free)
20:09:23,38.4,1093,64% (4084 MB free)
20:09:24,38.4,1125,64% (4083 MB free)
20:09:25,38.4,1084,64% (4082 MB free)
20:09:26,38.4,1085,64% (4078 MB free)
20:09:27,38.4,1091,64% (4076 MB free)
20:09:28,38.4,1145,64% (4075 MB free)
20:09:29,38.4,1149,64% (4074 MB free)
20:09:30,38.4,1103,64% (4073 MB free)
20:09:31,38.4,1149,64% (4072 MB free)
20:09:32,38.4,1114,64% (4069 MB free)
20:09:33,38.4,1091,64% (4068 MB free)
20:09:34,38.4,1212,64% (4067 MB free)
20:09:35,38.4,1096,64% (4066 MB free)
20:09:36,38.4,1110,64% (4064 MB free)
20:09:37,38.4,1113,64% (4062 MB free)
20:09:38,38.4,1097,64% (4060 MB free)
20:09:39,38.4,1120,64% (4070 MB free)
20:09:40,38.4,1094,64% (4068 MB free)
20:09:41,38.4,1029,64% (4067 MB free)
20:09:42,38.4,1105,64% (4065 MB free)
20:09:43,38.4,1091,64% (4065 MB free)
20:09:44,38.4,1153,64% (4063 MB free)
20:09:45,38.4,1041,64% (4063 MB free)
20:09:46,38.4,1029,64% (4060 MB free)
20:09:47,38.4,1059,64% (4059 MB free)
20:09:48,38.4,1105,64% (4057 MB free)
20:09:49,38.4,1126,64% (4056 MB free)
20:09:50,38.4,1067,63% (4104 MB free)
20:09:51,38.4,1076,63% (4102 MB free)
20:09:52,38.4,1123,63% (4099 MB free)
20:09:53,38.4,1100,63% (4097 MB free)
20:09:54,38.4,1141,63% (4096 MB free)
20:09:56,38.4,1107,63% (4092 MB free)
20:09:57,38.4,1084,63% (4089 MB free)
20:09:58,38.4,1139,64% (4088 MB free)
20:09:59,38.4,1156,64% (4087 MB free)
20:10:00,38.4,1186,64% (4085 MB free)
20:10:01,38.4,1096,64% (4082 MB free)
20:10:02,38.4,1090,64% (4082 MB free)
20:10:03,38.4,1167,64% (4081 MB free)
20:10:04,38.4,1167,64% (4080 MB free)
20:10:05,38.4,1252,64% (4080 MB free)
20:10:06,38.4,1214,64% (4078 MB free)
20:10:07,38.4,1211,64% (4077 MB free)
20:10:08,38.4,1069,64% (4077 MB free)
20:10:09,38.4,1142,64% (4077 MB free)
20:10:10,38.4,1065,64% (4076 MB free)
20:10:11,38.4,1019,64% (4076 MB free)
20:10:12,38.4,1063,64% (4075 MB free)
20:10:13,38.4,1121,64% (4072 MB free)
20:10:14,38.4,1243,64% (4072 MB free)
20:10:15,38.4,1201,64% (4072 MB free)
20:10:16,38.4,1125,64% (4072 MB free)
20:10:17,38.4,1257,64% (4072 MB free)
20:10:18,38.4,1196,64% (4071 MB free)
20:10:19,38.4,1150,64% (4069 MB free)
20:10:20,38.4,1240,64% (4069 MB free)
20:10:21,38.4,1105,64% (4067 MB free)
20:10:22,38.4,1188,64% (4062 MB free)
20:10:23,38.4,840,64% (4060 MB free)
20:10:24,38.4,1329,64% (4060 MB free)
20:10:25,38.4,1329,64% (4058 MB free)
20:10:26,38.4,1297,64% (4055 MB free)
20:10:27,38.4,1297,64% (4053 MB free)
20:10:28,38.4,1315,64% (4058 MB free)
20:10:29,38.4,1316,64% (4053 MB free)
20:10:30,38.6,1264,64% (4048 MB free)
20:10:31,38.6,980,64% (4044 MB free)
20:10:32,38.6,1179,63% (4090 MB free)
20:10:33,38.6,1276,64% (4084 MB free)
20:10:34,38.6,1270,64% (4081 MB free)
20:10:35,38.6,1233,64% (4074 MB free)
20:10:36,38.6,1196,64% (4076 MB free)
20:10:37,38.6,526,64% (4069 MB free)
20:10:38,38.6,928,64% (4068 MB free)
20:10:39,38.6,1015,64% (4068 MB free)
20:10:40,38.6,1271,63% (4128 MB free)
20:10:41,38.6,562,63% (4126 MB free)
20:10:42,38.6,1125,63% (4124 MB free)
20:10:43,38.6,1219,63% (4121 MB free)
20:10:44,38.6,1006,63% (4122 MB free)
20:10:45,38.6,801,63% (4120 MB free)
20:10:46,38.6,784,63% (4119 MB free)
20:10:47,38.6,833,63% (4118 MB free)
20:10:48,38.6,898,63% (4118 MB free)
20:10:49,38.6,787,63% (4110 MB free)
20:10:50,38.6,885,63% (4109 MB free)
20:10:51,38.6,826,63% (4108 MB free)
20:10:52,38.6,1249,63% (4107 MB free)
20:10:53,38.6,1283,63% (4115 MB free)
20:10:54,38.6,1331,63% (4130 MB free)
20:10:56,38.6,1267,63% (4128 MB free)
20:10:57,38.6,1267,63% (4127 MB free)
20:10:58,38.6,1312,63% (4125 MB free)
20:10:59,38.6,1388,63% (4123 MB free)
20:11:00,38.6,1323,63% (4121 MB free)
20:11:01,38.6,1293,63% (4120 MB free)
20:11:02,38.6,1287,63% (4119 MB free)
20:11:03,38.6,1295,63% (4117 MB free)
20:11:04,38.6,1318,63% (4115 MB free)
20:11:05,38.6,1325,63% (4115 MB free)
20:11:06,38.6,1223,63% (4113 MB free)
20:11:07,38.6,1318,63% (4111 MB free)
20:11:08,38.6,1321,63% (4109 MB free)
20:11:09,38.6,1215,63% (4109 MB free)
20:11:10,38.6,1261,63% (4107 MB free)
20:11:11,38.6,1241,63% (4106 MB free)
20:11:12,38.6,1285,63% (4104 MB free)
20:11:13,38.6,1288,63% (4102 MB free)
20:11:14,38.6,1264,63% (4099 MB free)
20:11:15,38.6,1259,63% (4099 MB free)
20:11:16,38.6,1240,63% (4096 MB free)
20:11:17,38.6,1272,63% (4095 MB free)
20:11:18,38.6,1192,63% (4092 MB free)
20:11:19,38.6,1290,63% (4089 MB free)
20:11:20,38.6,1285,64% (4087 MB free)
20:11:21,38.6,1299,64% (4086 MB free)
20:11:22,38.6,1299,64% (4084 MB free)
20:11:23,38.6,1199,64% (4083 MB free)
20:11:24,38.6,1144,64% (4082 MB free)
20:11:25,38.6,978,64% (4081 MB free)
20:11:26,38.6,719,64% (4080 MB free)
20:11:27,38.6,1206,64% (4079 MB free)
20:11:28,38.6,1133,64% (4079 MB free)
20:11:29,38.6,1089,64% (4079 MB free)
20:11:30,38.6,1100,64% (4077 MB free)
20:11:31,38.6,1165,64% (4077 MB free)
20:11:32,38.6,1073,64% (4076 MB free)
20:11:33,38.6,1010,64% (4074 MB free)
20:11:34,38.6,1086,64% (4073 MB free)
20:11:35,38.6,992,64% (4068 MB free)
20:11:36,38.6,1218,64% (4066 MB free)
20:11:37,38.6,1181,64% (4064 MB free)
20:11:38,38.6,1162,64% (4064 MB free)
20:11:39,38.6,1122,64% (4062 MB free)
20:11:40,38.6,1095,64% (4061 MB free)
20:11:41,38.6,1040,64% (4060 MB free)
20:11:42,38.6,1079,64% (4059 MB free)
20:11:43,38.6,1057,64% (4058 MB free)
20:11:44,38.6,1118,64% (4057 MB free)
20:11:45,38.6,1128,64% (4056 MB free)
20:11:46,38.6,1073,64% (4056 MB free)
20:11:47,38.6,1146,64% (4056 MB free)
20:11:48,38.6,1113,64% (4055 MB free)
20:11:49,38.6,1127,64% (4054 MB free)
20:11:50,38.6,1109,64% (4053 MB free)
20:11:51,38.6,1046,64% (4053 MB free)
20:11:53,38.6,1030,64% (4052 MB free)
20:11:54,38.6,1128,64% (4049 MB free)
20:11:55,38.6,1199,64% (4048 MB free)
20:11:56,38.6,1168,64% (4046 MB free)
20:11:57,38.6,1207,64% (4045 MB free)
20:11:58,38.6,1268,64% (4042 MB free)
20:11:59,38.6,1290,64% (4041 MB free)
20:12:00,38.6,1182,64% (4036 MB free)
20:12:01,38.6,1118,64% (4035 MB free)
20:12:02,38.6,788,64% (4033 MB free)
20:12:03,38.6,646,64% (4084 MB free)
20:12:04,38.6,665,64% (4083 MB free)
20:12:05,38.6,1165,64% (4083 MB free)
20:12:06,38.6,1163,64% (4078 MB free)
20:12:07,38.6,1233,64% (4077 MB free)
20:12:08,38.6,1123,64% (4076 MB free)
20:12:09,38.6,980,64% (4073 MB free)
20:12:10,38.6,994,64% (4070 MB free)
20:12:11,38.6,1027,64% (4070 MB free)
20:12:12,38.6,661,64% (4069 MB free)
20:12:13,38.6,671,64% (4068 MB free)
20:12:14,38.6,712,64% (4067 MB free)
20:12:15,38.6,953,64% (4067 MB free)
20:12:16,38.6,898,64% (4072 MB free)
20:12:17,38.6,1313,64% (4070 MB free)
20:12:18,38.6,1276,64% (4068 MB free)
20:12:19,38.6,1303,64% (4065 MB free)
20:12:20,38.6,1288,64% (4064 MB free)
20:12:21,38.6,1177,64% (4061 MB free)
20:12:22,38.6,1204,64% (4060 MB free)
20:12:23,38.6,1292,64% (4066 MB free)
20:12:24,38.6,1272,64% (4064 MB free)
20:12:25,38.6,1225,64% (4062 MB free)
20:12:26,38.6,1263,64% (4060 MB free)
20:12:27,38.6,1327,64% (4056 MB free)
20:12:28,38.6,1288,64% (4052 MB free)
20:12:29,38.6,1268,64% (4051 MB free)
20:12:30,38.6,1213,64% (4046 MB free)
20:12:31,38.6,1117,64% (4044 MB free)
20:12:32,38.6,1261,64% (4040 MB free)
20:12:33,38.6,1122,64% (4038 MB free)
20:12:34,38.6,1096,64% (4038 MB free)
20:12:35,38.6,1168,64% (4037 MB free)
20:12:36,38.6,1124,64% (4034 MB free)
20:12:37,38.6,1090,64% (4075 MB free)
20:12:38,38.6,1135,64% (4074 MB free)
20:12:39,38.6,1135,64% (4071 MB free)
20:12:40,38.6,1116,64% (4066 MB free)
20:12:41,38.6,1041,64% (4065 MB free)
20:12:42,38.6,870,64% (4059 MB free)
20:12:43,38.6,683,64% (4058 MB free)
20:12:44,38.6,779,64% (4058 MB free)
20:12:45,38.6,1093,64% (4058 MB free)
20:12:46,38.6,1088,64% (4057 MB free)
20:12:47,38.6,1084,64% (4056 MB free)
20:12:48,38.6,1100,64% (4054 MB free)
20:12:49,38.6,1143,64% (4054 MB free)
20:12:50,38.6,1113,64% (4053 MB free)
20:12:51,38.6,1098,64% (4053 MB free)
20:12:53,38.6,1100,64% (4053 MB free)
20:12:54,38.6,1064,64% (4052 MB free)
20:12:55,38.6,1099,64% (4050 MB free)
20:12:56,38.6,1080,64% (4051 MB free)
20:12:57,38.6,1040,64% (4051 MB free)
20:12:58,38.6,1066,64% (4049 MB free)
20:12:59,38.6,1118,64% (4049 MB free)
20:13:00,38.6,1133,64% (4050 MB free)
20:13:01,38.6,1178,64% (4050 MB free)
20:13:02,38.6,1082,64% (4049 MB free)
20:13:03,38.6,1082,64% (4049 MB free)
20:13:04,38.6,1068,64% (4048 MB free)
20:13:05,38.6,1123,64% (4047 MB free)
20:13:06,38.6,1071,64% (4044 MB free)
20:13:07,38.6,1068,64% (4044 MB free)
20:13:08,38.6,1084,64% (4043 MB free)
20:13:09,38.6,1074,64% (4043 MB free)
20:13:10,38.6,1101,64% (4042 MB free)
20:13:11,38.6,1066,64% (3977 MB free)
20:13:12,38.6,1384,65% (3928 MB free)
20:13:13,38.6,1206,64% (3980 MB free)
20:13:14,38.9,1295,65% (3952 MB free)
20:13:15,38.9,1272,65% (3934 MB free)
20:13:16,38.9,1138,65% (3931 MB free)
20:13:17,38.9,1287,65% (3894 MB free)
20:13:18,38.9,1428,65% (3879 MB free)
20:13:19,38.9,1333,65% (3878 MB free)
20:13:20,38.9,1155,65% (3878 MB free)
20:13:21,38.9,1141,65% (3872 MB free)
20:13:22,38.9,1147,65% (3871 MB free)
20:13:23,38.9,1217,65% (3864 MB free)
20:13:24,38.9,1163,66% (3860 MB free)
20:13:25,38.9,1260,65% (3907 MB free)
20:13:26,38.9,1174,65% (3907 MB free)
20:13:27,38.9,1195,65% (3901 MB free)
20:13:28,38.9,1201,65% (3898 MB free)
20:13:30,38.9,1163,66% (3851 MB free)
20:13:31,38.9,1279,66% (3773 MB free)
20:13:32,38.9,1248,66% (3854 MB free)
20:13:33,38.9,1118,53% (5244 MB free)
20:13:34,38.9,1086,54% (5149 MB free)
20:13:35,38.9,1295,55% (5021 MB free)
20:13:36,38.9,1002,56% (4890 MB free)
20:13:37,38.9,615,57% (4798 MB free)
20:13:38,38.9,687,57% (4792 MB free)
20:13:39,38.9,558,57% (4790 MB free)
20:13:40,38.9,664,57% (4789 MB free)
20:13:41,38.9,625,58% (4754 MB free)
20:13:42,38.9,620,59% (4555 MB free)
20:13:43,38.9,714,59% (4547 MB free)
20:13:44,38.9,983,59% (4551 MB free)
20:13:45,38.9,941,59% (4551 MB free)
20:13:46,38.9,1020,59% (4550 MB free)
20:13:47,38.9,940,59% (4549 MB free)
20:13:48,38.9,959,59% (4549 MB free)
20:13:49,38.9,964,59% (4548 MB free)
20:13:50,38.9,937,59% (4547 MB free)
20:13:51,38.9,872,59% (4591 MB free)
20:13:52,38.9,901,59% (4557 MB free)
20:13:53,38.9,1452,60% (4507 MB free)
20:13:54,38.9,1428,59% (4548 MB free)
20:13:55,39.1,1005,60% (4538 MB free)
20:13:56,39.1,1120,60% (4532 MB free)
20:13:57,39.1,831,60% (4526 MB free)
20:13:58,39.1,909,60% (4436 MB free)
20:13:59,39.1,807,61% (4418 MB free)
20:14:00,39.1,1004,61% (4344 MB free)
20:14:01,39.1,1071,61% (4338 MB free)
20:14:02,39.1,809,61% (4333 MB free)
20:14:03,39.1,973,61% (4318 MB free)
20:14:04,39.1,958,62% (4300 MB free)
20:14:05,38.8,1007,62% (4312 MB free)
20:14:06,38.8,962,62% (4293 MB free)
20:14:07,38.8,967,62% (4279 MB free)
20:14:08,38.8,959,62% (4270 MB free)
20:14:09,38.8,954,62% (4220 MB free)
20:14:10,38.8,1031,62% (4261 MB free)
20:14:11,38.8,1265,62% (4237 MB free)
20:14:12,38.8,1216,62% (4233 MB free)
20:14:13,38.8,1225,62% (4222 MB free)
20:14:14,38.8,1246,62% (4218 MB free)
20:14:15,38.8,1078,62% (4213 MB free)
20:14:16,38.8,1012,62% (4235 MB free)
20:14:17,38.8,1367,62% (4242 MB free)
20:14:18,38.8,821,62% (4219 MB free)
20:14:19,38.8,1125,62% (4203 MB free)
20:14:20,38.8,787,63% (4181 MB free)
20:14:21,38.8,636,63% (4178 MB free)
20:14:22,38.8,616,63% (4141 MB free)
20:14:23,38.8,675,63% (4110 MB free)
20:14:24,38.8,928,63% (4112 MB free)
20:14:25,38.8,708,63% (4110 MB free)
20:14:26,38.8,1129,63% (4089 MB free)
20:14:27,38.8,1123,64% (4062 MB free)
20:14:28,38.8,830,64% (4048 MB free)
20:14:29,38.8,891,64% (4047 MB free)
20:14:30,38.8,689,64% (4038 MB free)
20:14:31,38.8,670,64% (4033 MB free)
20:14:32,38.8,1086,64% (4028 MB free)
20:14:33,38.8,1127,64% (4025 MB free)
20:14:34,38.8,1103,64% (4022 MB free)
20:14:35,38.8,1095,64% (4019 MB free)
20:14:37,38.8,1074,64% (4014 MB free)
20:14:38,38.8,1061,64% (4011 MB free)
20:14:39,38.8,1088,64% (4010 MB free)
20:14:40,38.8,1067,64% (4007 MB free)
20:14:41,38.8,1028,64% (4005 MB free)
20:14:42,38.8,1088,64% (3999 MB free)
20:14:43,38.8,1176,64% (3997 MB free)
20:14:44,38.8,1144,64% (4039 MB free)
20:14:45,38.8,1218,64% (4037 MB free)
20:14:46,38.8,1164,64% (4017 MB free)
20:14:47,38.8,1080,64% (4014 MB free)
20:14:48,38.8,1129,64% (4013 MB free)
20:14:49,38.8,1075,64% (4012 MB free)
20:14:50,38.8,1071,64% (4011 MB free)
20:14:51,38.8,1122,64% (4009 MB free)
20:14:52,38.8,1083,64% (4007 MB free)
20:14:53,38.8,1085,64% (4005 MB free)
20:14:54,38.8,1078,64% (4001 MB free)
20:14:55,38.8,1064,64% (4017 MB free)
20:14:56,38.8,810,64% (4040 MB free)
20:14:57,38.8,1110,64% (4037 MB free)
20:14:58,38.8,1148,64% (4034 MB free)
20:14:59,38.8,1106,64% (4033 MB free)
20:15:00,38.8,1112,64% (4033 MB free)
20:15:01,38.8,1112,64% (4032 MB free)
20:15:02,38.8,1109,64% (4032 MB free)
20:15:03,38.8,1061,64% (4031 MB free)
20:15:04,38.8,1067,64% (4029 MB free)
20:15:05,38.8,1118,64% (4028 MB free)
20:15:06,38.8,1140,64% (4025 MB free)
20:15:07,38.8,1115,64% (4024 MB free)
20:15:08,38.8,1084,64% (4023 MB free)
20:15:09,38.8,1128,64% (4022 MB free)
20:15:10,38.8,1088,64% (4020 MB free)
20:15:11,38.8,1102,64% (4020 MB free)
20:15:12,38.8,1097,64% (4019 MB free)
20:15:13,38.8,1117,64% (4018 MB free)
20:15:14,38.8,1120,64% (4016 MB free)
20:15:15,38.8,1189,64% (4015 MB free)
20:15:16,38.8,1054,64% (4013 MB free)
20:15:17,38.8,1076,63% (4094 MB free)
20:15:18,38.8,1110,63% (4093 MB free)
20:15:19,38.8,1183,63% (4093 MB free)
20:15:20,38.8,1117,63% (4092 MB free)
20:15:21,38.8,1101,63% (4091 MB free)
20:15:22,38.8,1093,63% (4091 MB free)
20:15:23,38.8,1077,63% (4089 MB free)
20:15:24,38.8,1085,64% (4088 MB free)
20:15:25,38.8,1044,64% (4088 MB free)
20:15:26,38.8,1002,64% (4088 MB free)
20:15:27,38.8,1047,64% (4088 MB free)
20:15:28,38.8,1124,64% (4085 MB free)
20:15:29,38.8,1121,64% (4084 MB free)
20:15:30,38.8,1090,64% (4082 MB free)
20:15:31,38.8,1167,64% (4083 MB free)
20:15:32,38.8,1106,64% (4082 MB free)
20:15:33,38.8,1121,64% (4080 MB free)
20:15:34,38.8,1066,64% (4077 MB free)
20:15:35,38.8,1211,64% (4077 MB free)
20:15:36,38.8,1109,64% (4077 MB free)
20:15:37,38.8,1095,64% (4076 MB free)
20:15:38,38.8,1144,64% (4076 MB free)
20:15:40,38.8,1153,64% (4075 MB free)
20:15:41,38.8,1035,64% (4076 MB free)
20:15:42,38.8,774,64% (4035 MB free)
20:15:43,38.8,722,64% (4034 MB free)
20:15:44,38.8,711,64% (4033 MB free)
20:15:45,38.8,674,64% (4032 MB free)
20:15:46,38.8,645,64% (4031 MB free)
20:15:47,38.8,648,64% (4032 MB free)
20:15:48,38.8,633,64% (4031 MB free)
20:15:49,38.8,708,64% (4030 MB free)
20:15:50,38.8,661,64% (4030 MB free)
20:15:51,38.8,609,64% (4031 MB free)
20:15:52,38.8,615,64% (4033 MB free)
20:15:53,38.8,698,64% (4030 MB free)
20:15:54,38.8,713,64% (4029 MB free)
20:15:55,38.8,707,64% (4028 MB free)
20:15:56,38.8,651,64% (4026 MB free)
20:15:57,38.8,774,64% (4027 MB free)
20:15:58,38.8,676,64% (4037 MB free)
20:15:59,38.8,754,64% (4036 MB free)
20:16:00,38.8,669,64% (4036 MB free)
20:16:01,38.8,717,64% (4035 MB free)
20:16:02,38.8,693,64% (4034 MB free)
20:16:03,38.8,682,64% (4034 MB free)
20:16:04,38.8,694,64% (4033 MB free)
20:16:05,38.8,602,64% (4032 MB free)
20:16:06,38.8,553,64% (4032 MB free)
20:16:07,38.8,471,64% (4032 MB free)
20:16:08,38.8,475,64% (4031 MB free)
20:16:09,38.8,585,64% (4031 MB free)
20:16:10,38.8,599,64% (4030 MB free)
20:16:11,38.8,632,64% (4029 MB free)
20:16:12,38.8,635,64% (4028 MB free)
20:16:13,38.8,663,64% (4027 MB free)
20:16:14,38.8,697,64% (4026 MB free)
20:16:15,38.8,601,64% (4026 MB free)
20:16:16,38.8,675,64% (4068 MB free)
20:16:17,38.8,511,63% (4105 MB free)
20:16:18,38.8,862,63% (4094 MB free)
20:16:19,38.8,898,63% (4089 MB free)
20:16:20,38.8,1097,64% (4086 MB free)
20:16:21,38.8,1095,64% (4084 MB free)
20:16:22,38.8,973,64% (4080 MB free)
20:16:23,38.8,1006,64% (4061 MB free)
20:16:24,38.8,1326,63% (4105 MB free)
20:16:25,38.8,1020,63% (4104 MB free)
20:16:26,38.8,981,63% (4103 MB free)
20:16:27,38.8,1066,63% (4102 MB free)
20:16:28,38.8,1011,63% (4097 MB free)
20:16:29,38.8,930,63% (4095 MB free)
20:16:30,38.8,710,64% (4087 MB free)
20:16:31,38.8,1010,64% (4079 MB free)
20:16:32,38.8,667,64% (4075 MB free)
20:16:33,38.8,1227,64% (4073 MB free)
20:16:34,38.8,1152,64% (4070 MB free)
20:16:35,38.8,1193,64% (4067 MB free)
20:16:36,38.8,1197,64% (4046 MB free)
20:16:37,38.8,1177,64% (4038 MB free)
20:16:38,38.8,974,64% (4036 MB free)
20:16:39,38.8,877,64% (4033 MB free)
20:16:40,38.8,1269,64% (4024 MB free)
20:16:41,38.8,1063,64% (4063 MB free)
20:16:42,38.8,1108,64% (4058 MB free)
20:16:43,38.8,1125,64% (4047 MB free)
20:16:44,38.8,1154,64% (4046 MB free)
20:16:45,38.8,1088,64% (4041 MB free)
20:16:46,38.8,1124,64% (4032 MB free)
20:16:47,38.8,1347,64% (4010 MB free)
20:16:49,38.8,1356,64% (3987 MB free)
20:16:50,38.8,1331,64% (4007 MB free)
20:16:51,38.8,1314,64% (4005 MB free)
20:16:52,38.8,1241,64% (4002 MB free)
20:16:53,38.8,1151,64% (3991 MB free)
20:16:54,38.8,1247,65% (3957 MB free)
20:16:55,38.8,764,65% (3953 MB free)
20:16:56,38.8,878,65% (3948 MB free)
20:16:57,38.8,692,65% (3945 MB free)
20:16:58,38.8,1228,65% (3966 MB free)
20:16:59,38.8,1189,65% (3970 MB free)
20:17:00,38.8,768,65% (3967 MB free)
20:17:01,38.8,679,65% (3965 MB free)
20:17:02,38.8,710,65% (3965 MB free)
20:17:03,38.8,639,65% (3941 MB free)
20:17:04,38.8,917,65% (3900 MB free)
20:17:05,38.8,1068,65% (3899 MB free)
20:17:06,38.8,754,65% (3898 MB free)
20:17:07,38.8,630,65% (3896 MB free)
20:17:08,38.8,629,65% (3893 MB free)
20:17:09,38.8,601,65% (3892 MB free)
20:17:10,38.8,794,65% (3887 MB free)
20:17:11,38.8,669,65% (3881 MB free)
20:17:12,38.8,733,65% (3881 MB free)
20:17:13,38.8,664,65% (3880 MB free)
20:17:14,38.8,676,65% (3879 MB free)
20:17:15,38.8,706,65% (3879 MB free)
20:17:16,38.8,658,65% (3878 MB free)
20:17:17,38.8,663,65% (3877 MB free)
20:17:18,38.8,673,65% (3877 MB free)
20:17:19,38.8,657,65% (3876 MB free)
20:17:20,38.8,712,65% (3875 MB free)
20:17:21,38.8,652,65% (3874 MB free)
20:17:22,38.8,665,65% (3873 MB free)
20:17:23,38.8,656,65% (3866 MB free)
20:17:24,38.8,722,65% (3864 MB free)
20:17:25,38.8,769,65% (3863 MB free)
20:17:26,38.8,686,65% (3863 MB free)
20:17:27,38.8,659,65% (3862 MB free)
20:17:28,38.8,752,65% (3863 MB free)
20:17:29,38.8,725,65% (3863 MB free)
20:17:30,38.8,600,65% (3862 MB free)
20:17:31,38.8,753,65% (3862 MB free)
20:17:32,38.8,754,65% (3862 MB free)
20:17:33,38.8,648,66% (3861 MB free)
20:17:34,38.8,785,66% (3860 MB free)
20:17:35,38.8,702,66% (3859 MB free)
20:17:36,38.8,665,66% (3858 MB free)
20:17:37,38.8,671,66% (3858 MB free)
20:17:38,38.8,708,65% (3893 MB free)
20:17:39,38.8,879,65% (3893 MB free)
20:17:40,38.8,780,65% (3892 MB free)
20:17:41,38.8,814,65% (3889 MB free)
20:17:42,38.8,828,65% (3876 MB free)
20:17:43,38.8,995,66% (3759 MB free)
20:17:44,38.8,823,67% (3701 MB free)
20:17:45,38.8,892,67% (3679 MB free)
20:17:46,38.8,909,68% (3603 MB free)
20:17:47,38.8,1166,68% (3549 MB free)
20:17:48,38.8,872,69% (3492 MB free)
20:17:49,38.8,1364,69% (3462 MB free)
20:17:50,38.8,1262,69% (3457 MB free)
20:17:51,38.8,1255,69% (3451 MB free)
20:17:52,38.8,1261,69% (3449 MB free)
20:17:53,38.8,1149,69% (3445 MB free)
20:17:54,38.8,1232,69% (3429 MB free)
20:17:55,38.8,1149,69% (3429 MB free)
20:17:57,38.8,1252,69% (3425 MB free)
20:17:58,38.8,1181,69% (3426 MB free)
20:17:59,38.8,1163,69% (3426 MB free)
20:18:00,38.8,1091,69% (3441 MB free)
20:18:01,38.8,849,69% (3430 MB free)
20:18:02,38.8,935,69% (3430 MB free)
20:18:03,38.8,739,69% (3424 MB free)
20:18:04,38.8,1320,69% (3421 MB free)
20:18:05,38.8,1201,69% (3420 MB free)
20:18:06,38.8,1250,69% (3420 MB free)
20:18:07,38.8,1218,69% (3418 MB free)
20:18:08,38.8,1153,69% (3418 MB free)
20:18:09,38.8,1189,69% (3415 MB free)
20:18:10,38.8,1292,69% (3409 MB free)
20:18:11,38.8,1173,70% (3404 MB free)
20:18:12,38.8,1202,70% (3400 MB free)
20:18:13,38.8,1128,70% (3399 MB free)
20:18:14,38.8,1104,70% (3394 MB free)
20:18:15,38.8,1094,70% (3393 MB free)
20:18:16,38.8,994,70% (3391 MB free)
20:18:17,38.8,1066,70% (3390 MB free)
20:18:18,38.8,1019,70% (3345 MB free)
20:18:19,38.8,1234,70% (3338 MB free)
20:18:20,38.8,1090,70% (3332 MB free)
20:18:21,38.8,1034,70% (3332 MB free)
20:18:22,38.8,1124,70% (3327 MB free)
20:18:23,38.8,1214,70% (3321 MB free)
20:18:24,38.8,1257,70% (3321 MB free)
20:18:25,38.8,1126,70% (3319 MB free)
20:18:26,38.8,1099,70% (3322 MB free)
20:18:27,38.8,1124,70% (3323 MB free)
20:18:28,38.8,1046,70% (3321 MB free)
20:18:29,38.8,1087,70% (3322 MB free)
20:18:30,38.8,1078,70% (3321 MB free)
20:18:31,38.8,1092,70% (3325 MB free)
20:18:32,38.8,1120,70% (3322 MB free)
20:18:33,38.8,1089,70% (3320 MB free)
20:18:34,38.8,1097,70% (3326 MB free)
20:18:35,38.8,1152,70% (3326 MB free)
20:18:36,38.8,1056,70% (3324 MB free)
20:18:37,38.8,1088,70% (3323 MB free)
20:18:38,38.8,1044,70% (3322 MB free)
20:18:39,38.8,1032,70% (3321 MB free)
20:18:40,38.8,1047,70% (3320 MB free)
20:18:41,38.8,1085,70% (3319 MB free)
20:18:42,38.8,1081,70% (3316 MB free)
20:18:43,38.8,1097,70% (3314 MB free)
20:18:44,38.8,1195,70% (3321 MB free)
20:18:45,38.8,1202,70% (3318 MB free)
20:18:46,38.8,1042,70% (3315 MB free)
20:18:47,38.8,1087,70% (3317 MB free)
20:18:48,38.8,1034,70% (3317 MB free)
20:18:49,38.8,1131,70% (3316 MB free)
20:18:50,38.8,1044,70% (3315 MB free)
20:18:51,38.8,1159,70% (3308 MB free)
20:18:52,38.8,593,70% (3299 MB free)
20:18:53,38.8,971,71% (3281 MB free)
20:18:54,38.8,813,71% (3278 MB free)
20:18:55,38.8,862,71% (3275 MB free)
20:18:56,38.8,809,71% (3273 MB free)
20:18:57,38.8,845,71% (3274 MB free)
20:18:58,38.8,819,71% (3277 MB free)
20:18:59,38.8,865,71% (3275 MB free)
20:19:00,38.8,842,71% (3274 MB free)
20:19:01,38.8,877,71% (3273 MB free)
20:19:02,38.8,1002,71% (3268 MB free)
20:19:03,38.8,805,71% (3231 MB free)
20:19:04,38.8,742,71% (3241 MB free)
20:19:05,38.8,997,71% (3234 MB free)
20:19:06,38.8,937,71% (3233 MB free)
20:19:08,38.8,771,71% (3194 MB free)
20:19:09,38.8,1368,71% (3200 MB free)
20:19:10,38.8,1402,71% (3196 MB free)
20:19:11,38.8,1334,71% (3190 MB free)
20:19:12,38.8,1323,71% (3186 MB free)
20:19:13,38.8,1240,71% (3184 MB free)
20:19:14,38.8,1232,71% (3183 MB free)
20:19:15,38.8,1224,71% (3180 MB free)
20:19:16,38.8,1273,72% (3177 MB free)
20:19:17,38.8,1234,72% (3175 MB free)
20:19:18,38.8,1157,72% (3173 MB free)
20:19:19,38.8,1110,71% (3219 MB free)
20:19:20,38.8,1391,71% (3208 MB free)
20:19:21,38.8,975,71% (3203 MB free)
20:19:22,38.3,606,71% (3202 MB free)
20:19:23,38.3,1085,71% (3202 MB free)
20:19:24,38.3,1067,71% (3201 MB free)
20:19:25,38.3,1088,71% (3201 MB free)
20:19:26,38.3,1127,71% (3200 MB free)
20:19:27,38.3,1121,71% (3199 MB free)
20:19:28,38.3,1134,71% (3196 MB free)
20:19:29,38.3,1233,71% (3194 MB free)
20:19:30,38.3,1108,71% (3191 MB free)
20:19:31,38.3,1142,71% (3191 MB free)
20:19:32,38.3,1103,71% (3184 MB free)
20:19:33,38.3,1243,71% (3184 MB free)
20:19:34,38.3,1154,71% (3182 MB free)
20:19:35,38.3,1072,71% (3183 MB free)
20:19:36,38.3,1088,71% (3183 MB free)
20:19:37,38.3,1061,71% (3183 MB free)
20:19:38,38.3,1069,71% (3182 MB free)
20:19:39,38.3,1170,71% (3180 MB free)
20:19:40,38.3,1099,71% (3180 MB free)
20:19:41,38.3,1086,72% (3179 MB free)
20:19:42,38.3,1215,71% (3244 MB free)
20:19:43,38.3,1126,71% (3243 MB free)
20:19:44,38.3,1072,71% (3240 MB free)
20:19:45,38.3,1086,71% (3240 MB free)
20:19:46,38.3,1057,71% (3240 MB free)
20:19:47,38.3,1144,71% (3243 MB free)
20:19:48,38.3,1274,71% (3243 MB free)
20:19:49,38.3,1083,71% (3243 MB free)
20:19:50,38.3,1113,71% (3242 MB free)
20:19:51,38.3,1108,71% (3241 MB free)
20:19:52,38.3,1111,71% (3241 MB free)
20:19:53,38.3,1074,71% (3240 MB free)
20:19:54,38.3,1072,71% (3240 MB free)
20:19:55,38.3,1073,71% (3238 MB free)
20:19:56,38.3,1109,71% (3237 MB free)
20:19:57,38.3,1183,71% (3237 MB free)
20:19:58,38.3,1120,71% (3237 MB free)
20:19:59,38.3,1051,71% (3236 MB free)
20:20:00,38.3,1082,71% (3236 MB free)
20:20:01,38.3,1111,71% (3235 MB free)
20:20:02,38.3,1079,71% (3233 MB free)
20:20:03,38.3,1062,71% (3233 MB free)
20:20:04,38.3,1110,71% (3230 MB free)
20:20:05,38.3,1069,71% (3229 MB free)
20:20:06,38.3,1051,71% (3203 MB free)
20:20:07,38.3,1103,72% (3174 MB free)
20:20:08,38.3,1156,72% (3174 MB free)
20:20:09,38.3,1091,72% (3174 MB free)
20:20:11,38.3,1114,72% (3173 MB free)
20:20:12,38.3,1090,72% (3173 MB free)
20:20:13,38.3,1140,72% (3172 MB free)
20:20:14,38.3,1056,72% (3172 MB free)
20:20:15,38.3,1132,72% (3171 MB free)
20:20:16,38.3,1056,72% (3168 MB free)
20:20:17,38.3,1178,72% (3168 MB free)
20:20:18,38.3,1083,72% (3167 MB free)
20:20:19,38.3,1073,71% (3225 MB free)
20:20:20,38.3,1076,71% (3223 MB free)
20:20:21,38.3,1098,71% (3218 MB free)
20:20:22,38.3,1207,71% (3218 MB free)
20:20:23,38.3,1093,71% (3218 MB free)
20:20:24,38.3,1111,71% (3216 MB free)
20:20:25,38.3,1082,71% (3215 MB free)
20:20:26,38.3,1105,71% (3215 MB free)
20:20:27,38.3,1117,71% (3211 MB free)
20:20:28,38.3,1163,71% (3210 MB free)
20:20:29,38.3,1135,71% (3196 MB free)
20:20:30,38.3,706,71% (3191 MB free)
20:20:31,38.3,900,71% (3186 MB free)
20:20:32,38.3,761,72% (3173 MB free)
20:20:33,38.3,1005,72% (3164 MB free)
20:20:34,38.3,801,72% (3162 MB free)
20:20:35,38.3,912,72% (3161 MB free)
20:20:36,38.3,828,72% (3160 MB free)
20:20:37,38.3,859,72% (3157 MB free)
20:20:38,38.3,795,72% (3157 MB free)
20:20:39,38.3,635,72% (3156 MB free)
20:20:40,38.3,707,72% (3155 MB free)
20:20:41,38.3,609,72% (3155 MB free)
20:20:42,38.3,791,72% (3150 MB free)
20:20:43,38.3,714,72% (3147 MB free)
20:20:44,38.3,698,72% (3142 MB free)
20:20:45,38.3,762,72% (3139 MB free)
20:20:46,38.3,762,72% (3138 MB free)
20:20:47,38.3,633,72% (3137 MB free)
20:20:48,38.3,696,72% (3136 MB free)
20:20:49,38.3,703,72% (3134 MB free)
20:20:50,38.3,822,72% (3133 MB free)
20:20:51,38.3,690,71% (3187 MB free)
20:20:52,38.3,851,71% (3185 MB free)
20:20:53,38.3,673,72% (3175 MB free)
20:20:54,38.3,756,72% (3172 MB free)
20:20:55,38.3,705,72% (3170 MB free)
20:20:56,38.3,810,72% (3166 MB free)
20:20:57,38.3,791,72% (3165 MB free)
20:20:58,38.3,781,72% (3163 MB free)
20:20:59,38.3,837,72% (3161 MB free)
20:21:00,38.3,754,72% (3158 MB free)
20:21:01,38.3,808,72% (3154 MB free)
20:21:02,38.3,679,72% (3154 MB free)
20:21:03,38.3,720,72% (3150 MB free)
20:21:04,38.3,795,72% (3149 MB free)
20:21:05,38.3,1241,72% (3150 MB free)
20:21:06,38.3,1054,72% (3150 MB free)
20:21:07,38.3,1123,72% (3149 MB free)
20:21:08,38.3,1107,72% (3148 MB free)
20:21:09,38.3,1119,72% (3146 MB free)
20:21:10,38.3,1257,72% (3145 MB free)
20:21:11,38.3,1271,72% (3143 MB free)
20:21:12,38.3,1259,72% (3140 MB free)
20:21:13,38.3,1247,72% (3139 MB free)
20:21:14,38.3,1225,72% (3137 MB free)
20:21:16,38.3,1231,72% (3135 MB free)
20:21:17,38.3,1242,72% (3133 MB free)
20:21:18,38.3,1236,72% (3133 MB free)
20:21:19,38.3,1270,72% (3130 MB free)
20:21:20,38.3,1156,72% (3129 MB free)
20:21:21,38.3,1112,72% (3129 MB free)
20:21:22,38.3,1064,72% (3128 MB free)
20:21:23,38.3,1210,72% (3127 MB free)
20:21:24,38.3,1182,72% (3125 MB free)
20:21:25,38.3,1214,72% (3122 MB free)
20:21:26,38.3,1191,72% (3119 MB free)
20:21:27,38.3,1233,72% (3117 MB free)
20:21:28,38.3,1218,72% (3115 MB free)
20:21:29,38.3,1208,72% (3113 MB free)
20:21:30,38.3,1216,72% (3113 MB free)
20:21:31,38.3,1190,72% (3111 MB free)
20:21:32,38.3,1261,72% (3109 MB free)
20:21:33,38.3,1299,72% (3107 MB free)
20:21:34,38.3,1276,72% (3106 MB free)
20:21:35,38.3,1281,72% (3105 MB free)
20:21:36,38.3,1172,72% (3105 MB free)
20:21:37,38.3,1187,72% (3104 MB free)
20:21:38,38.3,895,72% (3103 MB free)
20:21:39,38.3,1261,72% (3101 MB free)
20:21:40,38.3,1260,72% (3100 MB free)
20:21:41,38.3,1216,72% (3099 MB free)
20:21:42,38.3,1236,72% (3095 MB free)
20:21:43,38.3,1303,72% (3125 MB free)
20:21:44,38.3,1183,72% (3123 MB free)
20:21:45,38.3,1175,72% (3118 MB free)
20:21:46,38.3,1246,72% (3115 MB free)
20:21:47,38.3,1218,72% (3114 MB free)
20:21:48,38.3,1229,72% (3112 MB free)
20:21:49,38.3,1231,72% (3109 MB free)
20:21:50,38.3,1265,72% (3107 MB free)
20:21:51,38.3,1269,72% (3133 MB free)
20:21:52,38.3,1302,72% (3131 MB free)
20:21:53,38.3,1270,72% (3125 MB free)
20:21:54,38.3,1361,72% (3114 MB free)
20:21:55,38.3,1306,72% (3127 MB free)
20:21:56,38.3,1290,72% (3127 MB free)
20:21:57,38.3,1277,72% (3126 MB free)
20:21:58,38.3,1292,72% (3125 MB free)
20:21:59,38.3,1231,72% (3125 MB free)
20:22:00,38.3,1282,72% (3126 MB free)
20:22:01,38.3,1252,72% (3125 MB free)
20:22:02,38.3,1161,72% (3123 MB free)
20:22:03,38.3,874,72% (3122 MB free)
20:22:04,38.3,1089,72% (3121 MB free)
20:22:05,38.3,629,72% (3123 MB free)
20:22:06,38.3,1130,72% (3122 MB free)
20:22:07,38.3,1147,72% (3124 MB free)
20:22:08,38.3,1143,72% (3124 MB free)
20:22:10,38.3,1133,72% (3124 MB free)
20:22:11,38.3,784,72% (3123 MB free)
20:22:12,38.3,611,72% (3122 MB free)
20:22:13,38.3,663,72% (3121 MB free)
20:22:14,38.3,878,72% (3123 MB free)
20:22:15,38.3,851,72% (3123 MB free)
20:22:16,38.3,782,72% (3123 MB free)
20:22:17,38.3,1172,72% (3121 MB free)
20:22:18,38.3,830,72% (3119 MB free)
20:22:19,38.3,799,72% (3120 MB free)
20:22:20,38.3,1059,72% (3118 MB free)
20:22:21,38.3,678,72% (3118 MB free)
20:22:22,38.3,655,72% (3112 MB free)
20:22:23,38.3,725,72% (3111 MB free)
20:22:24,38.3,766,72% (3110 MB free)
20:22:25,38.3,822,72% (3110 MB free)
20:22:26,38.3,714,72% (3119 MB free)
20:22:27,38.3,715,72% (3118 MB free)
20:22:28,38.3,1179,72% (3114 MB free)
20:22:29,38.3,1236,72% (3114 MB free)
20:22:30,38.3,1094,72% (3113 MB free)
20:22:31,38.3,1071,72% (3115 MB free)
20:22:32,38.3,1026,72% (3113 MB free)
20:22:33,38.3,1002,72% (3112 MB free)
20:22:34,38.3,1011,72% (3111 MB free)
20:22:35,38.3,980,72% (3110 MB free)
20:22:36,38.3,1070,72% (3108 MB free)
20:22:37,38.3,803,72% (3108 MB free)
20:22:38,38.3,791,72% (3108 MB free)
20:22:39,38.3,868,72% (3109 MB free)
20:22:40,38.3,661,72% (3107 MB free)
20:22:41,38.3,811,72% (3108 MB free)
20:22:42,38.3,1044,72% (3106 MB free)
20:22:43,38.3,1068,72% (3105 MB free)
20:22:44,38.3,975,72% (3104 MB free)
20:22:45,38.3,837,72% (3149 MB free)
20:22:46,38.3,918,72% (3143 MB free)
20:22:47,38.3,765,72% (3138 MB free)
20:22:48,38.3,801,72% (3137 MB free)
20:22:49,38.3,1214,72% (3137 MB free)
20:22:50,38.3,1090,72% (3136 MB free)
20:22:51,38.3,729,72% (3136 MB free)
20:22:52,38.3,733,72% (3135 MB free)
20:22:53,38.3,703,72% (3134 MB free)
20:22:54,38.3,736,72% (3135 MB free)
20:22:55,38.3,820,72% (3136 MB free)
20:22:56,38.3,854,72% (3135 MB free)
20:22:57,38.3,735,72% (3135 MB free)
20:22:58,38.3,730,72% (3134 MB free)
20:22:59,38.3,701,72% (3132 MB free)
20:23:00,38.3,676,72% (3132 MB free)
20:23:01,38.3,699,72% (3131 MB free)
20:23:02,38.3,676,72% (3129 MB free)
20:23:03,38.3,679,72% (3127 MB free)
20:23:04,38.3,1119,71% (3191 MB free)
20:23:05,38.3,1226,71% (3191 MB free)
20:23:06,38.3,1133,71% (3189 MB free)
20:23:07,38.3,669,71% (3191 MB free)
20:23:08,38.3,691,71% (3190 MB free)
20:23:09,38.3,1212,71% (3189 MB free)
20:23:10,38.3,644,71% (3189 MB free)
20:23:11,38.3,669,71% (3189 MB free)
20:23:12,38.3,1079,71% (3190 MB free)
20:23:13,38.3,1153,71% (3190 MB free)
20:23:14,38.3,639,71% (3189 MB free)
20:23:15,38.3,704,71% (3188 MB free)
20:23:16,38.3,695,71% (3188 MB free)
20:23:18,38.3,633,71% (3188 MB free)
20:23:19,38.3,622,71% (3189 MB free)
20:23:20,38.3,1202,71% (3189 MB free)
20:23:21,38.3,671,71% (3189 MB free)
20:23:22,38.3,691,71% (3188 MB free)
20:23:23,38.3,692,71% (3186 MB free)
20:23:24,38.3,604,71% (3186 MB free)
20:23:25,38.3,725,71% (3198 MB free)
20:23:26,38.3,685,71% (3198 MB free)
20:23:27,38.3,760,71% (3197 MB free)
20:23:28,38.3,738,71% (3197 MB free)
20:23:29,38.3,690,71% (3196 MB free)
20:23:30,38.3,662,71% (3195 MB free)
20:23:31,38.3,653,71% (3194 MB free)
20:23:32,38.3,664,71% (3194 MB free)
20:23:33,38.3,644,71% (3193 MB free)
20:23:34,38.3,650,71% (3192 MB free)
20:23:35,38.3,578,71% (3192 MB free)
20:23:36,38.3,699,71% (3191 MB free)
20:23:37,38.3,577,71% (3191 MB free)
20:23:38,37.9,675,71% (3191 MB free)
20:23:39,37.9,1176,71% (3191 MB free)
20:23:40,37.9,650,71% (3192 MB free)
20:23:41,37.9,945,71% (3192 MB free)
20:23:42,37.9,692,71% (3189 MB free)
20:23:43,37.9,638,71% (3191 MB free)
20:23:44,37.9,902,71% (3190 MB free)
20:23:45,37.9,674,71% (3189 MB free)
20:23:46,37.9,657,71% (3188 MB free)
20:23:47,37.9,1137,71% (3188 MB free)
20:23:48,37.9,862,71% (3188 MB free)
20:23:49,37.9,574,71% (3186 MB free)
20:23:50,37.9,629,71% (3185 MB free)
20:23:51,37.9,614,71% (3185 MB free)
20:23:52,37.9,613,71% (3184 MB free)
20:23:53,37.9,1169,71% (3183 MB free)
20:23:54,37.9,1144,71% (3182 MB free)
20:23:55,37.9,621,71% (3181 MB free)
20:23:56,37.9,691,72% (3179 MB free)
20:23:57,37.9,1194,72% (3178 MB free)
20:23:58,37.9,1095,72% (3173 MB free)
20:23:59,37.9,1140,72% (3171 MB free)
20:24:00,37.9,863,72% (3170 MB free)
20:24:01,37.9,1217,72% (3170 MB free)
20:24:02,37.9,1224,72% (3166 MB free)
20:24:03,37.9,841,72% (3164 MB free)
20:24:04,37.9,685,72% (3163 MB free)
20:24:05,37.9,821,72% (3162 MB free)
20:24:06,37.9,756,72% (3161 MB free)
20:24:07,37.9,660,72% (3159 MB free)
20:24:08,37.9,744,72% (3158 MB free)
20:24:09,37.9,719,72% (3156 MB free)
20:24:10,37.9,668,72% (3155 MB free)
20:24:11,37.9,653,72% (3154 MB free)
20:24:12,37.9,786,72% (3154 MB free)
20:24:13,37.9,717,72% (3148 MB free)
20:24:14,37.9,1159,72% (3148 MB free)
20:24:15,37.9,1120,72% (3147 MB free)
20:24:16,37.9,1109,72% (3146 MB free)
20:24:17,37.9,1233,72% (3140 MB free)
20:24:18,37.9,590,72% (3139 MB free)
20:24:19,37.9,550,72% (3138 MB free)
20:24:20,37.9,541,72% (3138 MB free)
20:24:21,37.9,534,72% (3137 MB free)
20:24:22,37.9,642,72% (3136 MB free)
20:24:23,37.9,640,72% (3135 MB free)
20:24:24,37.9,534,71% (3201 MB free)
20:24:26,37.9,538,71% (3198 MB free)
20:24:27,37.9,549,71% (3202 MB free)
20:24:28,37.9,1094,71% (3201 MB free)
20:24:29,37.9,912,71% (3199 MB free)
20:24:30,37.9,834,71% (3193 MB free)
20:24:31,37.9,785,72% (3177 MB free)
20:24:32,37.9,662,71% (3229 MB free)
20:24:33,37.9,1572,71% (3236 MB free)
20:24:34,37.9,1105,70% (3314 MB free)
20:24:35,37.9,1180,70% (3361 MB free)
20:24:36,37.9,679,70% (3359 MB free)
20:24:37,37.9,653,70% (3357 MB free)
20:24:38,37.9,608,70% (3356 MB free)
20:24:39,37.9,619,70% (3355 MB free)
20:24:40,37.9,785,70% (3352 MB free)
20:24:41,37.9,616,70% (3351 MB free)
20:24:42,37.9,659,70% (3347 MB free)
20:24:43,37.9,777,70% (3371 MB free)
20:24:44,37.9,900,70% (3370 MB free)
20:24:45,37.9,639,70% (3332 MB free)
20:24:46,37.9,693,70% (3339 MB free)
20:24:47,37.9,1141,70% (3339 MB free)
20:24:48,37.9,1138,70% (3338 MB free)
20:24:49,37.9,1198,70% (3336 MB free)
20:24:50,37.9,1204,70% (3332 MB free)
20:24:51,37.9,840,70% (3331 MB free)
20:24:52,37.9,643,70% (3329 MB free)
20:24:53,37.9,712,70% (3328 MB free)
20:24:54,37.9,622,70% (3326 MB free)
20:24:55,37.9,934,70% (3325 MB free)
20:24:56,37.9,1123,70% (3324 MB free)
20:24:57,37.9,1150,70% (3324 MB free)
20:24:58,37.9,1144,70% (3324 MB free)
20:24:59,37.9,664,70% (3313 MB free)
20:25:00,37.9,1344,70% (3371 MB free)
20:25:01,37.9,1245,56% (4893 MB free)
20:25:02,37.9,1176,52% (5434 MB free)
20:25:03,37.9,866,52% (5424 MB free)
20:25:04,37.9,500,52% (5376 MB free)
20:25:05,37.9,529,52% (5367 MB free)
20:25:06,37.9,508,52% (5366 MB free)
20:25:07,37.9,281,52% (5366 MB free)
20:25:08,37.9,317,53% (5324 MB free)
20:25:09,37.9,341,53% (5311 MB free)
20:25:10,37.9,280,53% (5311 MB free)
20:25:11,37.9,351,53% (5319 MB free)
